Prey,Categories_general
Ablabesmyia,Invertebrate
Ablabesmyia,Invertebrate
Ablabesmyia,Invertebrate
Ablabesmyia,Invertebrate
Acari,Invertebrate
Acari,Invertebrate
Acari,Invertebrate
Acari,Invertebrate
Acari,Invertebrate
Acari,Invertebrate
Acari,Invertebrate
Acari,Invertebrate
Acari,Invertebrate
Acari,Invertebrate
Acari,Invertebrate
Acari,Invertebrate
Acari,Invertebrate
Acari,Invertebrate
Acari,Invertebrate
Acari,Invertebrate
Acari,Invertebrate
Acari,Invertebrate
Acari,Invertebrate
Acari,Invertebrate
Acari,Invertebrate
Acari,Invertebrate
Acari,Invertebrate
Acari,Invertebrate
Acari,Invertebrate
Acari,Invertebrate
Acari,Invertebrate
Acari,Invertebrate
Acari,Invertebrate
Acari,Invertebrate
Acaridae,Invertebrate
Acaridae,Invertebrate
Acaridae,Invertebrate
Acaridae,Invertebrate
Acaridae,Invertebrate
Acaridae,Invertebrate
Acaridae,Invertebrate
Acaridae,Invertebrate
Acaridae,Invertebrate
Acaridae,Invertebrate
Acaridae,Invertebrate
Acaridae,Invertebrate
Acaridae,Invertebrate
Acaridae,Invertebrate
Acaridae,Invertebrate
Acariformes,Invertebrate
Acariformes,Invertebrate
Acariformes,Invertebrate
Acestrorhynchidae,Fish
Acestrorhynchus lacustris,Fish
Acestrorhynchus lacustris,Fish
Acestrorhynchus sp.,Fish
Acestrorhynchus spp.,Fish
Acestrorhynchus spp.,Fish
Acestrorhynchus spp.,Fish
Acestrorhynchus spp.,Fish
Acetes americanus,Invertebrate
Acetes americanus,Invertebrate
Acetes americanus,Invertebrate
Acetes americanus,Invertebrate
Achnantidium sp.,Algae
Achnantidium sp.,Algae
Achnantidium sp.,Algae
Achnantidium sp.,Algae
Achnantidium sp.,Algae
Achnantidium sp.,Algae
Actinastrum sp.,Algae
Actinastrum sp.,Algae
Actinastrum sp.,Algae
Actinopterygii,Fish
Actinopterygii,Fish
Actinopterygii,Fish
Actinopterygii,Fish
Actinopterygii,Fish
Actinopterygii,Fish
Actinopterygii,Fish
Actinopterygii,Fish
Actinopterygii,Fish
Actinopterygii,Fish
Actinopterygii,Fish
Actinopterygii,Fish
Actinopterygii,Fish
Actinopterygii,Fish
Actinopterygii,Fish
Actinopterygii,Fish
Actinopterygii,Fish
Actinopterygii,Fish
Actinopterygii,Fish
Actinopterygii bits,Fish
Actinopterygii bits,Fish
Actinopterygii bits,Fish
Actinopterygii bits,Fish
Actinopterygii bits,Fish
Actinopterygii bits,Fish
Actinopterygii bits,Fish
Actinopterygii bits,Fish
Actinopterygii bits,Fish
Actinopterygii bits,Fish
Actinopterygii bits,Fish
Actinopterygii bits,Fish
Actinopterygii bits,Fish
Actinopterygii bits,Fish
Actinopterygii bits,Fish
Actinopterygii bits,Fish
Actinopterygii bits,Fish
Actinopterygii bits,Fish
Actinopterygii fragment,Fish
Actinopterygii fragment,Fish
Actinopterygii fragment,Fish
Actinopterygii fragment,Fish
Actinopterygii fragment,Fish
Actinopterygii NI,Fish
Actinopterygii NI,Fish
Actinopterygii NI,Fish
Adult Chironomidae,Invertebrate
Adult Chironomidae,Invertebrate
Adult Chironomidae,Invertebrate
Aeshnidae,Invertebrate
Aeshnidae,Invertebrate
Albunea paretti,Invertebrate
Albunea paretti,Invertebrate
Albunea paretti,Invertebrate
Albunea paretti,Invertebrate
Albunea sp.,Invertebrate
Albunea sp.,Invertebrate
Albunea sp.,Invertebrate
Albunea sp.,Invertebrate
Algae,Algae
Algae,Algae
Algae,Algae
Algae,Algae
Algae,Algae
Algae,Algae
Algae,Algae
Algae,Algae
Algae,Algae
Algae,Algae
Algae,Algae
Algae,Algae
Algae,Algae
Algae,Algae
Algae,Algae
Algae,Algae
Algae,Algae
Algae,Algae
Algae,Algae
Algae,Algae
Algae,Algae
Algae,Algae
Algae,Algae
Algae,Algae
Algae,Algae
Algae,Algae
Algae,Algae
Algae,Algae
Algae,Algae
Algae,Algae
Algae,Algae
Algae,Algae
Algae,Algae
Algae,Algae
Algae,Algae
Algae,Algae
Algae,Algae
Algae,Algae
Algae,Algae
Algae,Algae
Algae,Algae
Algae,Algae
Algae,Algae
Algae,Algae
Algae,Algae
Algae,Algae
Algae,Algae
Algae,Algae
Algae,Algae
Algae,Algae
Algae,Algae
Algae,Algae
Algae,Algae
Algae,Algae
Algae,Algae
Algae,Algae
Algae,Algae
Algae,Algae
Algae,Algae
Algae,Algae
Algae,Algae
Algae,Algae
Algae,Algae
Algae,Algae
Algae,Algae
Algae,Algae
Algae,Algae
Algae,Algae
Algae,Algae
Algae,Algae
Algae,Algae
Algae,Algae
Algae,Algae
Algae,Algae
Algae,Algae
Algae,Algae
Algae,Algae
Algae,Algae
Algae,Algae
Algae,Algae
Algae,Algae
Algae,Algae
Algae,Algae
Algae,Algae
Algae,Algae
Algae,Algae
Algae,Algae
Algae,Algae
Algae,Algae
Algae,Algae
Algae,Algae
Algae,Algae
Algae,Algae
Algae,Algae
Algae,Algae
Algae,Algae
Algae,Algae
Algae,Algae
Algae,Algae
Algae,Algae
Algae,Algae
Algae,Algae
Algae,Algae
Algae,Algae
Algae,Algae
Algae,Algae
Algae,Algae
Algae,Algae
Algae,Algae
Algae,Algae
Algae,Algae
Algae,Algae
Algae,Algae
Algae,Algae
Algae,Algae
Algae,Algae
Algae,Algae
Algae,Algae
Algae,Algae
Algae,Algae
Algae,Algae
Algae,Algae
Algae,Algae
Algae,Algae
Algae,Algae
Algae,Algae
Algae,Algae
Algae,Algae
Algae,Algae
Algae,Algae
Algae,Algae
Algae,Algae
Algae,Algae
Algae,Algae
Algae,Algae
Algae,Algae
Algae,Algae
Algae,Algae
Algae,Algae
Algae,Algae
Algae,Algae
Algae,Algae
Algae,Algae
Algae,Algae
Algae,Algae
Algae,Algae
Algae,Algae
Algae,Algae
Algae,Algae
Algae,Algae
Algae,Algae
Algae,Algae
Algae,Algae
Algae,Algae
Algae,Algae
Algae,Algae
Algae,Algae
Algae,Algae
Algae,Algae
Algae,Algae
Algae,Algae
Algae,Algae
Algae,Algae
Algae,Algae
Algae,Algae
Algae,Algae
Algae,Algae
Algae,Algae
Algae,Algae
Algae,Algae
Algae,Algae
Algae,Algae
Algae,Algae
Algae,Algae
Algae,Algae
Algae,Algae
Algae,Algae
Algae,Algae
Algae,Algae
Algae,Algae
Algae,Algae
Algae,Algae
Algae,Algae
Algae,Algae
Algae,Algae
Algae,Algae
Algae,Algae
Algae,Algae
Algae,Algae
Algae,Algae
Algae,Algae
Algae,Algae
Algae,Algae
Algae,Algae
Algae,Algae
Algae,Algae
Algae,Algae
Algae,Algae
Algae,Algae
Algae,Algae
Algae,Algae
Algae,Algae
Algae,Algae
Algae,Algae
Algae,Algae
Algae,Algae
Algae,Algae
Algae,Algae
Algae,Algae
Algae,Algae
Algae,Algae
Algae,Algae
Algae,Algae
Algae,Algae
Algae,Algae
Algae,Algae
Algae,Algae
Algae,Algae
Algae,Algae
Algae,Algae
Algae,Algae
Algae,Algae
Algae,Algae
Algae,Algae
Algae,Algae
Algae,Algae
Algae,Algae
Algae,Algae
Algae,Algae
Algae,Algae
Algae,Algae
Algae,Algae
Algae,Algae
Algae,Algae
Algae,Algae
Algae,Algae
Algae,Algae
Algae,Algae
Algae,Algae
Algae,Algae
Algae,Algae
Algae,Algae
Algae,Algae
Algae,Algae
Algae,Algae
Algae,Algae
Algae,Algae
Algae,Algae
Algae,Algae
Algae,Algae
Algae,Algae
Algae,Algae
Algae,Algae
Algae,Algae
Algae,Algae
Algae,Algae
Algae,Algae
Algae,Algae
Algae,Algae
Algae,Algae
Algae,Algae
Algae,Algae
Algae,Algae
Algae,Algae
Algae,Algae
Algae,Algae
Algae,Algae
Algae,Algae
Algae,Algae
Algae,Algae
Algae,Algae
Algae,Algae
Algae,Algae
Algae,Algae
Algae,Algae
Algae,Algae
Algae,Algae
Algae,Algae
Algae,Algae
Algae,Algae
Algae (filamentous),Algae
Algae (filamentous),Algae
Algae 1,Algae
Algae 1,Algae
Algae 1,Algae
Algae 1,Algae
Algae 1,Algae
Algae 1,Algae
Algae 1,Algae
Algae 1,Algae
Algae 1,Algae
Algae 1,Algae
Algae 1,Algae
Algae 1,Algae
Algae 1,Algae
Algae 1,Algae
Algae 1,Algae
Algae 1,Algae
Algae 1,Algae
Algae 1,Algae
Algae 2,Algae
Algae 2,Algae
Algae 2,Algae
Algae 2,Algae
Algae 2,Algae
Algae 2,Algae
Algas filamentosas,Algae
Algas filamentosas,Algae
Algas filamentosas,Algae
Ampelisca sp.,Invertebrate
Ampelisca sp.,Invertebrate
Ampelisca sp.,Invertebrate
Ampelisca sp.,Invertebrate
Amphipoda,Invertebrate
Amphipoda,Invertebrate
Amphipoda,Invertebrate
Amphipoda,Invertebrate
Amphipoda,Invertebrate
Amphipoda,Invertebrate
Amphipoda,Invertebrate
Amphipoda,Invertebrate
Amphipoda,Invertebrate
Amphipoda,Invertebrate
Amphipoda,Invertebrate
Amphipoda,Invertebrate
Amphipoda,Invertebrate
Amphipoda,Invertebrate
Amphipoda,Invertebrate
Amphipoda,Invertebrate
Amphipoda,Invertebrate
Amphipoda,Invertebrate
Amphipoda,Invertebrate
Amphipoda,Invertebrate
Amphipoda,Invertebrate
Amphipoda,Invertebrate
Amphora,Algae
Amphora sp.,Algae
Amphora sp.,Algae
Amphora sp.,Algae
Amphora sp.,Algae
Amphora sp.,Algae
Amphora sp.,Algae
Amphora sp.,Algae
Amphora sp.,Algae
Amphora sp.,Algae
Amphypoda,Invertebrate
Amphypoda,Invertebrate
Amphypoda,Invertebrate
Amphypoda,Invertebrate
Amphypoda,Invertebrate
Amphypoda,Invertebrate
Amphypoda,Invertebrate
Amphypoda,Invertebrate
Amphypoda,Invertebrate
Amphypoda,Invertebrate
Amphypoda,Invertebrate
Amphypoda,Invertebrate
Amphypoda,Invertebrate
Amphypoda,Invertebrate
Amphypoda,Invertebrate
Amphypoda,Invertebrate
Amphypoda,Invertebrate
Amphypoda,Invertebrate
Amphypoda,Invertebrate
Amphypoda,Invertebrate
Amphypoda,Invertebrate
Anabaena,Algae
Anabaena sp.,Algae
Anabaena sp.,Algae
Anabaena sp.,Algae
Anabaena sp.,Algae
Anabaena sp.,Algae
Anabaena sp.,Algae
Anchoviella lepidentostole,Fish
Anchoviella lepidentostole,Fish
Anchoviella lepidentostole,Fish
Anchoviella lepidentostole,Fish
Anchoviella lepidentostole,Fish
Anchoviella lepidentostole,Fish
Anchoviella lepidentostole,Fish
Anchoviella lepidentostole,Fish
Anchoviella lepidentostole,Fish
Anchoviella lepidentostole,Fish
Anchoviella lepidentostole,Fish
Anchoviella sp.,Fish
Anchoviella sp.,Fish
Anchoviella sp.,Fish
Anchoviella sp.,Fish
Anchoviella sp.,Fish
Anchoviella sp.,Fish
Anchoviella sp.,Fish
Anchoviella sp.,Fish
Anchoviella sp.,Fish
Anchoviella sp.,Fish
Anchoviella sp.,Fish
Anchoviella vaillanti,Fish
Anchoviella vaillanti,Fish
Anchoviella vaillanti,Fish
Anchoviella vaillanti,Fish
Anchoviella vaillanti,Fish
Anchoviella vaillanti,Fish
Anchoviella vaillanti,Fish
Anchoviella vaillanti,Fish
Anchoviella vaillanti,Fish
Anchoviella vaillanti,Fish
Anchoviella vaillanti,Fish
Anchoviella vaillanti,Fish
Anchoviella vaillanti,Fish
Anchoviella vaillanti,Fish
Anchoviella vaillanti,Fish
Anchoviella vaillanti,Fish
Anchoviella vaillanti,Fish
Anchoviella vaillanti,Fish
Anchoviella vaillanti,Fish
Anchoviella vaillanti,Fish
Anchoviella vaillanti,Fish
Anchoviella vaillanti,Fish
Anchoviella vaillanti,Fish
Anchoviella vaillanti,Fish
Anchoviella vaillanti,Fish
Anchoviella vaillanti,Fish
Anchoviella vaillanti,Fish
Anchoviella vaillanti,Fish
Anchoviella vaillanti,Fish
Ancylidae,Invertebrate
Ancylidae,Invertebrate
Ancylostoma duodenale,Invertebrate
Ancylostoma duodenale,Invertebrate
Ancylostoma duodenale,Invertebrate
Ancylostoma duodenale,Invertebrate
Anelídeos,Invertebrate
Anelídeos,Invertebrate
Anelídeos,Invertebrate
Anelídeos,Invertebrate
Anelídeos,Invertebrate
anfíbios,Other
anfíbios,Other
anfíbios,Other
anfíbios,Other
anfíbios,Other
anfíbios,Other
anfíbios,Other
anfíbios,Other
anfíbios,Other
anfíbios,Other
anfíbios,Other
anfíbios,Other
Anguilliformes,Fish
Anguilliformes,Fish
Anguilliformes,Fish
Anguilliformes,Fish
animal fragment,Other
animal fragment,Other
animal fragment,Other
animal fragment,Other
animal fragment,Other
animal fragment,Other
animal matter,Other
animal matter,Other
animal tissue,Other
animal tissue,Other
animal tissue,Other
animal tissue,Other
animal tissue,Other
animal tissue,Other
animal tissue,Other
animal tissue,Other
animal tissue,Other
animal tissue,Other
animal tissue,Other
animal tissue,Other
animal tissue,Other
animal tissue,Other
animal tissue,Other
animal tissue,Other
animal tissue,Other
animal tissue,Other
animal tissue,Other
animal tissue,Other
animal tissue,Other
animal tissue,Other
animal tissue,Other
animal tissue,Other
animal tissue,Other
animal tissue,Other
animal tissue,Other
animal tissue,Other
animal tissue,Other
animal tissue,Other
animal tissue,Other
animal tissue,Other
animal tissue,Other
animal tissue,Other
animal tissue,Other
animal tissue,Other
animal tissue,Other
animal tissue,Other
animal tissue,Other
animal tissue,Other
animal tissue,Other
animal tissue,Other
Animal tissue,Other
Animal tissue,Other
Anisoptera,Invertebrate
Anisoptera,Invertebrate
Anisoptera,Invertebrate
Anisoptera,Invertebrate
Anisoptera,Invertebrate
Anisoptera,Invertebrate
Anisoptera,Invertebrate
Anisoptera,Invertebrate
Anisoptera,Invertebrate
Anisoptera,Invertebrate
Anisoptera,Invertebrate
Anisoptera,Invertebrate
Anisoptera,Invertebrate
Anisoptera,Invertebrate
Anisoptera,Invertebrate
Anisoptera,Invertebrate
Anisoptera,Invertebrate
Anisoptera,Invertebrate
Anisoptera,Invertebrate
Anisoptera,Invertebrate
Anisoptera,Invertebrate
Anisoptera,Invertebrate
Anisoptera,Invertebrate
Anisoptera,Invertebrate
Anisoptera (Ninfa),Invertebrate
Anisoptera (Ninfa),Invertebrate
Ankistrodemus convolutus,Algae
Ankistrodemus convolutus,Algae
Ankistrodemus convolutus,Algae
Ankistrodemus convolutus,Algae
Ankistrodemus convolutus,Algae
Ankistrodemus convolutus,Algae
Ankistrodesmus falcatus,Algae
Ankistrodesmus falcatus,Algae
Ankistrodesmus falcatus,Algae
Ankistrodesmus falcatus,Algae
Ankistrodesmus falcatus,Algae
Ankistrodesmus falcatus,Algae
Ankistrodesmus falcatus,Algae
Ankistrodesmus falcatus,Algae
Ankistrodesmus falcatus,Algae
Ankistrodesmus spiralis,Algae
Ankistrodesmus spiralis,Algae
Ankistrodesmus spiralis,Algae
Annelida,Invertebrate
Annelida,Invertebrate
Annelida,Invertebrate
Annelida,Invertebrate
Anostomidae,Fish
anther,Plant
anther,Plant
anther,Plant
Aphanocapsa sp.,Algae
Aphanocapsa sp.,Algae
Aphanocapsa sp.,Algae
Apidae,Invertebrate
Apidae,Invertebrate
Apidae,Invertebrate
Aquatic Coleoptera,Invertebrate
aquatic insect,Invertebrate
aquatic insect,Invertebrate
aquatic insect,Invertebrate
aquatic insect,Invertebrate
aquatic insect,Invertebrate
aquatic insect,Invertebrate
aquatic insect,Invertebrate
aquatic insect,Invertebrate
aquatic insect,Invertebrate
aquatic insect,Invertebrate
aquatic insect,Invertebrate
aquatic insect,Invertebrate
aquatic insect,Invertebrate
aquatic insect,Invertebrate
aquatic insect,Invertebrate
aquatic insect,Invertebrate
aquatic insect,Invertebrate
aquatic insect,Invertebrate
aquatic insect,Invertebrate
aquatic insect,Invertebrate
aquatic insect,Invertebrate
aquatic insect,Invertebrate
aquatic insect,Invertebrate
aquatic insect,Invertebrate
aquatic insect,Invertebrate
aquatic insect,Invertebrate
Aquatic insect,Invertebrate
Aquatic insect,Invertebrate
Aquatic insect,Invertebrate
Aquatic insect,Invertebrate
Aquatic insect,Invertebrate
Aquatic insect,Invertebrate
Aquatic insect,Invertebrate
Aquatic insect,Invertebrate
Aquatic insect,Invertebrate
Aquatic insect,Invertebrate
Aquatic insect,Invertebrate
Aquatic insect,Invertebrate
Aquatic insect,Invertebrate
Aquatic insect,Invertebrate
Aquatic insect,Invertebrate
Aquatic insect,Invertebrate
Aquatic insect,Invertebrate
Aquatic insect,Invertebrate
Aquatic insect,Invertebrate
aquatic insect,Invertebrate
aquatic insect,Invertebrate
aquatic insect,Invertebrate
aquatic insect,Invertebrate
aquatic insect,Invertebrate
aquatic insect,Invertebrate
aquatic insect,Invertebrate
aquatic insect,Invertebrate
aquatic insect,Invertebrate
aquatic insect,Invertebrate
aquatic insect,Invertebrate
aquatic insect,Invertebrate
aquatic insect,Invertebrate
aquatic insect,Invertebrate
aquatic insect,Invertebrate
aquatic insect,Invertebrate
aquatic insect,Invertebrate
aquatic insect,Invertebrate
aquatic insect,Invertebrate
aquatic insect,Invertebrate
aquatic insect,Invertebrate
aquatic insect,Invertebrate
aquatic insect,Invertebrate
aquatic insect,Invertebrate
aquatic insect,Invertebrate
aquatic insect,Invertebrate
aquatic insect,Invertebrate
aquatic insect,Invertebrate
aquatic insect,Invertebrate
aquatic insect,Invertebrate
aquatic insect,Invertebrate
aquatic insect,Invertebrate
aquatic insect,Invertebrate
aquatic insect,Invertebrate
aquatic insect,Invertebrate
aquatic insect,Invertebrate
aquatic insect,Invertebrate
aquatic insect,Invertebrate
aquatic insect,Invertebrate
aquatic insect,Invertebrate
aquatic insect,Invertebrate
aquatic insect,Invertebrate
aquatic insect,Invertebrate
aquatic insect,Invertebrate
aquatic insect,Invertebrate
aquatic insect,Invertebrate
aquatic insect,Invertebrate
aquatic insect,Invertebrate
Aquatic Insect,Invertebrate
Aquatic Insect,Invertebrate
Aquatic Insect,Invertebrate
Aquatic Insect,Invertebrate
Aquatic Insect,Invertebrate
Aquatic Insect,Invertebrate
Aquatic Insect,Invertebrate
Aquatic Insect,Invertebrate
Aquatic Insect,Invertebrate
Aquatic Insect,Invertebrate
Aquatic Insect,Invertebrate
Aquatic Insect,Invertebrate
Aquatic Insect,Invertebrate
Aquatic Insect,Invertebrate
Aquatic Insect,Invertebrate
Aquatic Insect,Invertebrate
Aquatic Insect,Invertebrate
Aquatic Insect,Invertebrate
Aquatic Insect,Invertebrate
aquatic Invertebrate,Invertebrate
aquatic Invertebrate,Invertebrate
aquatic Invertebrate,Invertebrate
aquatic Invertebrate,Invertebrate
aquatic Invertebrate,Invertebrate
aquatic Invertebrate,Invertebrate
aquatic Invertebrate,Invertebrate
aquatic Invertebrate,Invertebrate
aquatic Invertebrate,Invertebrate
aquatic Invertebrate,Invertebrate
aquatic Invertebrate,Invertebrate
aquatic Invertebrate,Invertebrate
aquatic Invertebrate,Invertebrate
aquatic Invertebrate,Invertebrate
aquatic Invertebrate,Invertebrate
aquatic Invertebrate,Invertebrate
aquatic Invertebrate,Invertebrate
aquatic Invertebrate,Invertebrate
aquatic Invertebrate,Invertebrate
aquatic Invertebrate,Invertebrate
aquatic Invertebrate,Invertebrate
aquatic Invertebrate,Invertebrate
Aquatic macrophytes,Plant
Aquatic macrophytes,Plant
Aquatic macrophytes,Plant
Aquatic macrophytes,Plant
Aquatic macrophytes,Plant
Aquatic macrophytes,Plant
Aquatic macrophytes,Plant
Aquatic mite,Invertebrate
Aquatic mite,Invertebrate
Aquatic mite,Invertebrate
Aquatic mite,Invertebrate
Aquatic mite,Invertebrate
Aquatic mite,Invertebrate
Aquatic mite,Invertebrate
Aquatic mite,Invertebrate
Aquatic mite,Invertebrate
aquatic vegetal material,Plant
aquatic vegetal material,Plant
aquatic vegetal material,Plant
aquatic vegetal material,Plant
aquatic vegetal material,Plant
aquatic vegetal material,Plant
aquatic vegetal material,Plant
aquatic vegetal material,Plant
aquatic vegetal material,Plant
aquatic vegetal material,Plant
aquatic vegetal material,Plant
aquatic vegetal material,Plant
aquatic vegetal material,Plant
aquatic vegetal material,Plant
aquatic vegetal material,Plant
aquatic vegetal material,Plant
aquatic vegetal material,Plant
aquatic vegetal material,Plant
aquatic vegetal material,Plant
Arachnida,Invertebrate
Arachnida,Invertebrate
Arachnida,Invertebrate
Arachnida,Invertebrate
Arachnida,Invertebrate
Arachnida,Invertebrate
Arachnida,Invertebrate
Arachnida,Invertebrate
Arachnida,Invertebrate
Arachnida,Invertebrate
Arachnida,Invertebrate
Arachnida,Invertebrate
Arachnida,Invertebrate
Arachnida,Invertebrate
Arachnida,Invertebrate
Arachnida,Invertebrate
Arachnida,Invertebrate
Arachnida,Invertebrate
Arachnida,Invertebrate
Arachnida,Invertebrate
Arachnida,Invertebrate
Arachnida,Invertebrate
Arachnida,Invertebrate
Arachnida,Invertebrate
Arachnida,Invertebrate
Arachnida,Invertebrate
Arachnida,Invertebrate
Arachnida,Invertebrate
Arachnids,Invertebrate
Arachnids,Invertebrate
Aracnida,Invertebrate
Aracnida,Invertebrate
Aracnida,Invertebrate
Aracnida,Invertebrate
Araneae,Invertebrate
Araneae,Invertebrate
Araneae,Invertebrate
Araneae,Invertebrate
Araneae,Invertebrate
Araneae,Invertebrate
Araneae,Invertebrate
Araneae,Invertebrate
Araneae,Invertebrate
Araneae,Invertebrate
Araneae,Invertebrate
Aranha,Invertebrate
Aranha,Invertebrate
Aranha,Invertebrate
Ariidae,Fish
Ariidae,Fish
Ariidae,Fish
Ariidae,Fish
Arthropoda,Invertebrate
Arthropoda,Invertebrate
arthropoda fragment,Invertebrate
arthropoda fragment,Invertebrate
arthropoda fragment,Invertebrate
Astyanax bimaculatus,Fish
Astyanax bimaculatus,Fish
Astyanax bimaculatus,Fish
Astyanax bimaculatus,Fish
Astyanax fasciatus,Fish
Astyanax fasciatus,Fish
Astyanax fasciatus,Fish
Astyanax fasciatus,Fish
Astyanax fasciatus,Fish
Astyanax fasciatus,Fish
Astyanax lacustris,Fish
Astyanax lacustris,Fish
Astyanax lacustris,Fish
Astyanax lacustris,Fish
Astyanax lacustris,Fish
Astyanax lacustris,Fish
Astyanax sp.,Fish
Astyanax sp.,Fish
Astyanax sp.,Fish
Astyanax sp.,Fish
Astyanax sp.,Fish
Astyanax sp.,Fish
Astyanax sp.,Fish
Astyanax sp.,Fish
Astyanax spp.,Fish
Astyanax spp.,Fish
Astyanax spp.,Fish
Astyanax spp.,Fish
Astyanax spp.,Fish
Astyanax spp.,Fish
Astyanax spp.,Fish
Astyanax spp.,Fish
Astyanax spp.,Fish
Astyanax spp.,Fish
Astyanax spp.,Fish
Astyanax spp.,Fish
Atyidae,Invertebrate
Atyidae,Invertebrate
Atyidae,Invertebrate
Atyidae,Invertebrate
Auchenorrhyncha adult,Invertebrate
Autochthonous,Other
Bacillariophyta,Algae
Bacillariophyta,Algae
Bacillariophyta,Algae
Bacillariophyta,Algae
Bacillariophyta,Algae
Bacillariophyta,Algae
Bacillariophyta,Algae
Bacillariophyta,Algae
Bacillariophyta,Algae
Bacillariophyta,Algae
Bacillariophyta,Algae
Bacillariophyta,Algae
Bacillariophyta,Algae
Bacillariophyta,Algae
Bacillariophyta,Algae
Bacillariophyta,Algae
Bacillariophyta,Algae
Bacillariophyta,Algae
Bacillariophyta,Algae
Bacillariophyta,Algae
Bacillariophyta,Algae
Bacillariophyta,Algae
Bacillariophyta,Algae
Bacillariophyta,Algae
Bacillariophyta,Algae
Bacillariophyta,Algae
Bacillariophyta,Algae
Bacillariophyta,Algae
Bacillariophyta,Algae
Bacillariophyta,Algae
Bacillariophyta,Algae
Bacillariophyta,Algae
Bacillariophyta,Algae
Bacillariophyta,Algae
Bacillariophyta,Algae
Bacillariophyta,Algae
Bacillariophyta,Algae
Bacillariophyta,Algae
Bacillariophyta,Algae
Bacillariophyta,Algae
Bacillariophyta,Algae
Bacillariophyta,Algae
Bacillariophyta,Algae
Bacillariophyta,Algae
Bacillariophyta,Algae
Bacillariophyta,Algae
Bacillariophyta,Algae
Baetidae,Invertebrate
Baetidae,Invertebrate
Baetidae,Invertebrate
Bdelloidea sp.,Invertebrate
Bdelloidea sp.,Invertebrate
Bdelloidea sp.,Invertebrate
Benthic invertebrae,Invertebrate
Benthic invertebrae,Invertebrate
Benthic Invertebrate,Invertebrate
Benthic Invertebrate,Invertebrate
Biomphalaria straminea,Invertebrate
Biomphalaria straminea,Invertebrate
Biomphalaria straminea,Invertebrate
Bivalve,Invertebrate
Bivalve,Invertebrate
Bivalve,Invertebrate
Bivalve,Invertebrate
Bivalve,Invertebrate
Bivalve,Invertebrate
Bivalve,Invertebrate
Bivalve,Invertebrate
Bivalve,Invertebrate
Bivalve,Invertebrate
Bivalve,Invertebrate
Bivalve,Invertebrate
Bivalve,Invertebrate
Bivalve,Invertebrate
Bivalve,Invertebrate
Bivalve,Invertebrate
Bivalve,Invertebrate
Bivalve,Invertebrate
Bivalve,Invertebrate
Bivalve,Invertebrate
Bivalve,Invertebrate
Bivalve,Invertebrate
Bivalve,Invertebrate
Bivalve,Invertebrate
Bivalve,Invertebrate
Bivalve,Invertebrate
Bivalve,Invertebrate
Bivalve,Invertebrate
Bivalve,Invertebrate
Bivalve,Invertebrate
Bivalve,Invertebrate
Bivalve,Invertebrate
Bivalve,Invertebrate
Bivalve,Invertebrate
Bivalve,Invertebrate
Bivalve,Invertebrate
Bivalve,Invertebrate
Bivalve,Invertebrate
Bivalve,Invertebrate
Bivalve,Invertebrate
Bivalve,Invertebrate
Bivalve,Invertebrate
Bivalve,Invertebrate
Bivalve larvae,Invertebrate
Bivalve larvae,Invertebrate
Bivalve larvae,Invertebrate
Bivalvia,Invertebrate
Bivalvia,Invertebrate
Bivalvia,Invertebrate
Bivalvia,Invertebrate
Bivalvia,Invertebrate
Bivalvia,Invertebrate
Bivalvia,Invertebrate
Bivalvia,Invertebrate
Bivalvia,Invertebrate
Bivalvia,Invertebrate
Bivalvia,Invertebrate
Bivalvia,Invertebrate
Bivalvia,Invertebrate
Bivalvia,Invertebrate
Bivalvia,Invertebrate
Bivalvia,Invertebrate
Bivalvia,Invertebrate
Bivalvia,Invertebrate
Bivalvia,Invertebrate
Bivalvia,Invertebrate
Bivalvia,Invertebrate
Bivalvia,Invertebrate
Bivalvia,Invertebrate
Bivalvia,Invertebrate
Bivalvia,Invertebrate
Bivalvia,Invertebrate
Bivalvia,Invertebrate
Bivalvia,Invertebrate
Bivalvia,Invertebrate
Bivalvia,Invertebrate
Bivalvia,Invertebrate
Bivalvia,Invertebrate
Bivalvia,Invertebrate
Bivalvia,Invertebrate
Bivalvia,Invertebrate
Bivalvia,Invertebrate
Bivalvia,Invertebrate
Bivalvia,Invertebrate
Bivalvia,Invertebrate
Bivalvia,Invertebrate
Bivalvia,Invertebrate
Bivalvia,Invertebrate
Bivalvia,Invertebrate
Bivalvia,Invertebrate
Blattodea,Invertebrate
bone fragment,Other
Bosminidae,Invertebrate
Bosminidae,Invertebrate
Bosminidae,Invertebrate
Bosminidae,Invertebrate
Bowmaniella sp.,Invertebrate
Bowmaniella sp.,Invertebrate
Bowmaniella sp.,Invertebrate
Bowmaniella sp.,Invertebrate
Brachyura,Invertebrate
Brachyura,Invertebrate
Brachyura,Invertebrate
Brachyura,Invertebrate
Brachyura,Invertebrate
Brachyura,Invertebrate
Brachyura,Invertebrate
Brachyura,Invertebrate
Brachyura,Invertebrate
Brachyura,Invertebrate
Brachyura,Invertebrate
Brachyura,Invertebrate
Brachyura,Invertebrate
Brachyura,Invertebrate
Brachyura,Invertebrate
Brachyura,Invertebrate
Brachyura,Invertebrate
Brachyura,Invertebrate
Brachyura,Invertebrate
Brachyura,Invertebrate
Brachyura,Invertebrate
Brachyura,Invertebrate
Brachyura,Invertebrate
Brachyura,Invertebrate
Brachyura,Invertebrate
Brachyura,Invertebrate
Brachyura,Invertebrate
Brachyura,Invertebrate
Brachyura,Invertebrate
Brachyura,Invertebrate
Brachyura,Invertebrate
Brachyura,Invertebrate
Brachyura,Invertebrate
Brachyura,Invertebrate
Brachyura,Invertebrate
Brachyura,Invertebrate
Brachyura,Invertebrate
Brachyura,Invertebrate
Brachyura,Invertebrate
Brachyura,Invertebrate
Brachyura,Invertebrate
Brachyura,Invertebrate
Brachyura,Invertebrate
Brachyura,Invertebrate
Brachyura,Invertebrate
Brachyura,Invertebrate
Brachyura,Invertebrate
Brachyura,Invertebrate
Brachyura,Invertebrate
Brachyura,Invertebrate
Brachyura,Invertebrate
Brachyura,Invertebrate
Brachyura,Invertebrate
Brachyura,Invertebrate
Brachyura,Invertebrate
Brachyura,Invertebrate
Brachyura megalopa,Invertebrate
Brachyura megalopa,Invertebrate
Brachyura megalopa,Invertebrate
Brachyura n.i.,Invertebrate
Brachyura n.i.,Invertebrate
Brachyura n.i.,Invertebrate
Brachyura n.i.,Invertebrate
Brachyura zoea,Invertebrate
Brachyura zoea,Invertebrate
Brachyura zoea,Invertebrate
Brachyura zoea,Invertebrate
Brachyura zoea,Invertebrate
Brachyura zoea,Invertebrate
Bruchidae,Invertebrate
Bruchidae,Invertebrate
Bruchidae,Invertebrate
Bruchidae,Invertebrate
Bruchidae,Invertebrate
Bruchidae,Invertebrate
Bryconops affinnis,Fish
Caenogastropoda,Invertebrate
Caenogastropoda,Invertebrate
Caenogastropoda,Invertebrate
Caenogastropoda,Invertebrate
Caenogastropoda,Invertebrate
Calanoida,Invertebrate
Calanoida,Invertebrate
Calanoida,Invertebrate
Calanoida,Invertebrate
Calanoida,Invertebrate
Calanoida,Invertebrate
Calanoida,Invertebrate
Calanoida,Invertebrate
Calanoida,Invertebrate
Calanoida,Invertebrate
Calanoida,Invertebrate
Calanoida,Invertebrate
Calanoida,Invertebrate
Calanoida,Invertebrate
Calanoida,Invertebrate
Calanoida,Invertebrate
Calanoida,Invertebrate
Calanoida,Invertebrate
Calanoida,Invertebrate
Calanoida,Invertebrate
Calanoida,Invertebrate
Calanoida,Invertebrate
Calanoida,Invertebrate
Calanoida,Invertebrate
Calanoida,Invertebrate
Calanoida,Invertebrate
Calanoida,Invertebrate
Calanoida,Invertebrate
Calanoida,Invertebrate
Calanoida,Invertebrate
Calanoida,Invertebrate
Calanoida,Invertebrate
Calanoida,Invertebrate
Calanoida,Invertebrate
Calanoida,Invertebrate
Calanoida,Invertebrate
Calanoida,Invertebrate
Calanoida,Invertebrate
Calanoida,Invertebrate
Calanoida,Invertebrate
Calanoida,Invertebrate
Calanoida,Invertebrate
Calanoida,Invertebrate
Calanoida,Invertebrate
Calanoida,Invertebrate
Calanoida,Invertebrate
Calanoida,Invertebrate
Calanoida,Invertebrate
Calanoida,Invertebrate
Calanoida,Invertebrate
Calanoida,Invertebrate
Calanoida,Invertebrate
Calanoida,Invertebrate
Calanoida,Invertebrate
Calanoida,Invertebrate
Calanoida,Invertebrate
Calanoida,Invertebrate
Calanoida,Invertebrate
Calanoida,Invertebrate
Calanoida,Invertebrate
Calanoida,Invertebrate
Calanoida,Invertebrate
Calanoida,Invertebrate
Calanoida,Invertebrate
Calanoida,Invertebrate
Calanoida,Invertebrate
Calanoida,Invertebrate
Calanoida,Invertebrate
Calanoida,Invertebrate
Calanoida,Invertebrate
Calanoida,Invertebrate
Calanoida,Invertebrate
Calanoida,Invertebrate
Calanoida,Invertebrate
Calanoida,Invertebrate
Calanoida,Invertebrate
Calanoida,Invertebrate
Calanoida,Invertebrate
Calanoida,Invertebrate
Calanoida,Invertebrate
Calanoida,Invertebrate
Calanoida,Invertebrate
Calanoida,Invertebrate
Calanoida,Invertebrate
Calanoida,Invertebrate
Calanoida egg,Invertebrate
Calanoida egg,Invertebrate
Calanoida egg,Invertebrate
Calappidae,Invertebrate
Calappidae,Invertebrate
Calappidae,Invertebrate
Calappidae,Invertebrate
calcified egg,Other
calcified egg,Other
calcified egg,Other
calcified egg,Other
calcified egg,Other
calcified egg,Other
calcified egg,Other
calcified egg,Other
calcified egg,Other
calcified egg,Other
calcified egg,Other
calcified egg,Other
calcified egg,Other
calcified egg,Other
calcified egg,Other
Callianassidae,Invertebrate
Callianassidae,Invertebrate
Callianassidae,Invertebrate
Callianassidae,Invertebrate
Callinectes sp.,Invertebrate
Callinectes sp.,Invertebrate
Callinectes sp.,Invertebrate
Callinectes sp.,Invertebrate
Calotrix sp.,Algae
Calotrix sp.,Algae
Calotrix sp.,Algae
Camarões,Invertebrate
Camarões,Invertebrate
Camarões,Invertebrate
Campsurus sp.,Invertebrate
Caprella,Invertebrate
Caprella,Invertebrate
Caprella,Invertebrate
Caprella,Invertebrate
Caprella,Invertebrate
Caprella,Invertebrate
Caprella,Invertebrate
Caprella,Invertebrate
Caprella,Invertebrate
Caprella,Invertebrate
Caprella,Invertebrate
Caprella,Invertebrate
Caprella,Invertebrate
Caprella,Invertebrate
Caprella,Invertebrate
Caprella,Invertebrate
Caprella,Invertebrate
Caprella,Invertebrate
Caprella,Invertebrate
Caprella,Invertebrate
Caprella,Invertebrate
Caprella,Invertebrate
Caprella,Invertebrate
Caprella,Invertebrate
Caprella,Invertebrate
Caprella,Invertebrate
Caprella,Invertebrate
Caprella,Invertebrate
Caprella,Invertebrate
Caprella,Invertebrate
Caprella,Invertebrate
Caprellidae,Invertebrate
Caprellidae,Invertebrate
Caprellidae,Invertebrate
Caprellidae,Invertebrate
Caprellidae,Invertebrate
Caprellidae,Invertebrate
Caprellidae,Invertebrate
Caprellidae,Invertebrate
Caprellidae,Invertebrate
Caprellidae,Invertebrate
Caprellidae,Invertebrate
Caprellidae,Invertebrate
Caprellidae,Invertebrate
Caprellidae,Invertebrate
Caprellidae,Invertebrate
Caprellidae,Invertebrate
Caprellidae,Invertebrate
Caprellidae,Invertebrate
Caprellidae,Invertebrate
Caprellidae,Invertebrate
Caprellidae,Invertebrate
Caprellidae,Invertebrate
Caridea,Invertebrate
Caridea,Invertebrate
Caridea,Invertebrate
Caridea,Invertebrate
Caridea,Invertebrate
Caridea,Invertebrate
Caridea,Invertebrate
Carpatograma sp.,Algae
Carpatograma sp.,Algae
Carpatograma sp.,Algae
Carpatograma sp.,Algae
Carpatograma sp.,Algae
Carpatograma sp.,Algae
CENATAPOGONIDAE,Invertebrate
CENATAPOGONIDAE,Invertebrate
Centric diatom,Algae
Centric diatom,Algae
Centric diatom,Algae
Centropyxis sp.,Invertebrate
Centropyxis sp.,Invertebrate
Centropyxis sp.,Invertebrate
Ceratopogolidae,Invertebrate
Ceratopogolidae,Invertebrate
Ceratopogolidae,Invertebrate
Ceratopogonidae,Invertebrate
Ceratopogonidae,Invertebrate
Ceratopogonidae,Invertebrate
Ceratopogonidae,Invertebrate
Ceratopogonidae,Invertebrate
Ceratopogonidae,Invertebrate
Ceratopogonidae,Invertebrate
Ceratopogonidae,Invertebrate
Ceratopogonidae,Invertebrate
Ceratopogonidae,Invertebrate
Ceratopogonidae,Invertebrate
Ceratopogonidae,Invertebrate
Ceratopogonidae,Invertebrate
Ceratopogonidae,Invertebrate
Ceratopogonidae,Invertebrate
Ceratopogonidae,Invertebrate
Ceratopogonidae,Invertebrate
Ceratopogonidae,Invertebrate
Ceratopogonidae,Invertebrate
Ceratopogonidae,Invertebrate
Ceratopogonidae,Invertebrate
Ceratopogonidae,Invertebrate
Ceratopogonidae,Invertebrate
Ceratopogonidae,Invertebrate
Ceratopogonidae,Invertebrate
Ceratopogonidae,Invertebrate
Ceratopogonidae,Invertebrate
Ceratopogonidae,Invertebrate
Ceratopogonidae,Invertebrate
Ceratopogonidae,Invertebrate
Ceratopogonidae,Invertebrate
Ceratopogonidae (L),Invertebrate
Ceratopogonidae (L),Invertebrate
Ceratopogonidae (L),Invertebrate
Ceratopogonidae (L),Invertebrate
Ceratopogonidae (L),Invertebrate
Ceratopogonidae (L),Invertebrate
Ceratopogonidae (L),Invertebrate
Ceratopogonidae (L),Invertebrate
Ceratopogonidae (L),Invertebrate
Ceratopogonidae (L),Invertebrate
Ceratopogonidae (L),Invertebrate
Ceratopogonidae (L),Invertebrate
Ceratopogonidae (P),Invertebrate
Ceratopogonidae (P),Invertebrate
Ceratopogonidae (P),Invertebrate
Ceratopogonidae (P),Invertebrate
Ceratopogonidae (P),Invertebrate
Ceratopogonidae (P),Invertebrate
Ceratopogonidae (P),Invertebrate
Ceratopogonidae (P),Invertebrate
Ceratopogonidae (P),Invertebrate
Ceratopogonidae (P),Invertebrate
Ceratopogonidae (P),Invertebrate
Ceratopogonidae (P),Invertebrate
Ceratopogonidae larvae,Invertebrate
Ceratopogonidae larvae,Invertebrate
Ceratopogonidae larvae,Invertebrate
Ceratopogonidae larvae,Invertebrate
Ceratopogonidae larvae,Invertebrate
Ceratopogonidae larvae,Invertebrate
Ceratopogonidae larvae,Invertebrate
Ceratopogonidae larvae,Invertebrate
Ceratopogonidae larvae,Invertebrate
Ceratopogonidae larvae,Invertebrate
Ceratopogonidae larvae,Invertebrate
Ceratopogonidae larvae,Invertebrate
Ceratopogonidae larvae,Invertebrate
Ceratopogonidae larvae,Invertebrate
Ceratopogonidae larvae,Invertebrate
Ceratopogonidae larvae,Invertebrate
Ceratopogonidae larvae,Invertebrate
Ceratopogonidae larvae,Invertebrate
Ceratopogonidae larvae,Invertebrate
Ceratopogonidae larvae,Invertebrate
Ceratopogonidae larvae,Invertebrate
Ceratopogonidae larvae,Invertebrate
Ceratopogonidae larvae,Invertebrate
Ceratopogonidae larvae,Invertebrate
Ceratopogonidae larvae,Invertebrate
Ceratopogonidae larvae,Invertebrate
Ceratopogonidae larvae,Invertebrate
Ceratopogonidae larvae,Invertebrate
Ceratopogonidae larvae,Invertebrate
Ceratopogonidae larvae,Invertebrate
Ceratopogonidae larvae,Invertebrate
Ceratopogonidae larvae,Invertebrate
Ceratopogonidae larvae,Invertebrate
Ceratopogonidae larvae,Invertebrate
Ceratopogonidae larvae,Invertebrate
Ceratopogonidae larvae,Invertebrate
Ceratopogonidae larvae,Invertebrate
Ceratopogonidae larvae,Invertebrate
Ceratopogonidae larvae,Invertebrate
Ceratopogonidae larvae,Invertebrate
Ceratopogonidae larvae,Invertebrate
Ceratopogonidae larvae,Invertebrate
Ceratopogonidae larvae,Invertebrate
Ceratopogonidae larvae,Invertebrate
Ceratopogonidae larvae,Invertebrate
Ceratopogonidae larvae,Invertebrate
Ceratopogonidae larvae,Invertebrate
Ceratopogonidae larvae,Invertebrate
Ceratopogonidae larvae,Invertebrate
Ceratopogonidae larvae,Invertebrate
Ceratopogonidae larvae,Invertebrate
Ceratopogonidae larvae,Invertebrate
Ceratopogonidae larvae,Invertebrate
Ceratopogonidae larvae,Invertebrate
Ceratopogonidae pupa,Invertebrate
Ceratopogonidae pupa,Invertebrate
Ceratopogonidae pupa,Invertebrate
Ceratopogonidae pupa,Invertebrate
Ceratopogonidae pupa,Invertebrate
Ceratopogonidae pupa,Invertebrate
Ceratopogonidae pupa,Invertebrate
Ceratopogonidae pupa,Invertebrate
Ceratopogonidae pupa,Invertebrate
Ceratopogonidae pupa,Invertebrate
Ceratopogonidae pupa,Invertebrate
Ceratopogonidae pupa,Invertebrate
Ceratopogonidae pupa,Invertebrate
Ceratopogonidae pupa,Invertebrate
Ceratopogonidae pupa,Invertebrate
Ceratopogonidae pupa,Invertebrate
Ceratopogonidae pupa,Invertebrate
Ceratopogonidae pupa,Invertebrate
Ceratopogonidae pupa,Invertebrate
Ceratopogonidae pupa,Invertebrate
Ceratopogonidae pupa,Invertebrate
Ceratopogonidae pupa,Invertebrate
Ceratopogonidae pupa,Invertebrate
Ceratopogonidae pupa,Invertebrate
Ceratopogonidae pupa,Invertebrate
Ceratopogonidae pupa,Invertebrate
Ceratopogonidae pupa,Invertebrate
Ceratopogonidae pupae,Invertebrate
Ceratopogonidae pupae,Invertebrate
Ceratopogonidae pupae,Invertebrate
Ceratopogonidae pupae,Invertebrate
Ceratopogonidae pupae,Invertebrate
Ceratopogonidae pupae,Invertebrate
Ceratopogonidae pupae,Invertebrate
Ceratopogonidae pupae,Invertebrate
Ceratopogonidae pupae,Invertebrate
Ceratopogonidae pupae,Invertebrate
Ceratopogonidae pupae,Invertebrate
Ceratopogonidae pupae,Invertebrate
Ceratopogonidae pupae,Invertebrate
Ceratopogonidae pupae,Invertebrate
Ceratopogonidae pupae,Invertebrate
Ceratopogonidae- Larva,Invertebrate
Ceratopogonidae- Larva,Invertebrate
Ceriodaphnia cornuta,Invertebrate
Ceriodaphnia cornuta,Invertebrate
Ceriodaphnia cornuta,Invertebrate
Chaoboridae,Invertebrate
Chaoboridae,Invertebrate
Chaoboridae,Invertebrate
Characidae,Fish
Characidae,Fish
Characidae,Fish
Characidae,Fish
Characidae,Fish
Characidae,Fish
Characidae,Fish
Characidae,Fish
Characidae,Fish
Characidae,Fish
Characidium bimaculatum,Fish
Characidium bimaculatum,Fish
Characidium bimaculatum,Fish
Characiforme,Fish
Characiforme,Fish
Characiforme,Fish
Characiformes,Fish
Characiformes,Fish
Characiformes,Fish
Characiformes,Fish
Characiformes,Fish
Characiformes,Fish
Characiformes,Fish
Characiformes,Fish
Characiformes,Fish
Characiformes,Fish
Characiformes,Fish
Characiformes,Fish
Characiformes,Fish
Characiformes,Fish
Characiformes,Fish
Characiformes,Fish
Characiformes,Fish
Characiformes,Fish
Characiformes,Fish
Characiformes,Fish
Characiformes n.i.,Fish
Characiformes n.i.,Fish
Characiformes n.i.,Fish
Characiformes n.i.,Fish
Characiformes n.i.,Fish
Characiformes n.i.,Fish
Characiformes sp1,Fish
Characiformes sp1,Fish
Characiformes sp1,Fish
Characiformes sp2,Fish
Characiformes sp3,Fish
Cheirodontinae,Fish
Chironomidae,Invertebrate
Chironomidae,Invertebrate
Chironomidae,Invertebrate
Chironomidae,Invertebrate
Chironomidae,Invertebrate
Chironomidae,Invertebrate
Chironomidae,Invertebrate
Chironomidae,Invertebrate
Chironomidae,Invertebrate
Chironomidae,Invertebrate
Chironomidae,Invertebrate
Chironomidae,Invertebrate
Chironomidae,Invertebrate
Chironomidae,Invertebrate
Chironomidae,Invertebrate
Chironomidae,Invertebrate
Chironomidae,Invertebrate
Chironomidae,Invertebrate
Chironomidae,Invertebrate
Chironomidae,Invertebrate
Chironomidae,Invertebrate
Chironomidae,Invertebrate
Chironomidae,Invertebrate
Chironomidae,Invertebrate
Chironomidae,Invertebrate
Chironomidae,Invertebrate
Chironomidae,Invertebrate
Chironomidae,Invertebrate
Chironomidae,Invertebrate
Chironomidae,Invertebrate
Chironomidae,Invertebrate
Chironomidae,Invertebrate
Chironomidae,Invertebrate
Chironomidae,Invertebrate
Chironomidae,Invertebrate
Chironomidae,Invertebrate
Chironomidae,Invertebrate
Chironomidae,Invertebrate
Chironomidae,Invertebrate
Chironomidae,Invertebrate
Chironomidae,Invertebrate
Chironomidae,Invertebrate
Chironomidae,Invertebrate
Chironomidae,Invertebrate
Chironomidae,Invertebrate
Chironomidae,Invertebrate
Chironomidae,Invertebrate
Chironomidae,Invertebrate
Chironomidae,Invertebrate
Chironomidae,Invertebrate
Chironomidae,Invertebrate
CHIRONOMIDAE,Invertebrate
CHIRONOMIDAE,Invertebrate
CHIRONOMIDAE,Invertebrate
CHIRONOMIDAE,Invertebrate
CHIRONOMIDAE,Invertebrate
CHIRONOMIDAE,Invertebrate
CHIRONOMIDAE,Invertebrate
CHIRONOMIDAE,Invertebrate
CHIRONOMIDAE,Invertebrate
CHIRONOMIDAE,Invertebrate
CHIRONOMIDAE,Invertebrate
CHIRONOMIDAE,Invertebrate
Chironomidae,Invertebrate
Chironomidae,Invertebrate
Chironomidae,Invertebrate
Chironomidae,Invertebrate
Chironomidae,Invertebrate
Chironomidae (Larva),Invertebrate
Chironomidae (Larva),Invertebrate
Chironomidae (Larva),Invertebrate
Chironomidae (Larva),Invertebrate
Chironomidae (Larvae),Invertebrate
Chironomidae (Larvae),Invertebrate
Chironomidae (Pupa),Invertebrate
Chironomidae (Pupa),Invertebrate
Chironomidae (Pupa),Invertebrate
Chironomidae (Pupa),Invertebrate
Chironomidae larvae,Invertebrate
Chironomidae larvae,Invertebrate
Chironomidae larvae,Invertebrate
Chironomidae larvae,Invertebrate
Chironomidae larvae,Invertebrate
Chironomidae larvae,Invertebrate
Chironomidae pupa,Invertebrate
Chironomidae pupa,Invertebrate
Chironomidae pupa,Invertebrate
Chironomus,Invertebrate
Chironomus,Invertebrate
Chlorela vulgaris,Algae
Chlorela vulgaris,Algae
Chlorela vulgaris,Algae
Chlorela vulgaris,Algae
Chlorela vulgaris,Algae
Chlorela vulgaris,Algae
Chlorela vulgaris,Algae
Chlorela vulgaris,Algae
Chlorela vulgaris,Algae
Chlorophyceae,Algae
Chlorophyceae,Algae
Chlorophyceae,Algae
Chlorophyceae,Algae
Chlorophyceae,Algae
Chlorophyceae,Algae
Chlorophyceae,Algae
Chlorophyceae,Algae
Chlorophyceae,Algae
Chlorophyceae,Algae
Chlorophyceae,Algae
Chlorophyceae,Algae
Chlorophyceae,Algae
Chlorophyceae,Algae
Chlorophyceae,Algae
Chlorophyceae,Algae
Chlorophyceae,Algae
Chlorophyceae,Algae
Chlorophyceae,Algae
Chlorophyceae,Algae
Chlorophyceae,Algae
Chlorophyta,Algae
Chlorophyta,Algae
Chlorophyta,Algae
Chlorophyta,Algae
Chlorophyta,Algae
Chlorophyta,Algae
Chlorophyta,Algae
Chlorophyta,Algae
Chlorophyta,Algae
Chlorophyta,Algae
Chlorophyta,Algae
Chlorophyta,Algae
Chlorophyta,Algae
Chlorophyta,Algae
Chlorophyta,Algae
Chlorophyta,Algae
Chlorophyta,Algae
Chlorophyta,Algae
Chlorophyta,Algae
Chlorophyta,Algae
Chlorophyta,Algae
Chlorophyta,Algae
Chlorophyta,Algae
Chlorophyta,Algae
Chlorophyta,Algae
Chlorophyta,Algae
Chlorophyta,Algae
Chlorophyta,Algae
Chlorophyta,Algae
Chlorophyta,Algae
Chlorophyta,Algae
Chlorophyta,Algae
Chlorophyta,Algae
Chlorophyta,Algae
Chlorophyta,Algae
Chlorophyta,Algae
Chlorophyta,Algae
Chlorophyta,Algae
Chlorophyta,Algae
Chlorophyta,Algae
Chrocooccus sp.,Algae
Chrocooccus sp.,Algae
Chrocooccus sp.,Algae
Chrocooccus sp.,Algae
Chrocooccus sp.,Algae
Chrocooccus sp.,Algae
Chrocooccus turgidus,Algae
Chrocooccus turgidus,Algae
Chrocooccus turgidus,Algae
Chroococcus sp.,Algae
Chroococcus sp.,Algae
Chroococcus sp.,Algae
Chrysophyta,Algae
Chrysophyta,Algae
Chrysophyta,Algae
Chrysophyta,Algae
Chrysophyta,Algae
Chrysophyta,Algae
Chrysophyta,Algae
Chrysophyta,Algae
Chrysophyta,Algae
Chrysophyta,Algae
Chrysophyta,Algae
Chrysophyta,Algae
Chrysophyta,Algae
Chrysophyta,Algae
Chrysophyta,Algae
Chrysophyta,Algae
Chrysophyta,Algae
Chrysophyta,Algae
Chrysophyta,Algae
Chrysophyta,Algae
Chrysophyta,Algae
Chrysophyta,Algae
Chrysophyta,Algae
Chrysophyta,Algae
Chrysophyta,Algae
Chrysophyta,Algae
Chrysophyta,Algae
Chrysophyta,Algae
Chrysophyta,Algae
Chrysophyta,Algae
Chrysophyta,Algae
Chrysophyta,Algae
Chrysophyta,Algae
Chrysophyta,Algae
Chrysophyta,Algae
Chrysophyta,Algae
Chydoridae,Invertebrate
Chydoridae,Invertebrate
Chydoridae,Invertebrate
Chydoridae,Invertebrate
Cichla sp.,Fish
Cichla sp.,Fish
Cichla sp.,Fish
Cichla sp.,Fish
Cichla sp.,Fish
Cichla sp.,Fish
Cichla sp.,Fish
Cichla spp.,Fish
Cichlasoma spp.,Fish
Cichlasoma spp.,Fish
Cichlid scale,Fish
Cichlid scale,Fish
Cichlid scale,Fish
Cichlid scale,Fish
Cichlid scale,Fish
Cichlid scale,Fish
Cichlid scale,Fish
Cichlid scale,Fish
Cichlid scale,Fish
Cichlidae,Fish
Cichlidae,Fish
Cichlidae,Fish
Ciclopoida,Invertebrate
Ciclopoida,Invertebrate
Ciclopoida,Invertebrate
Ciclopoida,Invertebrate
Cirripedia,Invertebrate
Cirripedia,Invertebrate
Cirripedia,Invertebrate
Cirripedia,Invertebrate
Cirripedia,Invertebrate
Cirripedia,Invertebrate
Cirripedia,Invertebrate
Cirripedia,Invertebrate
Cirripedia,Invertebrate
Cirripedia,Invertebrate
Cirripedia,Invertebrate
Cirripedia,Invertebrate
Cirripedia,Invertebrate
Cirripedia,Invertebrate
Cirripedia,Invertebrate
Cirripedia,Invertebrate
Cirripedia,Invertebrate
Cirripedia,Invertebrate
Cirripedia,Invertebrate
Cirripedia,Invertebrate
Cirripedia,Invertebrate
Cirripedia,Invertebrate
Cirripedia,Invertebrate
Cirripedia,Invertebrate
Cirripedia,Invertebrate
Cirripedia,Invertebrate
Cirripedia,Invertebrate
Cirripedia,Invertebrate
Cirripedia,Invertebrate
Cirripedia,Invertebrate
Cirripedia,Invertebrate
Cirripedia,Invertebrate
Cirripedia,Invertebrate
Cladocera,Invertebrate
Cladocera,Invertebrate
Cladocera,Invertebrate
Cladocera,Invertebrate
Cladocera,Invertebrate
Cladocera,Invertebrate
Cladocera,Invertebrate
Cladocera,Invertebrate
Cladocera,Invertebrate
Cladocera,Invertebrate
Cladocera,Invertebrate
Cladocera,Invertebrate
Cladocera,Invertebrate
Cladocera,Invertebrate
Cladocera,Invertebrate
Cladocera,Invertebrate
Cladocera,Invertebrate
Cladocera,Invertebrate
Cladocera,Invertebrate
Cladocera,Invertebrate
Cladocera,Invertebrate
Cladocera,Invertebrate
Cladocera,Invertebrate
Cladocera,Invertebrate
Cladocera,Invertebrate
Cladocera,Invertebrate
Cladocera,Invertebrate
Cladocera,Invertebrate
Cladocera,Invertebrate
Cladocera,Invertebrate
Cladocera,Invertebrate
Cladocera,Invertebrate
Cladocera,Invertebrate
Cladocera,Invertebrate
Cladocera,Invertebrate
Cladocera,Invertebrate
Cladocera,Invertebrate
Cladocera,Invertebrate
Cladocera,Invertebrate
Cladocera,Invertebrate
Cladocera,Invertebrate
Cladocera,Invertebrate
Cladocera,Invertebrate
Cladocera,Invertebrate
Cladocera,Invertebrate
Cladocera,Invertebrate
Cladocera,Invertebrate
Cladocera,Invertebrate
Cladocera,Invertebrate
Cladocera,Invertebrate
Cladocera,Invertebrate
Cladocera,Invertebrate
Cladocera,Invertebrate
Cladocera,Invertebrate
Cladocera,Invertebrate
Cladocera,Invertebrate
Cladocera,Invertebrate
Cladocera,Invertebrate
Cladocera,Invertebrate
Cladocera,Invertebrate
Cladocera,Invertebrate
Cladocera,Invertebrate
Cladocera,Invertebrate
Cladocera,Invertebrate
Cladocera,Invertebrate
Cladocera,Invertebrate
Cladocera,Invertebrate
Cladocera,Invertebrate
Cladocera,Invertebrate
Cladocera,Invertebrate
Cladocera,Invertebrate
Cladocera,Invertebrate
Cladocera,Invertebrate
Cladocera,Invertebrate
Cladocera,Invertebrate
Cladocera,Invertebrate
Cladocera,Invertebrate
Cladocera,Invertebrate
Cladocera,Invertebrate
Cladocera,Invertebrate
Cladocera,Invertebrate
Cladocera,Invertebrate
Cladocera,Invertebrate
Cladocera,Invertebrate
Cladocera,Invertebrate
Cladocera,Invertebrate
Cladocera,Invertebrate
Cladocera,Invertebrate
Cladocera,Invertebrate
Cladocera,Invertebrate
Cladocera,Invertebrate
Cladocera,Invertebrate
Cladocera,Invertebrate
Cladocera,Invertebrate
Cladocera,Invertebrate
Cladocera,Invertebrate
Cladocera,Invertebrate
Cladocera,Invertebrate
Cladocera,Invertebrate
Cladocera,Invertebrate
Cladocera,Invertebrate
Cladocera,Invertebrate
Cladocera,Invertebrate
Cladocera,Invertebrate
Cladocera,Invertebrate
Cladocera,Invertebrate
Cladocera,Invertebrate
Cladocera,Invertebrate
Cladocera,Invertebrate
Cladocera,Invertebrate
Cladocera,Invertebrate
Cladocera,Invertebrate
Cladocera,Invertebrate
Cladocera,Invertebrate
Cladocera,Invertebrate
Cladocera,Invertebrate
Cladocera,Invertebrate
Cladocera,Invertebrate
Cladocera,Invertebrate
Cladocera,Invertebrate
Cladocera,Invertebrate
Cladocera,Invertebrate
Cladocera,Invertebrate
Cladocera,Invertebrate
Cladocera,Invertebrate
Cladocera,Invertebrate
Cladocera,Invertebrate
Cladocera,Invertebrate
Cladocera,Invertebrate
Cladocera,Invertebrate
Cladocera,Invertebrate
CLADOCERA,Invertebrate
CLADOCERA,Invertebrate
CLADOCERA,Invertebrate
CLADOCERA,Invertebrate
CLADOCERA,Invertebrate
CLADOCERA,Invertebrate
Cladocera,Invertebrate
Cladocera,Invertebrate
Cladocera,Invertebrate
Cladocera,Invertebrate
Cladocera,Invertebrate
Cladocera,Invertebrate
Cladocera,Invertebrate
Cloroficea,Algae
Closteriopsis sp.,Algae
Closteriopsis sp.,Algae
Closteriopsis sp.,Algae
Closteriopsis sp.,Algae
Closteriopsis sp.,Algae
Closteriopsis sp.,Algae
Closterium sp.,Algae
Closterium sp.,Algae
Closterium sp.,Algae
Closterium sp.,Algae
Closterium sp.,Algae
Closterium sp.,Algae
Closterium sp.,Algae
Closterium sp.,Algae
Closterium sp.,Algae
Closterium sp.,Algae
Closterium sp.,Algae
Closterium sp.,Algae
Clupeidae,Fish
Clupeidae,Fish
Clupeidae,Fish
Clupeidae,Fish
Clupeiformes,Fish
Clupeiformes,Fish
Clupeiformes,Fish
Clupeiformes,Fish
Clupeiformes,Fish
Clupeiformes,Fish
Clupeiformes,Fish
Clupeiformes,Fish
Cocconeis sp.,Algae
Cocconeis sp.,Algae
Cocconeis sp.,Algae
Cocconeis sp.,Algae
Cocconeis sp.,Algae
Cocconeis sp.,Algae
Cocconeis sp.,Algae
Cocconeis sp.,Algae
Cocconeis sp.,Algae
Coebtanypes,Invertebrate
Coebtanypes,Invertebrate
Coenagrionidae,Invertebrate
Coenagrionidae,Invertebrate
Coenagrionidae (Larva),Invertebrate
Coenagrionidae (Larva),Invertebrate
Coenagrionidae (Larva),Invertebrate
Coenagrionidae (Larva),Invertebrate
Coleoptera,Invertebrate
Coleoptera,Invertebrate
Coleoptera,Invertebrate
Coleoptera,Invertebrate
Coleoptera,Invertebrate
Coleoptera,Invertebrate
Coleoptera,Invertebrate
Coleoptera,Invertebrate
Coleoptera,Invertebrate
Coleoptera,Invertebrate
Coleoptera,Invertebrate
Coleoptera,Invertebrate
Coleoptera,Invertebrate
Coleoptera,Invertebrate
Coleoptera,Invertebrate
Coleoptera,Invertebrate
Coleoptera,Invertebrate
Coleoptera,Invertebrate
Coleoptera,Invertebrate
Coleoptera,Invertebrate
Coleoptera,Invertebrate
Coleoptera,Invertebrate
Coleoptera,Invertebrate
Coleoptera,Invertebrate
Coleoptera,Invertebrate
Coleoptera,Invertebrate
Coleoptera,Invertebrate
Coleoptera,Invertebrate
Coleoptera,Invertebrate
Coleoptera,Invertebrate
Coleoptera,Invertebrate
Coleoptera,Invertebrate
Coleoptera,Invertebrate
Coleoptera,Invertebrate
Coleoptera,Invertebrate
Coleoptera,Invertebrate
Coleoptera,Invertebrate
Coleoptera,Invertebrate
Coleoptera,Invertebrate
Coleoptera,Invertebrate
Coleoptera,Invertebrate
Coleoptera,Invertebrate
Coleoptera,Invertebrate
Coleoptera,Invertebrate
Coleoptera,Invertebrate
Coleoptera,Invertebrate
Coleoptera,Invertebrate
Coleoptera,Invertebrate
Coleoptera,Invertebrate
Coleoptera,Invertebrate
Coleoptera,Invertebrate
Coleoptera,Invertebrate
Coleoptera,Invertebrate
Coleoptera,Invertebrate
Coleoptera,Invertebrate
Coleoptera,Invertebrate
Coleoptera,Invertebrate
Coleoptera,Invertebrate
Coleoptera,Invertebrate
Coleoptera,Invertebrate
Coleóptera,Invertebrate
Coleóptera,Invertebrate
Coleóptera,Invertebrate
Coleóptera,Invertebrate
Coleóptera,Invertebrate
Coleóptera,Invertebrate
Coleoptera - adult,Invertebrate
Coleoptera - adult,Invertebrate
Coleoptera - adult,Invertebrate
Coleoptera - adult,Invertebrate
Coleoptera adult,Invertebrate
Coleoptera adult,Invertebrate
Coleoptera adult,Invertebrate
Coleoptera adult,Invertebrate
Coleoptera adult,Invertebrate
Coleoptera adult,Invertebrate
Coleoptera larvae,Invertebrate
Coleoptera larvae,Invertebrate
Coleoptera larvae,Invertebrate
Coleoptera larvae,Invertebrate
Coleoptera larvae,Invertebrate
Coleoptera larvae,Invertebrate
Coleoptera larvae,Invertebrate
Coleoptera larvae,Invertebrate
Coleoptera larvae,Invertebrate
Coleoptera larvae,Invertebrate
Coleoptera larvae,Invertebrate
Coleoptera larvae,Invertebrate
Coleoptero,Invertebrate
Coleoptero,Invertebrate
Coleoptero,Invertebrate
Coleoptero,Invertebrate
Coleoptero,Invertebrate
Coleoptero,Invertebrate
Coleoptero,Invertebrate
Coleoptero,Invertebrate
Coleoptero,Invertebrate
Coleoptero,Invertebrate
Coleoptero,Invertebrate
Coleoptero,Invertebrate
Coleoptero,Invertebrate
Coleoptero,Invertebrate
Coleoptero,Invertebrate
Collector Invertebrate,Invertebrate
Collector Invertebrate,Invertebrate
Collector Invertebrate,Invertebrate
Collector Invertebrate,Invertebrate
Collector Invertebrate,Invertebrate
Collector Invertebrate,Invertebrate
Collector Invertebrate,Invertebrate
Collector Invertebrate,Invertebrate
Collector Invertebrate,Invertebrate
Collector Invertebrate,Invertebrate
Collector Invertebrate,Invertebrate
Collector Invertebrate,Invertebrate
Collector Invertebrate,Invertebrate
Collector Invertebrate,Invertebrate
Collector Invertebrate,Invertebrate
Collector Invertebrate,Invertebrate
Collector Invertebrate,Invertebrate
Collector Invertebrate,Invertebrate
Collector Invertebrate,Invertebrate
Collector Invertebrate,Invertebrate
Collector Invertebrate,Invertebrate
Collector Invertebrate,Invertebrate
Collector Invertebrate,Invertebrate
Collector Invertebrate,Invertebrate
Collector Invertebrate,Invertebrate
Collector Invertebrate,Invertebrate
Collector Invertebrate,Invertebrate
Collector Invertebrate,Invertebrate
Collector Invertebrate,Invertebrate
Collector Invertebrate,Invertebrate
Collector Invertebrate,Invertebrate
Collector Invertebrate,Invertebrate
Collector Invertebrate,Invertebrate
Collector Invertebrate,Invertebrate
Collector Invertebrate,Invertebrate
Collector Invertebrate,Invertebrate
Collector Invertebrate,Invertebrate
Collector Invertebrate,Invertebrate
Collector Invertebrate,Invertebrate
Collector Invertebrate,Invertebrate
Collector Invertebrate,Invertebrate
Collector Invertebrate,Invertebrate
Collector Invertebrate,Invertebrate
Collector Invertebrate,Invertebrate
Collector Invertebrate,Invertebrate
Collector Invertebrate,Invertebrate
Collector Invertebrate,Invertebrate
Collector Invertebrate,Invertebrate
Collector Invertebrate,Invertebrate
Collector Invertebrate,Invertebrate
Collector Invertebrate,Invertebrate
Collector Invertebrate,Invertebrate
Collector Invertebrate,Invertebrate
Collector Invertebrate,Invertebrate
Collector Invertebrate,Invertebrate
Collector Invertebrate,Invertebrate
Collector Invertebrate,Invertebrate
Collector Invertebrate,Invertebrate
Collector Invertebrate,Invertebrate
Collector Invertebrate,Invertebrate
Collector Invertebrate,Invertebrate
Collector Invertebrate,Invertebrate
Collector Invertebrate,Invertebrate
Collector Invertebrate,Invertebrate
Collector Invertebrate,Invertebrate
Collector Invertebrate,Invertebrate
Collector Invertebrate,Invertebrate
Collector Invertebrate,Invertebrate
Collector Invertebrate,Invertebrate
Collector Invertebrate,Invertebrate
Collector Invertebrate,Invertebrate
Collector Invertebrate,Invertebrate
Collector Invertebrate,Invertebrate
Collector Invertebrate,Invertebrate
Collector Invertebrate,Invertebrate
Collector Invertebrate,Invertebrate
Collector Invertebrate,Invertebrate
Collector Invertebrate,Invertebrate
Collector Invertebrate,Invertebrate
Collector Invertebrate,Invertebrate
Collector Invertebrate,Invertebrate
Collector Invertebrate,Invertebrate
Collector Invertebrate,Invertebrate
Collector Invertebrate,Invertebrate
Collector Invertebrate,Invertebrate
Collector Invertebrate,Invertebrate
Collector Invertebrate,Invertebrate
Collector Invertebrate,Invertebrate
Collector Invertebrate,Invertebrate
Collector Invertebrate,Invertebrate
Collector Invertebrate,Invertebrate
Collector Invertebrate,Invertebrate
Collector Invertebrate,Invertebrate
Collector Invertebrate,Invertebrate
Collector Invertebrate,Invertebrate
Collector Invertebrate,Invertebrate
Collector Invertebrate,Invertebrate
Collector Invertebrate,Invertebrate
Collector Invertebrate,Invertebrate
Collector Invertebrate,Invertebrate
Collector Invertebrate,Invertebrate
Collector Invertebrate,Invertebrate
Collector Invertebrate,Invertebrate
Collector Invertebrate,Invertebrate
Collector Invertebrate,Invertebrate
Collector Invertebrate,Invertebrate
Collector Invertebrate,Invertebrate
Collector Invertebrate,Invertebrate
Collector Invertebrate,Invertebrate
Collector Invertebrate,Invertebrate
Collector Invertebrate,Invertebrate
Collector Invertebrate,Invertebrate
Collector Invertebrate,Invertebrate
Collector Invertebrate,Invertebrate
Collector Invertebrate,Invertebrate
Collector Invertebrate,Invertebrate
Collector Invertebrate,Invertebrate
Collector Invertebrate,Invertebrate
Collector Invertebrate,Invertebrate
Collector Invertebrate,Invertebrate
Collector Invertebrate,Invertebrate
Collector Invertebrate,Invertebrate
Collector Invertebrate,Invertebrate
Collector Invertebrate,Invertebrate
Collector Invertebrate,Invertebrate
Collector Invertebrate,Invertebrate
Collector Invertebrate,Invertebrate
Collembola,Invertebrate
Collembola,Invertebrate
Collembola,Invertebrate
Collembola,Invertebrate
Collembola,Invertebrate
Collembola,Invertebrate
Collembola,Invertebrate
Collembola,Invertebrate
Collembola,Invertebrate
Collembola,Invertebrate
Collembola,Invertebrate
Compsopogon sp.,Algae
Compsopogon sp.,Algae
Compsopogon sp.,Algae
Compsopogon sp.,Algae
Compsopogon sp.,Algae
Compsopogon sp.,Algae
Compsopogon sp.,Algae
Compsopogon sp.,Algae
Compsopogon sp.,Algae
Compsopogon sp.,Algae
Compsopogon sp.,Algae
Compsopogon sp.,Algae
Conchostraca,Invertebrate
Conchostraca,Invertebrate
Conchostraca,Invertebrate
Conchostraca,Invertebrate
Conchostraca,Invertebrate
Conchostraca,Invertebrate
Conchostraca,Invertebrate
Conchostraca,Invertebrate
Conchostraca,Invertebrate
Conchostraca,Invertebrate
Conchostraca,Invertebrate
Conchostraca,Invertebrate
Conchostraca,Invertebrate
Conchostraca,Invertebrate
Conchostraca,Invertebrate
Conchostraca,Invertebrate
Conchostraca,Invertebrate
Conchostraca,Invertebrate
Conchostraca,Invertebrate
Conchostraca,Invertebrate
Conchostraca,Invertebrate
Conchostraca,Invertebrate
Conchostraca,Invertebrate
Conchostraca,Invertebrate
Conchostraca,Invertebrate
Conchostraca,Invertebrate
Conchostraca,Invertebrate
Conchostraca,Invertebrate
Conchostraca,Invertebrate
Conchostraca,Invertebrate
Conchostraca,Invertebrate
Conchostraca,Invertebrate
Conchostraca,Invertebrate
Copepod nauplii,Invertebrate
Copepod nauplii,Invertebrate
Copepod nauplii,Invertebrate
Copepod nauplii,Invertebrate
Copepod nauplii,Invertebrate
Copepod nauplii,Invertebrate
Copepoda,Invertebrate
Copepoda,Invertebrate
Copepoda,Invertebrate
Copepoda,Invertebrate
Copepoda,Invertebrate
Copepoda,Invertebrate
Copepoda,Invertebrate
Copepoda,Invertebrate
Copepoda,Invertebrate
Copepoda,Invertebrate
Copepoda,Invertebrate
Copepoda,Invertebrate
Copepoda,Invertebrate
Copepoda,Invertebrate
Copepoda,Invertebrate
Copepoda,Invertebrate
Copepoda,Invertebrate
Copepoda,Invertebrate
Copepoda,Invertebrate
Copepoda,Invertebrate
Copepoda,Invertebrate
Copepoda,Invertebrate
Copepoda,Invertebrate
Copepoda,Invertebrate
Copepoda,Invertebrate
Copepoda,Invertebrate
Copepoda,Invertebrate
Copepoda,Invertebrate
Copepoda,Invertebrate
Copepoda,Invertebrate
Copepoda,Invertebrate
Copepoda,Invertebrate
Copepoda,Invertebrate
Copepoda,Invertebrate
Copepoda,Invertebrate
Copepoda,Invertebrate
Copepoda,Invertebrate
Copepoda,Invertebrate
Copepoda,Invertebrate
Copepoda,Invertebrate
Copepoda,Invertebrate
Copepoda,Invertebrate
Copepoda,Invertebrate
Copepoda,Invertebrate
Copepoda,Invertebrate
Copepoda,Invertebrate
Copepoda,Invertebrate
Copepoda,Invertebrate
Copepoda,Invertebrate
Copepoda,Invertebrate
Copepoda,Invertebrate
Copepoda,Invertebrate
Copepoda,Invertebrate
Copepoda,Invertebrate
Copepoda,Invertebrate
Copepoda,Invertebrate
Copepoda,Invertebrate
Copepoda,Invertebrate
Copepodae,Invertebrate
Copepodae,Invertebrate
Copepodae,Invertebrate
Copepodae,Invertebrate
Copepodae,Invertebrate
Copepodae,Invertebrate
Copepodae,Invertebrate
Copepodae,Invertebrate
Copepodae,Invertebrate
Copepodae,Invertebrate
Copepodae,Invertebrate
Copepodae,Invertebrate
Corbicula fluminea,Invertebrate
Cordullidae,Invertebrate
Cordullidae,Invertebrate
Corixidae,Invertebrate
Corixidae,Invertebrate
Corixidae,Invertebrate
Corixidae,Invertebrate
Corixidae,Invertebrate
Corixidae,Invertebrate
Corixidae,Invertebrate
Corixidae,Invertebrate
Corixidae,Invertebrate
Corixidae,Invertebrate
Corixidae,Invertebrate
Corixidae,Invertebrate
Corixidae,Invertebrate
Corixidae,Invertebrate
Corixidae,Invertebrate
Cosmarium sp.,Algae
Cosmarium sp.,Algae
Cosmarium sp.,Algae
Cosmarium sp1,Algae
Cosmarium sp1,Algae
Cosmarium sp1,Algae
Cosmarium sp2,Algae
Cosmarium sp2,Algae
Cosmarium sp2,Algae
Crenicichla lepidota,Fish
Crenicichla lepidota,Fish
Crenicichla lepidota,Fish
Crustacea,Invertebrate
Crustacea,Invertebrate
Crustacea,Invertebrate
Crustacea,Invertebrate
Crustacea,Invertebrate
Crustacea,Invertebrate
Crustacea,Invertebrate
Crustacea,Invertebrate
Crustacea,Invertebrate
Crustacea,Invertebrate
Crustacea,Invertebrate
Crustacea,Invertebrate
Crustacea,Invertebrate
Crustacea,Invertebrate
Crustacea,Invertebrate
Crustacea,Invertebrate
Crustacea,Invertebrate
Crustacea,Invertebrate
Crustacea,Invertebrate
Crustacea,Invertebrate
Crustacea,Invertebrate
Crustacea,Invertebrate
Crustacea,Invertebrate
Crustacea,Invertebrate
Crustacea,Invertebrate
Crustacea,Invertebrate
Crustacea,Invertebrate
Crustacea,Invertebrate
Crustacea,Invertebrate
Crustacea,Invertebrate
Crustacea,Invertebrate
Crustacea,Invertebrate
Crustacea,Invertebrate
Crustacea,Invertebrate
Crustacea,Invertebrate
Crustacea,Invertebrate
Crustacea,Invertebrate
Crustacea,Invertebrate
Crustacea,Invertebrate
Crustacea,Invertebrate
Crustacea,Invertebrate
Crustacea,Invertebrate
Crustacea,Invertebrate
Crustacea,Invertebrate
Crustacea,Invertebrate
Crustacea,Invertebrate
Crustacea,Invertebrate
Crustacea,Invertebrate
Crustacea,Invertebrate
Crustacea,Invertebrate
Crustacea,Invertebrate
Crustacea,Invertebrate
Crustacea,Invertebrate
Crustacea,Invertebrate
Crustacea,Invertebrate
Crustacea,Invertebrate
Crustacea,Invertebrate
Crustacea,Invertebrate
Crustacea,Invertebrate
Crustacea,Invertebrate
Crustacea,Invertebrate
Crustacea,Invertebrate
Crustacea,Invertebrate
Crustacea,Invertebrate
Crustacea,Invertebrate
Crustacea,Invertebrate
Crustacea,Invertebrate
Crustacea,Invertebrate
Crustacea fragment,Invertebrate
Crustacea fragment,Invertebrate
Crustacea fragment,Invertebrate
Crustacea n.i.,Invertebrate
Crustacea n.i.,Invertebrate
Crustacea n.i.,Invertebrate
Crustacea n.i.,Invertebrate
crustacean,Invertebrate
crustacean,Invertebrate
crustacean,Invertebrate
Crustáceos,Invertebrate
Crustáceos,Invertebrate
Crustáceos,Invertebrate
Crustáceos,Invertebrate
Crustáceos,Invertebrate
Crustáceos,Invertebrate
Crustáceos,Invertebrate
Crustáceos,Invertebrate
Crustáceos,Invertebrate
Crustáceos,Invertebrate
crustáceos,Invertebrate
crustáceos,Invertebrate
crustáceos,Invertebrate
crustáceos,Invertebrate
crustáceos,Invertebrate
crustáceos,Invertebrate
crustáceos,Invertebrate
crustáceos,Invertebrate
crustáceos,Invertebrate
crustáceos,Invertebrate
crustáceos,Invertebrate
crustáceos,Invertebrate
crustáceos,Invertebrate
crustáceos,Invertebrate
crustáceos,Invertebrate
crustáceos,Invertebrate
crustáceos,Invertebrate
crustáceos,Invertebrate
crustáceos,Invertebrate
crustáceos,Invertebrate
crustáceos,Invertebrate
crustáceos,Invertebrate
crustáceos,Invertebrate
crustáceos,Invertebrate
crustáceos,Invertebrate
crustáceos,Invertebrate
crustáceos,Invertebrate
crustáceos,Invertebrate
crustáceos,Invertebrate
crustáceos,Invertebrate
crustáceos,Invertebrate
crustáceos,Invertebrate
crustáceos,Invertebrate
crustáceos,Invertebrate
crustáceos,Invertebrate
crustáceos,Invertebrate
crustáceos,Invertebrate
crustáceos,Invertebrate
crustáceos,Invertebrate
crustáceos,Invertebrate
crustáceos,Invertebrate
crustáceos,Invertebrate
crustáceos,Invertebrate
crustáceos,Invertebrate
crustáceos,Invertebrate
crustáceos,Invertebrate
crustáceos,Invertebrate
crustáceos,Invertebrate
crustáceos,Invertebrate
crustáceos,Invertebrate
crustáceos,Invertebrate
crustáceos,Invertebrate
crustáceos,Invertebrate
crustáceos,Invertebrate
crustáceos,Invertebrate
crustáceos,Invertebrate
crustáceos,Invertebrate
crustáceos,Invertebrate
crustáceos,Invertebrate
crustáceos,Invertebrate
crustáceos,Invertebrate
crustáceos,Invertebrate
crustáceos,Invertebrate
crustáceos,Invertebrate
crustáceos,Invertebrate
crustáceos,Invertebrate
crustáceos,Invertebrate
crustáceos,Invertebrate
crustáceos,Invertebrate
crustáceos,Invertebrate
crustáceos,Invertebrate
crustáceos,Invertebrate
crustáceos,Invertebrate
crustáceos,Invertebrate
crustáceos,Invertebrate
crustáceos,Invertebrate
crustáceos,Invertebrate
crustáceos,Invertebrate
crustáceos,Invertebrate
crustáceos,Invertebrate
crustáceos,Invertebrate
crustáceos,Invertebrate
crustáceos,Invertebrate
crustáceos,Invertebrate
crustáceos,Invertebrate
crustáceos,Invertebrate
crustáceos,Invertebrate
crustáceos,Invertebrate
crustáceos,Invertebrate
crustáceos,Invertebrate
crustáceos,Invertebrate
crustáceos,Invertebrate
crustáceos,Invertebrate
crustáceos,Invertebrate
crustáceos,Invertebrate
crustáceos,Invertebrate
crustáceos,Invertebrate
crustáceos,Invertebrate
crustáceos,Invertebrate
crustáceos,Invertebrate
crustáceos,Invertebrate
crustáceos,Invertebrate
crustáceos,Invertebrate
crustáceos,Invertebrate
crustáceos,Invertebrate
crustáceos,Invertebrate
crustáceos,Invertebrate
crustáceos,Invertebrate
crustáceos,Invertebrate
crustáceos,Invertebrate
crustáceos,Invertebrate
crustáceos,Invertebrate
crustáceos,Invertebrate
crustáceos,Invertebrate
crustáceos,Invertebrate
crustáceos,Invertebrate
crustáceos,Invertebrate
crustáceos,Invertebrate
crustáceos,Invertebrate
crustáceos,Invertebrate
crustáceos,Invertebrate
crustáceos,Invertebrate
crustáceos,Invertebrate
crustáceos,Invertebrate
crustáceos,Invertebrate
crustáceos,Invertebrate
crustáceos,Invertebrate
crustáceos,Invertebrate
crustáceos,Invertebrate
crustáceos,Invertebrate
crustáceos,Invertebrate
crustáceos,Invertebrate
crustáceos,Invertebrate
crustáceos,Invertebrate
crustáceos,Invertebrate
crustáceos,Invertebrate
crustáceos,Invertebrate
crustáceos,Invertebrate
crustáceos,Invertebrate
crustáceos,Invertebrate
crustáceos,Invertebrate
crustáceos,Invertebrate
crustáceos,Invertebrate
crustáceos,Invertebrate
crustáceos,Invertebrate
crustáceos,Invertebrate
crustáceos,Invertebrate
crustáceos,Invertebrate
crustáceos,Invertebrate
crustáceos,Invertebrate
crustáceos,Invertebrate
crustáceos,Invertebrate
crustáceos,Invertebrate
crustáceos,Invertebrate
crustáceos,Invertebrate
crustáceos,Invertebrate
crustáceos,Invertebrate
crustáceos,Invertebrate
crustáceos,Invertebrate
crustáceos,Invertebrate
crustáceos,Invertebrate
crustáceos,Invertebrate
crustáceos,Invertebrate
crustáceos,Invertebrate
crustáceos,Invertebrate
crustáceos,Invertebrate
crustáceos,Invertebrate
crustáceos,Invertebrate
crustáceos,Invertebrate
crustáceos,Invertebrate
crustáceos,Invertebrate
crustáceos,Invertebrate
crustáceos,Invertebrate
crustáceos,Invertebrate
crustáceos,Invertebrate
crustáceos,Invertebrate
crustáceos,Invertebrate
crustáceos,Invertebrate
crustáceos,Invertebrate
crustáceos,Invertebrate
crustáceos,Invertebrate
crustáceos,Invertebrate
crustáceos,Invertebrate
crustáceos,Invertebrate
crustáceos,Invertebrate
crustáceos,Invertebrate
crustáceos,Invertebrate
crustáceos,Invertebrate
crustáceos,Invertebrate
crustáceos,Invertebrate
crustáceos,Invertebrate
crustáceos,Invertebrate
crustáceos,Invertebrate
crustáceos,Invertebrate
crustáceos,Invertebrate
crustáceos,Invertebrate
crustáceos,Invertebrate
crustáceos,Invertebrate
crustáceos,Invertebrate
crustáceos,Invertebrate
crustáceos,Invertebrate
crustáceos,Invertebrate
crustáceos,Invertebrate
crustáceos,Invertebrate
crustáceos,Invertebrate
crustáceos,Invertebrate
crustáceos,Invertebrate
crustáceos,Invertebrate
crustáceos,Invertebrate
crustáceos,Invertebrate
crustáceos,Invertebrate
crustáceos,Invertebrate
Crutacea,Invertebrate
Crutacea,Invertebrate
Crutacea,Invertebrate
Ctenoid scale,Fish
Ctenoid scale,Fish
Ctenoid scale,Fish
Ctenoid scale,Fish
Culicidae adulto,Invertebrate
Culicidae adulto,Invertebrate
Culicidae adulto,Invertebrate
Culicidae adulto,Invertebrate
Culicidae adulto,Invertebrate
Culicidae adulto,Invertebrate
Cumacea,Invertebrate
Cumacea,Invertebrate
Cumacea,Invertebrate
Cumacea,Invertebrate
Cumacea,Invertebrate
Cumacea,Invertebrate
Cumacea,Invertebrate
Curimatela lepidura,Fish
Curimatela lepidura,Fish
Curimatella lepidura,Fish
Curimatella lepidura,Fish
Curimatella lepidura,Fish
Curimatidae,Fish
Curimatidae,Fish
Cyamidae,Invertebrate
Cyamidae,Invertebrate
Cyamidae,Invertebrate
Cyamidae,Invertebrate
Cyamidae,Invertebrate
Cyamidae,Invertebrate
Cyanophyceae,Algae
Cyanophyceae,Algae
Cyanophyceae,Algae
Cyanophyceae,Algae
Cyanophyceae,Algae
Cyanophyceae,Algae
Cyanophyceae,Algae
Cyanophyceae,Algae
Cyanophyceae,Algae
Cyanophyceae,Algae
Cyanophyceae,Algae
Cyanophyceae,Algae
Cyanophyceae,Algae
Cyanophyceae,Algae
Cyanophyceae,Algae
Cyanophyceae,Algae
Cyanophyceae,Algae
Cyanophyceae,Algae
Cyanophyceae,Algae
Cyanophyceae,Algae
Cyanophyceae,Algae
Cyanophyceae,Algae
Cyanophyceae,Algae
Cyanophyceae,Algae
Cyanophyceae,Algae
Cyanophyta,Algae
Cyanophyta,Algae
Cyanophyta,Algae
Cyanophyta,Algae
Cyanophyta,Algae
Cyanophyta,Algae
Cyanophyta,Algae
Cyanophyta,Algae
Cyanophyta,Algae
Cyanophyta,Algae
Cyanophyta,Algae
Cyanophyta,Algae
Cyanophyta,Algae
Cyanophyta,Algae
Cyanophyta,Algae
Cyanophyta,Algae
Cyanophyta,Algae
Cyanophyta,Algae
Cyanophyta,Algae
Cyanophyta,Algae
Cyanophyta,Algae
Cyanophyta,Algae
Cyanophyta,Algae
Cyanophyta,Algae
Cyanophyta,Algae
Cyanophyta,Algae
Cyanophyta,Algae
Cyanophyta,Algae
Cycloid scale,Fish
Cycloid scale,Fish
Cycloid scale,Fish
Cycloid scale,Fish
Cycloid scale,Fish
Cycloid scale,Fish
Cycloid scale,Fish
Cycloid scale,Fish
Cycloid scale,Fish
Cycloid scale,Fish
Cycloid scale,Fish
Cycloid scale,Fish
Cycloid scale,Fish
Cycloid scale,Fish
Cycloid scale,Fish
Cycloid scale,Fish
Cycloid scale,Fish
Cycloid scale,Fish
Cycloid scale,Fish
Cycloid scale,Fish
Cycloid scale,Fish
Cycloid scale,Fish
Cycloid scale,Fish
Cycloid scale,Fish
Cycloid scale,Fish
Cycloid scale,Fish
Cycloid scale,Fish
Cycloid scale,Fish
Cycloid scale,Fish
Cycloid scale,Fish
Cycloid scale,Fish
Cycloid scale,Fish
Cycloid scale,Fish
Cycloid scale,Fish
Cycloid scale,Fish
Cycloid scale,Fish
Cycloid scale,Fish
Cycloid scale,Fish
Cycloid scale,Fish
Cycloid scale,Fish
Cycloid scale,Fish
Cycloid scale,Fish
Cycloid scale,Fish
Cycloid scale,Fish
Cycloid scale,Fish
Cycloid scale,Fish
Cycloid scale,Fish
Cycloid scale,Fish
Cycloid scale,Fish
Cycloid scale,Fish
Cycloid scale,Fish
Cycloid scale,Fish
Cycloid scale,Fish
Cycloid scale,Fish
Cycloid scale,Fish
Cycloid scale,Fish
Cycloid scale,Fish
Cycloid scale,Fish
Cycloid scale,Fish
Cycloid scale,Fish
Cycloid scale,Fish
Cycloid scale,Fish
Cycloid scale,Fish
cycloid scales,Fish
cycloid scales,Fish
cycloid scales,Fish
Cyclopoida,Invertebrate
Cyclopoida,Invertebrate
Cyclopoida,Invertebrate
Cyclopoida,Invertebrate
Cyclopoida,Invertebrate
Cyclopoida,Invertebrate
Cyclopoida,Invertebrate
Cyclopoida,Invertebrate
Cyclopoida,Invertebrate
Cyclopoida,Invertebrate
Cyclopoida,Invertebrate
Cyclopoida,Invertebrate
Cyclopoida,Invertebrate
Cyclopoida,Invertebrate
Cyclopoida,Invertebrate
Cyclopoida,Invertebrate
Cyclopoida,Invertebrate
Cyclopoida,Invertebrate
Cyclopoida,Invertebrate
Cyclopoida,Invertebrate
Cyclopoida,Invertebrate
Cyclopoida,Invertebrate
Cyclopoida,Invertebrate
Cyclopoida,Invertebrate
Cyclopoida,Invertebrate
Cyclopoida,Invertebrate
Cyclopoida,Invertebrate
Cyclopoida,Invertebrate
Cyclopoida,Invertebrate
Cyclopoida,Invertebrate
Cyclopoida,Invertebrate
Cyclopoida,Invertebrate
Cyclopoida,Invertebrate
Cyclopoida,Invertebrate
Cyclopoida,Invertebrate
Cyclopoida,Invertebrate
Cyclopoida,Invertebrate
Cyclopoida,Invertebrate
Cyclopoida,Invertebrate
Cyclopoida,Invertebrate
Cyclopoida,Invertebrate
Cyclopoida,Invertebrate
Cyclopoida,Invertebrate
Cyclopoida,Invertebrate
Cyclopoida,Invertebrate
Cyclopoida,Invertebrate
Cyclopoida,Invertebrate
Cyclopoida,Invertebrate
Cyclopoida,Invertebrate
Cyclopoida,Invertebrate
Cyclopoida,Invertebrate
Cyclopoida,Invertebrate
Cyclopoida,Invertebrate
Cyclopoida,Invertebrate
Cyclopoida,Invertebrate
Cyclopoida,Invertebrate
Cyclopoida,Invertebrate
Cyclopoida,Invertebrate
Cyclopoida,Invertebrate
Cyclopoida,Invertebrate
Cyclopoida,Invertebrate
Cyclopoida,Invertebrate
Cyclopoida,Invertebrate
Cyclopoida,Invertebrate
Cyclopoida,Invertebrate
Cyclopoida,Invertebrate
Cyclopoida,Invertebrate
Cyclopoida,Invertebrate
Cyclopoida,Invertebrate
Cyclopoida,Invertebrate
Cyclopoida,Invertebrate
Cyclopoida,Invertebrate
Cyclopoida,Invertebrate
Cyclopoida,Invertebrate
Cyclopoida,Invertebrate
Cyclopoida,Invertebrate
Cyclopoida,Invertebrate
Cyclopoida,Invertebrate
Cyclopoida,Invertebrate
Cyclopoida,Invertebrate
Cyclopoida,Invertebrate
Cyclopoida,Invertebrate
Cyclopoida,Invertebrate
Cyclopoida,Invertebrate
Cyclopoida,Invertebrate
Cyclopoida,Invertebrate
Cyclopoida,Invertebrate
Cyclopoida,Invertebrate
Cyclopoida,Invertebrate
Cyclopoida,Invertebrate
Cyclopoida,Invertebrate
Cyclopoida,Invertebrate
Cyclopoida,Invertebrate
Cyclopoida,Invertebrate
Cyclopoida,Invertebrate
Cyclotela,Algae
Cyclotella meneghiniana,Algae
Cyclotella meneghiniana,Algae
Cyclotella meneghiniana,Algae
Cyclotella meneghiniana,Algae
Cyclotella meneghiniana,Algae
Cyclotella meneghiniana,Algae
Cyclotella meneghiniana,Algae
Cyclotella meneghiniana,Algae
Cyclotella meneghiniana,Algae
Cyclotella sp.,Algae
Cyclotella sp.,Algae
Cyclotella sp.,Algae
Cyclotella sp.,Algae
Cyclotella sp.,Algae
Cyclotella sp.,Algae
Cylindrospermopsis raciborskii,Algae
Cylindrospermopsis raciborskii,Algae
Cylindrospermopsis raciborskii,Algae
Cylindrospermopsis raciborskii,Algae
Cylindrospermopsis raciborskii,Algae
Cylindrospermopsis raciborskii,Algae
Cylindrospermopsis raciborskii,Algae
Cylindrospermopsis raciborskii,Algae
Cylindrospermopsis raciborskii,Algae
Cymbela,Algae
Cymbella sp.,Algae
Cymbella sp.,Algae
Cymbella sp.,Algae
Cymbella sp.,Algae
Cymbella sp.,Algae
Cymbella sp.,Algae
Cymbella sp.,Algae
Cymbella sp.,Algae
Cymbella sp.,Algae
Cyphocharax gilbert,Fish
Dactylopterus volitans,Fish
Dactylopterus volitans,Fish
Dactylopterus volitans,Fish
Dactylopterus volitans,Fish
Daphiniidae,Invertebrate
Daphiniidae,Invertebrate
Daphiniidae,Invertebrate
Daphniidae,Invertebrate
Daphniidae,Invertebrate
Daphniidae,Invertebrate
Daphniidae,Invertebrate
Daphniidae,Invertebrate
Daphniidae,Invertebrate
Daphniidae,Invertebrate
Daphniidae,Invertebrate
Daphniidae,Invertebrate
Daphniidae,Invertebrate
Daphniidae,Invertebrate
Daphniidae,Invertebrate
Daphniidae,Invertebrate
Daphniidae,Invertebrate
Daphniidae,Invertebrate
Daphniidae,Invertebrate
Daphniidae,Invertebrate
Daphniidae,Invertebrate
Daphniidae,Invertebrate
Daphniidae,Invertebrate
Daphniidae,Invertebrate
Daphniidae,Invertebrate
Daphniidae,Invertebrate
Daphniidae,Invertebrate
Daphniidae,Invertebrate
Daphniidae,Invertebrate
Debris,Detritus
Debris,Detritus
Debris,Detritus
Debris,Detritus
Debris,Detritus
Debris,Detritus
Debris,Detritus
Debris,Detritus
Debris,Detritus
Debris,Detritus
Debris,Detritus
Debris,Detritus
Debris,Detritus
debris and sediment,Detritus
debris and sediment,Detritus
debris and sediment,Detritus
debris and sediment,Detritus
debris and sediment,Detritus
debris and sediment,Detritus
debris and sediment,Detritus
debris and sediment,Detritus
debris and sediment,Detritus
debris and sediment,Detritus
Decapoda,Invertebrate
Decapoda,Invertebrate
Decapoda,Invertebrate
Decapoda,Invertebrate
Decapoda,Invertebrate
Decapoda,Invertebrate
Decapoda,Invertebrate
Decapoda,Invertebrate
Decapoda,Invertebrate
Decapoda,Invertebrate
Decapoda,Invertebrate
Decapoda,Invertebrate
Decapoda,Invertebrate
Decapoda,Invertebrate
Decapoda,Invertebrate
Decapoda,Invertebrate
Decapoda,Invertebrate
Decapoda,Invertebrate
Decapoda,Invertebrate
Decapoda,Invertebrate
Decapoda,Invertebrate
Decapoda,Invertebrate
Decapoda,Invertebrate
Decapoda,Invertebrate
Decapoda,Invertebrate
Decapoda,Invertebrate
Decapoda,Invertebrate
Decapoda,Invertebrate
Decapoda,Invertebrate
Decapoda,Invertebrate
Decapoda,Invertebrate
Decapoda,Invertebrate
Decapoda,Invertebrate
Decapoda,Invertebrate
Decapoda,Invertebrate
Decapoda,Invertebrate
Decapoda,Invertebrate
Decapoda,Invertebrate
Decapoda,Invertebrate
Decapoda,Invertebrate
Decapoda,Invertebrate
Decapoda,Invertebrate
Decapoda,Invertebrate
Decapoda,Invertebrate
Decapoda,Invertebrate
Decapoda,Invertebrate
Decapoda,Invertebrate
Decapoda,Invertebrate
Decapoda,Invertebrate
Decapoda,Invertebrate
Decapoda,Invertebrate
Decapoda,Invertebrate
Decapoda,Invertebrate
Decapoda,Invertebrate
Decapoda,Invertebrate
Decapoda,Invertebrate
Decapoda,Invertebrate
Decapoda,Invertebrate
Decapoda,Invertebrate
Decapoda,Invertebrate
Decapoda,Invertebrate
Decapoda,Invertebrate
Decapoda,Invertebrate
Decapoda (L),Invertebrate
Decapoda (L),Invertebrate
Decapoda (L),Invertebrate
Decapoda (L),Invertebrate
Decapoda (L),Invertebrate
Decapoda (L),Invertebrate
Decapoda (L),Invertebrate
Decapoda (L),Invertebrate
Decapoda (L),Invertebrate
Decapoda (L),Invertebrate
Decapoda (L),Invertebrate
Decapoda (L),Invertebrate
Decapoda larvae,Invertebrate
Decapoda larvae,Invertebrate
Decapoda larvae,Invertebrate
Decapoda larvae,Invertebrate
Decapoda larvae,Invertebrate
Decapoda larvae,Invertebrate
Decapoda larvae,Invertebrate
Decapoda larvae,Invertebrate
Decapoda larvae,Invertebrate
Decapoda larvae,Invertebrate
Decapoda larvae,Invertebrate
Decapoda larvae,Invertebrate
Decapoda larvae,Invertebrate
Decapoda larvae,Invertebrate
Decapoda larvae,Invertebrate
Decapoda larvae,Invertebrate
Decapoda larvae,Invertebrate
Decapoda larvae,Invertebrate
Decapoda larvae,Invertebrate
Decapoda larvae,Invertebrate
Decapoda larvae,Invertebrate
Dendrobranchiata,Invertebrate
Dendrobranchiata,Invertebrate
Dendrobranchiata,Invertebrate
Dendrobranchiata,Invertebrate
Detrito,Detritus
Detrito,Detritus
Detrito,Detritus
Detrito,Detritus
Detrito,Detritus
Detrito,Detritus
Detrito,Detritus
Detrito,Detritus
Detrito,Detritus
Detrito,Detritus
Detrito,Detritus
Detrito,Detritus
detrito,Detritus
detrito,Detritus
detrito,Detritus
detrito,Detritus
detritos,Detritus
detritos,Detritus
detritos,Detritus
detritos,Detritus
detritos,Detritus
detritos,Detritus
detritos,Detritus
detritos,Detritus
detritos,Detritus
detritos,Detritus
detritos,Detritus
detritos,Detritus
detritos,Detritus
detritos,Detritus
detritos,Detritus
detritos,Detritus
detritos,Detritus
detritos,Detritus
detritos,Detritus
detritos,Detritus
detritos,Detritus
detritos,Detritus
detritos,Detritus
detritos,Detritus
detritos,Detritus
detritos,Detritus
detritos,Detritus
detritos,Detritus
detritos,Detritus
detritos,Detritus
detritos,Detritus
detritos,Detritus
detritos,Detritus
detritos,Detritus
detritos,Detritus
detritos,Detritus
detritos,Detritus
detritos,Detritus
detritos,Detritus
detritos,Detritus
detritos,Detritus
detritos,Detritus
detritos,Detritus
detritos,Detritus
detritos,Detritus
detritos,Detritus
detritos,Detritus
detritos,Detritus
detritos,Detritus
detritos,Detritus
detritos,Detritus
detritos,Detritus
detritos,Detritus
detritos,Detritus
detritos,Detritus
detritos,Detritus
detritos,Detritus
detritos,Detritus
detritos,Detritus
detritos,Detritus
detritos,Detritus
detritos,Detritus
detritos,Detritus
detritos,Detritus
detritos,Detritus
detritos,Detritus
detritos,Detritus
detritos,Detritus
detritos,Detritus
detritos,Detritus
detritos,Detritus
detritos,Detritus
detritos,Detritus
detritos,Detritus
detritos,Detritus
detritos,Detritus
detritos,Detritus
detritos,Detritus
detritos,Detritus
detritos,Detritus
Detritus,Detritus
Detritus,Detritus
Detritus,Detritus
Detritus,Detritus
Detritus,Detritus
Detritus,Detritus
Detritus,Detritus
Detritus,Detritus
Detritus,Detritus
Detritus,Detritus
Detritus,Detritus
Detritus,Detritus
Detritus,Detritus
Detritus,Detritus
Detritus,Detritus
Detritus,Detritus
Detritus,Detritus
Detritus,Detritus
Detritus,Detritus
Detritus,Detritus
Detritus,Detritus
Detritus,Detritus
Detritus,Detritus
Detritus,Detritus
Detritus,Detritus
Detritus,Detritus
Detritus,Detritus
Detritus,Detritus
Detritus,Detritus
Detritus,Detritus
Detritus,Detritus
Detritus,Detritus
Detritus,Detritus
Detritus,Detritus
Detritus,Detritus
Detritus,Detritus
Detritus,Detritus
Detritus,Detritus
Detritus,Detritus
Detritus,Detritus
Detritus,Detritus
Detritus,Detritus
Detritus,Detritus
Detritus,Detritus
Detritus,Detritus
Detritus,Detritus
Detritus,Detritus
Detritus,Detritus
Detritus,Detritus
Detritus,Detritus
Detritus,Detritus
Detritus,Detritus
Detritus,Detritus
Detritus,Detritus
Detritus,Detritus
Detritus,Detritus
Detritus,Detritus
Detritus,Detritus
Detritus,Detritus
Detritus,Detritus
Detritus,Detritus
Detritus,Detritus
Detritus,Detritus
Detritus,Detritus
Detritus,Detritus
Detritus,Detritus
Detritus,Detritus
Detritus,Detritus
Detritus,Detritus
Detritus,Detritus
Detritus,Detritus
Detritus,Detritus
Detritus,Detritus
Detritus,Detritus
Detritus,Detritus
Detritus,Detritus
Detritus,Detritus
Detritus,Detritus
Detritus,Detritus
Detritus,Detritus
Detritus,Detritus
Detritus,Detritus
Detritus,Detritus
Detritus,Detritus
Detritus,Detritus
Detritus,Detritus
Detritus,Detritus
Detritus,Detritus
Detritus,Detritus
Detritus,Detritus
Detritus,Detritus
Detritus,Detritus
Detritus,Detritus
Detritus,Detritus
Detritus,Detritus
Detritus,Detritus
Detritus,Detritus
Detritus,Detritus
Detritus,Detritus
Detritus,Detritus
Detritus,Detritus
Detritus,Detritus
Detritus,Detritus
Detritus,Detritus
Detritus,Detritus
Detritus,Detritus
Detritus,Detritus
Detritus,Detritus
Detritus,Detritus
Detritus,Detritus
Detritus,Detritus
Detritus,Detritus
Detritus,Detritus
Detritus,Detritus
Detritus,Detritus
Detritus,Detritus
Detritus,Detritus
Detritus,Detritus
Detritus,Detritus
Detritus,Detritus
Detritus,Detritus
Detritus,Detritus
Detritus,Detritus
Detritus,Detritus
Detritus,Detritus
Detritus,Detritus
Detritus,Detritus
Detritus,Detritus
Detritus,Detritus
Detritus,Detritus
Detritus,Detritus
Detritus,Detritus
Detritus,Detritus
Detritus,Detritus
Detritus,Detritus
Detritus,Detritus
Detritus,Detritus
Detritus,Detritus
Detritus,Detritus
Detritus,Detritus
Detritus,Detritus
Detritus,Detritus
Detritus,Detritus
Detritus,Detritus
Detritus,Detritus
Detritus,Detritus
Detritus,Detritus
Detritus,Detritus
Detritus,Detritus
Detritus,Detritus
Detritus,Detritus
Detritus,Detritus
Detritus,Detritus
Detritus,Detritus
Detritus,Detritus
Detritus,Detritus
Detritus,Detritus
Detritus,Detritus
Detritus,Detritus
Detritus,Detritus
Detritus,Detritus
Detritus,Detritus
Detritus,Detritus
Detritus,Detritus
Detritus,Detritus
Detritus,Detritus
Detritus,Detritus
Detritus,Detritus
Detritus,Detritus
Detritus,Detritus
Detritus,Detritus
Detritus,Detritus
Detritus,Detritus
Detritus,Detritus
Detritus,Detritus
Detritus,Detritus
Detritus,Detritus
Detritus,Detritus
Detritus,Detritus
Detritus,Detritus
Detritus,Detritus
Detritus,Detritus
Detritus,Detritus
Detritus,Detritus
Detritus,Detritus
Detritus,Detritus
Detritus,Detritus
Detritus,Detritus
Detritus,Detritus
Detritus,Detritus
Detritus,Detritus
Detritus,Detritus
Detritus,Detritus
Detritus,Detritus
Detritus,Detritus
Detritus,Detritus
Detritus,Detritus
Detritus,Detritus
Detritus,Detritus
Detritus,Detritus
Detritus,Detritus
Detritus,Detritus
Detritus,Detritus
Detritus,Detritus
Detritus,Detritus
Detritus,Detritus
Detritus,Detritus
Detritus,Detritus
Detritus,Detritus
Detritus,Detritus
Detritus,Detritus
Detritus,Detritus
Detritus,Detritus
Detritus,Detritus
Detritus,Detritus
Detritus,Detritus
Detritus,Detritus
Detritus,Detritus
Detritus,Detritus
Detritus,Detritus
Detritus,Detritus
Detritus,Detritus
Detritus,Detritus
Detritus,Detritus
Detritus,Detritus
Detritus,Detritus
Detritus,Detritus
Detritus,Detritus
Detritus,Detritus
Detritus,Detritus
Detritus,Detritus
Detritus,Detritus
Detritus,Detritus
Detritus,Detritus
Detritus,Detritus
Detritus,Detritus
Detritus,Detritus
Detritus,Detritus
Detritus,Detritus
Detritus,Detritus
Detritus,Detritus
Detritus,Detritus
Detritus,Detritus
Detritus,Detritus
Detritus,Detritus
Detritus,Detritus
Detritus,Detritus
Detritus,Detritus
Detritus,Detritus
Detritus,Detritus
Detritus,Detritus
Detritus,Detritus
Detritus,Detritus
Detritus,Detritus
Detritus,Detritus
Detritus,Detritus
Detritus,Detritus
Detritus,Detritus
Detritus,Detritus
Detritus,Detritus
Detritus,Detritus
Detritus,Detritus
Detritus,Detritus
Detritus,Detritus
Detritus,Detritus
Detritus,Detritus
Detritus,Detritus
Detritus,Detritus
Detritus,Detritus
Detritus,Detritus
Detritus,Detritus
Detritus,Detritus
Detritus,Detritus
Detritus,Detritus
Detritus,Detritus
Detritus,Detritus
Detritus,Detritus
Detritus,Detritus
Detritus,Detritus
Detritus,Detritus
Detritus,Detritus
Detritus,Detritus
Detritus,Detritus
Detritus,Detritus
Detritus,Detritus
Detritus,Detritus
Detritus,Detritus
Detritus,Detritus
Detritus,Detritus
Detritus,Detritus
Detritus,Detritus
Detritus,Detritus
Detritus,Detritus
Detritus,Detritus
Detritus,Detritus
Detritus,Detritus
Detritus,Detritus
Detritus,Detritus
Detritus,Detritus
Detritus,Detritus
Detritus,Detritus
Detritus,Detritus
Detritus,Detritus
Detritus,Detritus
Detritus,Detritus
Detritus,Detritus
Detritus,Detritus
Detritus,Detritus
Detritus,Detritus
Detritus,Detritus
Detritus,Detritus
Detritus,Detritus
Detritus,Detritus
Detritus,Detritus
Detritus,Detritus
Detritus,Detritus
Detritus,Detritus
Detritus,Detritus
Detritus,Detritus
Detritus,Detritus
Detritus,Detritus
Detritus,Detritus
Detritus,Detritus
Detritus,Detritus
Detritus,Detritus
Detritus,Detritus
Detritus,Detritus
Detritus,Detritus
Detritus,Detritus
Detritus,Detritus
Detritus,Detritus
Detritus,Detritus
Detritus,Detritus
Detritus,Detritus
Detritus,Detritus
Detritus,Detritus
Detritus,Detritus
Detritus,Detritus
Detritus,Detritus
Detritus,Detritus
Detritus,Detritus
Detritus,Detritus
Detritus,Detritus
Detritus,Detritus
Detritus,Detritus
Detritus,Detritus
Detritus,Detritus
Detritus,Detritus
Detritus,Detritus
Detritus,Detritus
Detritus,Detritus
Detritus,Detritus
Detritus,Detritus
Detritus,Detritus
Detritus,Detritus
Detritus,Detritus
Detritus,Detritus
Detritus,Detritus
Detritus,Detritus
Detritus,Detritus
Detritus,Detritus
Detritus,Detritus
Detritus,Detritus
Detritus,Detritus
Detritus,Detritus
Detritus,Detritus
Detritus,Detritus
Detritus,Detritus
Detritus,Detritus
Detritus,Detritus
Detritus,Detritus
Detritus,Detritus
Detritus,Detritus
Detritus,Detritus
Detritus,Detritus
Detritus,Detritus
Detritus,Detritus
Detritus,Detritus
Detritus,Detritus
Detritus,Detritus
Detritus,Detritus
Detritus,Detritus
Detritus,Detritus
Detritus,Detritus
Detritus,Detritus
Detritus,Detritus
Detritus,Detritus
Diaphanosoma sp.,Invertebrate
Diaphanosoma sp.,Invertebrate
Diaphanosoma sp.,Invertebrate
Diaphanosoma spinulosum,Invertebrate
Diaphanosoma spinulosum,Invertebrate
Diaphanosoma spinulosum,Invertebrate
Diaphanosoma spinulosum,Invertebrate
Diaphanosoma spinulosum,Invertebrate
Diaphanosoma spinulosum,Invertebrate
Diatom penatae,Algae
Diatom penatae,Algae
Diatom penatae,Algae
Diatom penatae,Algae
Diatom penatae,Algae
Diatom penatae,Algae
Diatomaceae,Algae
Diatomaceae,Algae
Diatomaceae,Algae
Diatomaceae,Algae
Diatomaceae,Algae
Diatomaceae,Algae
Diatomaceae,Algae
Diatoms,Algae
Diatoms,Algae
Diatoms,Algae
Diatoms,Algae
Diatoms,Algae
Diatoms,Algae
Diatoms,Algae
Diatoms,Algae
Dicmtendipes,Invertebrate
Dicmtendipes,Invertebrate
Dicmtendipes,Invertebrate
Dicmtendipes,Invertebrate
Dicrotendipes,Invertebrate
Dicrotendipes,Invertebrate
Digested material,Other
Digested material,Other
Digested material,Other
Digested material,Other
Digested material,Other
Digested material,Other
Digested material,Other
Digested material,Other
Digested material,Other
Digested material,Other
Digested material,Other
Digested material,Other
Digested material,Other
Digested material,Other
Digested material,Other
Digested material,Other
Digested material,Other
Digested material,Other
Digested material,Other
Digested material,Other
Digested material,Other
Digested material,Other
Digested material,Other
Digested material,Other
Digested material,Other
digested material,Other
digested material,Other
digested material,Other
Digested material,Other
Digested material,Other
Digested material,Other
Digested material,Other
Digested material,Other
Digested material,Other
Digested material,Other
Digested material,Other
Digested material,Other
Digested material,Other
Digested material,Other
Digested material,Other
Digested material,Other
Digested material,Other
Digested material,Other
Digested material,Other
Digested material,Other
Digested material,Other
Digested material,Other
Digested material,Other
Digested material,Other
Digested material,Other
Digested material,Other
Digested material,Other
Digested material,Other
Digested material,Other
Digested material,Other
Digested material,Other
Digested material,Other
Digested material,Other
Digested material,Other
Digested material,Other
Digested material,Other
Digested material,Other
Digested material,Other
Digested material,Other
Digested material,Other
Digested material,Other
Digested material,Other
Digested material,Other
Digested material,Other
Digested material,Other
Digested material,Other
Digested material,Other
Digested material,Other
Digested material,Other
Digested material,Other
Digested material,Other
digested material,Other
digested material,Other
digested material,Other
digested material,Other
digested material,Other
digested material,Other
digested material,Other
digested material,Other
Digested material,Other
Digested material,Other
Digested material,Other
Digested material,Other
Digested matter,Other
Digested matter,Other
Digested matter,Other
Digested matter,Other
digested organic material,Other
digested organic material,Other
digested organic material,Other
digested organic material,Other
digested organic material,Other
digested organic material,Other
digested organic material,Other
digested organic material,Other
digested organic material,Other
digested organic material,Other
digested organic material,Other
digested organic material,Other
digested organic matter,Other
digested organic matter,Other
digested organic matter,Other
Diploneis sp.,Algae
Diploneis sp.,Algae
Diploneis sp.,Algae
Diptera,Invertebrate
Diptera,Invertebrate
Diptera,Invertebrate
Diptera,Invertebrate
Diptera,Invertebrate
Diptera,Invertebrate
Diptera,Invertebrate
Diptera,Invertebrate
Diptera,Invertebrate
Diptera,Invertebrate
Diptera,Invertebrate
Diptera,Invertebrate
Diptera,Invertebrate
Diptera,Invertebrate
Diptera,Invertebrate
Diptera,Invertebrate
Diptera,Invertebrate
Diptera,Invertebrate
Diptera,Invertebrate
Diptera,Invertebrate
Diptera,Invertebrate
Diptera,Invertebrate
Diptera,Invertebrate
Diptera,Invertebrate
Diptera,Invertebrate
Diptera,Invertebrate
Diptera,Invertebrate
Diptera,Invertebrate
Diptera,Invertebrate
Diptera,Invertebrate
Diptera,Invertebrate
Diptera,Invertebrate
Diptera,Invertebrate
Diptera,Invertebrate
Diptera,Invertebrate
Diptera,Invertebrate
Diptera,Invertebrate
Diptera,Invertebrate
Diptera,Invertebrate
Diptera,Invertebrate
Diptera,Invertebrate
Diptera,Invertebrate
Diptera,Invertebrate
Diptera,Invertebrate
Diptera,Invertebrate
Diptera,Invertebrate
Diptera,Invertebrate
Diptera,Invertebrate
Diptera,Invertebrate
Diptera,Invertebrate
Diptera,Invertebrate
Diptera,Invertebrate
Diptera,Invertebrate
Diptera,Invertebrate
Diptera,Invertebrate
Diptera,Invertebrate
Diptera,Invertebrate
Diptera,Invertebrate
Diptera,Invertebrate
Diptera,Invertebrate
Diptera,Invertebrate
Diptera,Invertebrate
Diptera,Invertebrate
Diptera,Invertebrate
Diptera,Invertebrate
Diptera,Invertebrate
Diptera,Invertebrate
Diptera,Invertebrate
Diptera,Invertebrate
Diptera,Invertebrate
Diptera,Invertebrate
Diptera,Invertebrate
Diptera,Invertebrate
Diptera,Invertebrate
Diptera,Invertebrate
Diptera,Invertebrate
Diptera,Invertebrate
Diptera,Invertebrate
Diptera,Invertebrate
Diptera,Invertebrate
Diptera,Invertebrate
Diptera,Invertebrate
Diptera,Invertebrate
Diptera,Invertebrate
Diptera,Invertebrate
Diptera,Invertebrate
Diptera,Invertebrate
Diptera,Invertebrate
Diptera,Invertebrate
Diptera,Invertebrate
Diptera,Invertebrate
Diptera,Invertebrate
Diptera,Invertebrate
Diptera,Invertebrate
Diptera,Invertebrate
Diptera,Invertebrate
Diptera,Invertebrate
Diptera,Invertebrate
Diptera,Invertebrate
Diptera,Invertebrate
Diptera,Invertebrate
Diptera,Invertebrate
Diptera,Invertebrate
Diptera,Invertebrate
Diptera,Invertebrate
Diptera,Invertebrate
Diptera,Invertebrate
Diptera,Invertebrate
Díptera,Invertebrate
Díptera,Invertebrate
Díptera,Invertebrate
Díptera,Invertebrate
Díptera,Invertebrate
Díptera,Invertebrate
Díptera,Invertebrate
Díptera,Invertebrate
Diptera adult,Invertebrate
Diptera adult,Invertebrate
Diptera adult,Invertebrate
Diptera adult,Invertebrate
Diptera adult,Invertebrate
Diptera adult,Invertebrate
Diptera adult,Invertebrate
Diptera adult,Invertebrate
Diptera adult,Invertebrate
Diptera adult,Invertebrate
Diptera adult,Invertebrate
Diptera adult,Invertebrate
diptera fragment,Invertebrate
diptera fragment,Invertebrate
diptera fragment,Invertebrate
diptera fragment,Invertebrate
diptera fragment,Invertebrate
diptera fragment,Invertebrate
Diptera larvae,Invertebrate
Diptera larvae,Invertebrate
Diptera larvae,Invertebrate
Diptera larvae,Invertebrate
Diptera larvae,Invertebrate
Diptera larvae,Invertebrate
Diptera larvae,Invertebrate
Diptera larvae,Invertebrate
Diptera larvae,Invertebrate
Diptera larvae,Invertebrate
Diptera larvae,Invertebrate
Diptera larvae,Invertebrate
Diptera larvae,Invertebrate
Diptera larvae,Invertebrate
Diptera larvae,Invertebrate
Diptera larvae,Invertebrate
Diptera larvae,Invertebrate
Diptera larvae,Invertebrate
Diptera larvae,Invertebrate
Diptera larvae,Invertebrate
Diptera larvae,Invertebrate
Diptera larvae,Invertebrate
Diptera larvae,Invertebrate
Diptera larvae,Invertebrate
Diptera larvae,Invertebrate
Diptera larvae,Invertebrate
Diptera larvae,Invertebrate
Diptera larvae,Invertebrate
Diptera larvae,Invertebrate
Diptera larvae,Invertebrate
Diptera larvae,Invertebrate
Diptera larvae,Invertebrate
Diptera larvae,Invertebrate
Diptera larvae,Invertebrate
Diptera larvae,Invertebrate
Diptera larvae,Invertebrate
Diptera larvae,Invertebrate
Diptera larvae,Invertebrate
Diptera larvae,Invertebrate
Diptera larvae,Invertebrate
Diptera pupa,Invertebrate
Diptera pupa,Invertebrate
Diptera pupa,Invertebrate
Diptera pupa,Invertebrate
Diptera pupa,Invertebrate
Diptera pupa,Invertebrate
Diptera pupa,Invertebrate
Diptera pupa,Invertebrate
Diptera pupa,Invertebrate
Diptera pupa,Invertebrate
Diptera pupa,Invertebrate
Diptera pupa,Invertebrate
Diptera pupa,Invertebrate
Diptera pupa,Invertebrate
Diptera pupa,Invertebrate
Diptera pupa,Invertebrate
diptera pupae,Invertebrate
diptera pupae,Invertebrate
diptera pupae,Invertebrate
Diptera-Adult,Invertebrate
Diptera-Adult,Invertebrate
Diptera-Adult,Invertebrate
Diptera-Adult,Invertebrate
Diptera-Larva,Invertebrate
Diptera-Larva,Invertebrate
Diptera-Larva,Invertebrate
Diptera-Larva,Invertebrate
Diptera-Pupa,Invertebrate
Diptera-Pupa,Invertebrate
Diptera-Pupa,Invertebrate
Diptera-Pupa,Invertebrate
Discias sp.,Invertebrate
Discias sp.,Invertebrate
Discias sp.,Invertebrate
Discias sp.,Invertebrate
Dixidae,Invertebrate
Dixidae,Invertebrate
Dixidae,Invertebrate
Dixidae,Invertebrate
Dixidae,Invertebrate
Dixidae,Invertebrate
Dryopidae,Invertebrate
Dryopidae,Invertebrate
Dryopidae,Invertebrate
Dryops larvae,Invertebrate
Dryops larvae,Invertebrate
Dytiscidae,Invertebrate
Dytiscidae,Invertebrate
Dytiscidae,Invertebrate
Dytiscidae (Larva),Invertebrate
Dytiscidae (Larva),Invertebrate
Egg,Other
Egg,Other
Egg,Other
Egg,Other
Egg,Other
Egg,Other
Egg,Other
Egg,Other
Egg,Other
egg,Other
egg,Other
egg,Other
egg,Other
egg,Other
egg,Other
egg,Other
Eigenmannia virescens,Fish
Eigenmannia virescens,Fish
Eigenmannia virescens,Fish
Eigenmannia virescens,Fish
Eigenmannia virescens,Fish
Eigenmannia virescens,Fish
Eigenmannia virescens,Fish
Eigenmannia virescens,Fish
Elmidae,Invertebrate
Elmidae,Invertebrate
Elmidae,Invertebrate
Elops saurus,Fish
Elops saurus,Fish
Elops saurus,Fish
Elops saurus,Fish
Elops saurus,Fish
Elops saurus,Fish
Elops saurus,Fish
Elops saurus,Fish
Elops saurus,Fish
Elops saurus,Fish
Elops saurus,Fish
Emerita sp.,Invertebrate
Emerita sp.,Invertebrate
Emerita sp.,Invertebrate
Emerita sp.,Invertebrate
Engraulidae,Fish
Engraulidae,Fish
Engraulidae,Fish
Engraulidae,Fish
Ephemenoptera,Invertebrate
Ephemenoptera,Invertebrate
Ephemenoptera,Invertebrate
Ephemenoptera,Invertebrate
Ephemenoptera,Invertebrate
Ephemeroptera,Invertebrate
Ephemeroptera,Invertebrate
Ephemeroptera,Invertebrate
Ephemeroptera,Invertebrate
Ephemeroptera,Invertebrate
Ephemeroptera,Invertebrate
Ephemeroptera,Invertebrate
Ephemeroptera,Invertebrate
Ephemeroptera,Invertebrate
Ephemeroptera,Invertebrate
Ephemeroptera,Invertebrate
Ephemeroptera,Invertebrate
Ephemeroptera,Invertebrate
Ephemeroptera,Invertebrate
Ephemeroptera,Invertebrate
Ephemeroptera,Invertebrate
Ephemeroptera,Invertebrate
Ephemeroptera,Invertebrate
Ephemeroptera,Invertebrate
Ephemeroptera,Invertebrate
Ephemeroptera,Invertebrate
Ephemeroptera,Invertebrate
Ephemeroptera,Invertebrate
Ephemeroptera,Invertebrate
Ephemeroptera,Invertebrate
Ephemeroptera,Invertebrate
Ephemeroptera,Invertebrate
Ephemeroptera,Invertebrate
Ephemeroptera,Invertebrate
Ephemeroptera,Invertebrate
Ephemeroptera,Invertebrate
Ephemeroptera,Invertebrate
Ephemeroptera,Invertebrate
Ephemeroptera,Invertebrate
Ephemeroptera,Invertebrate
Ephemeroptera,Invertebrate
Ephemeroptera,Invertebrate
Ephemeroptera,Invertebrate
Ephemeroptera,Invertebrate
Ephemeroptera,Invertebrate
Ephemeroptera,Invertebrate
Ephemeroptera,Invertebrate
Ephemeroptera,Invertebrate
Ephemeroptera,Invertebrate
Ephemeroptera,Invertebrate
Ephemeroptera,Invertebrate
Ephemeroptera,Invertebrate
Ephemeroptera,Invertebrate
Ephemeroptera,Invertebrate
Ephemeroptera,Invertebrate
Ephemeroptera,Invertebrate
Ephemeroptera,Invertebrate
Ephemeroptera,Invertebrate
Ephemeroptera,Invertebrate
Ephemeroptera,Invertebrate
Ephemeroptera,Invertebrate
Ephemeroptera,Invertebrate
Ephemeroptera,Invertebrate
Ephemeroptera,Invertebrate
Ephemeroptera,Invertebrate
Ephemeroptera,Invertebrate
Ephemeroptera,Invertebrate
Ephemeroptera,Invertebrate
Ephemeroptera,Invertebrate
Ephemeroptera,Invertebrate
Ephemeroptera,Invertebrate
Ephemeroptera,Invertebrate
Ephemeroptera,Invertebrate
Ephemeroptera,Invertebrate
Ephemeroptera,Invertebrate
Ephemeroptera,Invertebrate
Ephemeroptera,Invertebrate
Ephemeroptera,Invertebrate
Ephemeroptera,Invertebrate
Ephemeroptera,Invertebrate
Ephemeroptera,Invertebrate
Ephemeroptera,Invertebrate
Ephemeroptera,Invertebrate
Ephemeroptera,Invertebrate
Ephemeroptera,Invertebrate
Ephemeroptera,Invertebrate
Ephemeroptera,Invertebrate
Ephemeroptera,Invertebrate
Ephemeroptera,Invertebrate
Ephemeroptera,Invertebrate
Ephemeroptera,Invertebrate
Ephemeroptera,Invertebrate
Ephemeroptera,Invertebrate
Ephemeroptera,Invertebrate
Ephemeroptera,Invertebrate
Ephemeroptera (Larva),Invertebrate
Ephemeroptera (Larva),Invertebrate
Ephemeroptera (Larva),Invertebrate
Ephemeroptera (Larva),Invertebrate
Ephemeroptera adult,Invertebrate
Ephemeroptera larvae,Invertebrate
Ephemeroptera larvae,Invertebrate
Ephemeroptera larvae,Invertebrate
Ephemeroptera nymph,Invertebrate
Ephemeroptera nymph,Invertebrate
Ephemeroptera nymph,Invertebrate
Ephemeroptera nymph,Invertebrate
Ephemeroptera nymph,Invertebrate
Ephemeroptera nymph,Invertebrate
Ephemeroptera nymph,Invertebrate
Ephemeroptera nymph,Invertebrate
Ephemeroptera nymph,Invertebrate
Ephemeroptera nymph,Invertebrate
Ephemeroptera nymph,Invertebrate
Ephemeroptera nymph,Invertebrate
Ephemeroptera nymph,Invertebrate
Ephitemia sp.,Algae
Ephitemia sp.,Algae
Ephitemia sp.,Algae
Ephitemia sp.,Algae
Ephitemia sp.,Algae
Ephitemia sp.,Algae
Ephitemia sp.,Algae
Ephitemia sp.,Algae
Ephitemia sp.,Algae
Epithemia sp.,Algae
Epithemia sp.,Algae
Epithemia sp.,Algae
Errantia Polychaeta,Invertebrate
Errantia Polychaeta,Invertebrate
Errantia Polychaeta,Invertebrate
Errantia Polychaeta,Invertebrate
Errantia Polychaeta,Invertebrate
Errantia Polychaeta,Invertebrate
Errantia Polychaeta,Invertebrate
Errantia Polychaeta,Invertebrate
Errantia Polychaeta,Invertebrate
Errantia Polychaeta,Invertebrate
Errantia Polychaeta,Invertebrate
Errantia Polychaeta,Invertebrate
Erythrinidae,Fish
Escamas,Fish
Escamas,Fish
Escamas,Fish
Escamas,Fish
Escamas,Fish
Escamas,Fish
Escamas,Fish
Escamas,Fish
Escamas,Fish
Eucinostomus argenteus,Fish
Eucinostomus argenteus,Fish
Eucinostomus argenteus,Fish
Eucinostomus argenteus,Fish
Eucinostomus argenteus,Fish
Eucinostomus argenteus,Fish
Eucinostomus argenteus,Fish
Eucinostomus argenteus,Fish
Eucinostomus argenteus,Fish
Eucinostomus argenteus,Fish
Eucinostomus argenteus,Fish
Eucinostomus gula,Fish
Eucinostomus gula,Fish
Eucinostomus gula,Fish
Eucinostomus gula,Fish
Eucinostomus gula,Fish
Eucinostomus gula,Fish
Eucinostomus gula,Fish
Eucinostomus gula,Fish
Eucinostomus gula,Fish
Eucinostomus gula,Fish
Eucinostomus gula,Fish
Eucinostomus melanopterus,Fish
Eucinostomus melanopterus,Fish
Eucinostomus melanopterus,Fish
Eucinostomus melanopterus,Fish
Eucinostomus melanopterus,Fish
Eucinostomus melanopterus,Fish
Eucinostomus melanopterus,Fish
Eucinostomus melanopterus,Fish
Eucinostomus melanopterus,Fish
Eucinostomus melanopterus,Fish
Eucinostomus melanopterus,Fish
Eucinostomus sp.,Fish
Eucinostomus sp.,Fish
Eucinostomus sp.,Fish
Eucinostomus sp.,Fish
Eucinostomus sp.,Fish
Eucinostomus sp.,Fish
Eucinostomus sp.,Fish
Eucinostomus sp.,Fish
Eucinostomus sp.,Fish
Eucinostomus sp.,Fish
Eucinostomus sp.,Fish
Eudorina elegans,Algae
Eudorina elegans,Algae
Eudorina elegans,Algae
Euglena,Algae
Euglena sp.,Algae
Euglena sp.,Algae
Euglena sp.,Algae
Euglena sp.,Algae
Euglena sp.,Algae
Euglena sp.,Algae
Euglena sp.,Algae
Euglena sp.,Algae
Euglena sp.,Algae
Euglena sp.,Algae
Euglena sp.,Algae
Euglena sp.,Algae
Eunotia,Algae
Eunotia pectinalis,Algae
Eunotia pectinalis,Algae
Eunotia pectinalis,Algae
Eunotia pectinalis,Algae
Eunotia pectinalis,Algae
Eunotia pectinalis,Algae
Eunotia pectinalis,Algae
Eunotia pectinalis,Algae
Eunotia pectinalis,Algae
Eunotia sp.,Algae
Eunotia sp.,Algae
Eunotia sp.,Algae
Eunotia sp.,Algae
Eunotia sp.,Algae
Eunotia sp.,Algae
Eurytium limosum,Invertebrate
Eurytium limosum,Invertebrate
Eurytium limosum,Invertebrate
Eurytium limosum,Invertebrate
Eurytium limosum,Invertebrate
Eurytium limosum,Invertebrate
Eurytium limosum,Invertebrate
Eurytium limosum,Invertebrate
Eurytium limosum,Invertebrate
Fabaceae seed,Plant
feather,Other
feather,Other
Ficus sp.,Plant
Ficus sp.,Plant
filamentous Algae,Algae
filamentous Algae,Algae
filamentous Algae,Algae
filamentous Algae,Algae
filamentous Algae,Algae
filamentous Algae,Algae
filamentous Algae,Algae
filamentous Algae,Algae
filamentous Algae,Algae
filamentous Algae,Algae
filamentous Algae,Algae
filamentous Algae,Algae
filamentous Algae,Algae
filamentous Algae,Algae
filamentous Algae,Algae
filamentous Algae,Algae
filamentous Algae,Algae
filamentous Algae,Algae
filamentous Algae,Algae
filamentous Algae,Algae
filamentous Algae,Algae
filamentous Algae,Algae
filamentous Algae,Algae
filamentous Algae,Algae
filamentous Algae,Algae
filamentous Algae,Algae
filamentous Algae,Algae
filamentous Algae,Algae
filamentous Algae,Algae
filamentous Algae,Algae
filamentous Algae,Algae
filamentous Algae,Algae
filamentous Algae,Algae
filamentous Algae,Algae
filamentous Algae,Algae
filamentous Algae,Algae
filamentous Algae,Algae
filamentous Algae,Algae
filamentous Algae,Algae
filamentous Algae,Algae
filamentous Algae,Algae
filamentous Algae,Algae
filamentous Algae,Algae
filamentous Algae,Algae
filamentous Algae,Algae
filamentous Algae,Algae
filamentous Algae,Algae
filamentous Algae,Algae
filamentous Algae,Algae
filamentous Algae,Algae
filamentous Algae,Algae
filamentous Algae,Algae
filamentous Algae,Algae
filamentous Algae,Algae
filamentous Algae,Algae
filamentous Algae,Algae
filamentous Algae,Algae
filamentous Algae,Algae
filamentous Algae,Algae
filamentous Algae,Algae
filamentous Algae,Algae
filamentous Algae,Algae
filamentous Algae,Algae
filamentous Algae,Algae
filamentous Algae,Algae
filamentous Algae,Algae
filamentous Algae,Algae
filamentous Algae,Algae
filamentous Algae,Algae
filamentous Algae,Algae
filamentous Algae,Algae
filamentous Algae,Algae
filamentous Algae,Algae
filamentous Algae,Algae
filamentous Algae,Algae
filamentous Algae,Algae
filamentous Algae,Algae
filamentous Algae,Algae
filamentous Algae,Algae
filamentous Algae,Algae
filamentous Algae,Algae
filamentous Algae,Algae
filamentous Algae,Algae
filamentous Algae,Algae
filamentous Algae,Algae
filamentous Algae,Algae
filamentous Algae,Algae
Filamentous Algae,Algae
Filamentous Algae,Algae
Filamentous Algae,Algae
Filamentous Algae,Algae
Filamentous Algae,Algae
Filamentous Algae,Algae
Filamentous Algae,Algae
Filamentous Algae,Algae
Filamentous Algae,Algae
Filamentous Algae,Algae
Filamentous Algae,Algae
Filamentous Algae,Algae
Filamentous Algae,Algae
Filamentous Algae,Algae
Filamentous Algae,Algae
Filamentous Algae,Algae
Filamentous Algae,Algae
Filamentous Algae,Algae
Filamentous Algae,Algae
Filamentous Algae,Algae
Filamentous Algae,Algae
Filamentous Algae,Algae
Filamentous Algae,Algae
Filamentous Algae,Algae
Filamentous Algae,Algae
Filamentous Algae,Algae
Filamentous Algae,Algae
Filamentous Algae,Algae
Filamentous Algae,Algae
Filamentous Algae,Algae
Filamentous Algae,Algae
Filamentous Algae,Algae
Filamentous Algae,Algae
Filamentous Algae,Algae
filamentous Algae,Algae
filamentous Algae,Algae
filamentous Algae,Algae
filamentous Algae,Algae
filamentous Algae,Algae
filamentous Algae,Algae
Filamentous Algae,Algae
Filamentous Algae,Algae
Filamentous Algae,Algae
Filamentous Algae,Algae
Filamentous Algae,Algae
Filamentous Algae,Algae
Filamentous Algae,Algae
Filamentous Algae,Algae
Filamentous Algae,Algae
Filamentous Algae,Algae
Filamentous Algae,Algae
Filamentous Algae,Algae
Filamentous Algae,Algae
filamentous Algae,Algae
filamentous Algae,Algae
filamentous Algae,Algae
Filamentous Algae,Algae
Filamentous Algae,Algae
Filamentous Algae,Algae
Filamentous Algae,Algae
Filamentous Algae,Algae
Filamentous Algae,Algae
Filamentous Algae,Algae
Filamentous Algae,Algae
Filamentous Algae,Algae
Filamentous Algae,Algae
Filamentous Algae,Algae
Filamentous Algae,Algae
Filamentous Algae,Algae
Filamentous Algae,Algae
Filamentous Algaes,Algae
Filamentous Algaes,Algae
Filamentous Algaes,Algae
Filamentous Algaes,Algae
Filamentous Algaes,Algae
Filamentous Algaes,Algae
Filamentous Algaes,Algae
Filamentous Algaes,Algae
Filamentous Algaes,Algae
filamentous Cyanophyceae,Algae
filamentous Cyanophyceae,Algae
filamentous Cyanophyceae,Algae
filamentous Cyanophyceae,Algae
filamentous Cyanophyceae,Algae
filamentous Cyanophyceae,Algae
Filter feeder Invertebrate,Invertebrate
Filter feeder Invertebrate,Invertebrate
Filter feeder Invertebrate,Invertebrate
Filter feeder Invertebrate,Invertebrate
Filter feeder Invertebrate,Invertebrate
Filter feeder Invertebrate,Invertebrate
Filter feeder Invertebrate,Invertebrate
Filter feeder Invertebrate,Invertebrate
Filter feeder Invertebrate,Invertebrate
Filter feeder Invertebrate,Invertebrate
Filter feeder Invertebrate,Invertebrate
Filter feeder Invertebrate,Invertebrate
Filter feeder Invertebrate,Invertebrate
Filter feeder Invertebrate,Invertebrate
Filter feeder Invertebrate,Invertebrate
Filter feeder Invertebrate,Invertebrate
Filter feeder Invertebrate,Invertebrate
Filter feeder Invertebrate,Invertebrate
Filter feeder Invertebrate,Invertebrate
Filter feeder Invertebrate,Invertebrate
Filter feeder Invertebrate,Invertebrate
Filter feeder Invertebrate,Invertebrate
Filter feeder Invertebrate,Invertebrate
Filter feeder Invertebrate,Invertebrate
Filter feeder Invertebrate,Invertebrate
Filter feeder Invertebrate,Invertebrate
Filter feeder Invertebrate,Invertebrate
Filter feeder Invertebrate,Invertebrate
Filter feeder Invertebrate,Invertebrate
Filter feeder Invertebrate,Invertebrate
Filter feeder Invertebrate,Invertebrate
Filter feeder Invertebrate,Invertebrate
Filter feeder Invertebrate,Invertebrate
Filter feeder Invertebrate,Invertebrate
Filter feeder Invertebrate,Invertebrate
Filter feeder Invertebrate,Invertebrate
Filter feeder Invertebrate,Invertebrate
Filter feeder Invertebrate,Invertebrate
Filter feeder Invertebrate,Invertebrate
Filter feeder Invertebrate,Invertebrate
Filter feeder Invertebrate,Invertebrate
Filter feeder Invertebrate,Invertebrate
Filter feeder Invertebrate,Invertebrate
Filter feeder Invertebrate,Invertebrate
Filter feeder Invertebrate,Invertebrate
Filter feeder Invertebrate,Invertebrate
Filter feeder Invertebrate,Invertebrate
Filter feeder Invertebrate,Invertebrate
Filter feeder Invertebrate,Invertebrate
Filter feeder Invertebrate,Invertebrate
Filter feeder Invertebrate,Invertebrate
Filter feeder Invertebrate,Invertebrate
Filter feeder Invertebrate,Invertebrate
Filter feeder Invertebrate,Invertebrate
Filter feeder Invertebrate,Invertebrate
Filter feeder Invertebrate,Invertebrate
Filter feeder Invertebrate,Invertebrate
Filter feeder Invertebrate,Invertebrate
Filter feeder Invertebrate,Invertebrate
Filter feeder Invertebrate,Invertebrate
Filter feeder Invertebrate,Invertebrate
Filter feeder Invertebrate,Invertebrate
Filter feeder Invertebrate,Invertebrate
Filter feeder Invertebrate,Invertebrate
Filter feeder Invertebrate,Invertebrate
Filter feeder Invertebrate,Invertebrate
Filter feeder Invertebrate,Invertebrate
Filter feeder Invertebrate,Invertebrate
Filter feeder Invertebrate,Invertebrate
Filter feeder Invertebrate,Invertebrate
Filter feeder Invertebrate,Invertebrate
Filter feeder Invertebrate,Invertebrate
Filter feeder Invertebrate,Invertebrate
Filter feeder Invertebrate,Invertebrate
Filter feeder Invertebrate,Invertebrate
Filter feeder Invertebrate,Invertebrate
Filter feeder Invertebrate,Invertebrate
Filter feeder Invertebrate,Invertebrate
fin,Fish
fins,Fish
fins,Fish
fins,Fish
fins,Fish
fins,Fish
fins,Fish
fins,Fish
fins,Fish
fins,Fish
fins,Fish
fins,Fish
fins,Fish
fins,Fish
fins,Fish
Fish,Fish
Fish,Fish
Fish,Fish
Fish,Fish
Fish,Fish
Fish,Fish
Fish,Fish
Fish,Fish
Fish,Fish
Fish,Fish
Fish,Fish
Fish,Fish
Fish,Fish
Fish,Fish
Fish,Fish
Fish,Fish
Fish,Fish
Fish,Fish
Fish,Fish
Fish,Fish
Fish,Fish
Fish,Fish
Fish,Fish
Fish,Fish
Fish,Fish
Fish,Fish
Fish,Fish
Fish,Fish
Fish,Fish
Fish,Fish
Fish,Fish
Fish,Fish
Fish,Fish
Fish,Fish
Fish,Fish
Fish,Fish
Fish,Fish
Fish,Fish
Fish,Fish
Fish,Fish
Fish,Fish
Fish,Fish
Fish,Fish
Fish,Fish
Fish,Fish
Fish,Fish
Fish,Fish
Fish,Fish
Fish,Fish
Fish,Fish
Fish,Fish
Fish,Fish
Fish,Fish
Fish,Fish
Fish,Fish
Fish,Fish
Fish,Fish
Fish,Fish
Fish,Fish
Fish,Fish
Fish,Fish
Fish,Fish
Fish,Fish
Fish,Fish
Fish,Fish
Fish,Fish
Fish,Fish
Fish,Fish
Fish,Fish
Fish,Fish
Fish,Fish
Fish,Fish
Fish,Fish
Fish,Fish
Fish,Fish
Fish,Fish
Fish,Fish
Fish,Fish
Fish,Fish
Fish,Fish
Fish,Fish
Fish,Fish
Fish,Fish
Fish,Fish
Fish,Fish
Fish,Fish
Fish,Fish
Fish,Fish
Fish,Fish
Fish,Fish
Fish,Fish
Fish,Fish
Fish,Fish
Fish,Fish
Fish,Fish
Fish,Fish
Fish,Fish
Fish,Fish
Fish,Fish
Fish,Fish
Fish,Fish
Fish,Fish
Fish,Fish
Fish,Fish
Fish,Fish
Fish,Fish
Fish,Fish
Fish,Fish
Fish,Fish
Fish,Fish
Fish,Fish
Fish,Fish
Fish,Fish
Fish,Fish
Fish,Fish
Fish,Fish
Fish,Fish
Fish,Fish
Fish,Fish
Fish,Fish
Fish,Fish
Fish,Fish
Fish,Fish
Fish,Fish
Fish,Fish
Fish,Fish
Fish,Fish
Fish,Fish
Fish,Fish
Fish,Fish
Fish,Fish
Fish,Fish
Fish,Fish
Fish,Fish
Fish,Fish
Fish,Fish
Fish,Fish
Fish,Fish
Fish,Fish
Fish,Fish
Fish,Fish
Fish,Fish
Fish,Fish
Fish,Fish
Fish,Fish
Fish,Fish
Fish,Fish
Fish,Fish
Fish,Fish
Fish,Fish
Fish,Fish
Fish,Fish
Fish,Fish
Fish,Fish
Fish,Fish
Fish,Fish
Fish,Fish
Fish,Fish
Fish,Fish
Fish,Fish
Fish,Fish
Fish,Fish
Fish,Fish
Fish,Fish
Fish,Fish
Fish,Fish
Fish,Fish
Fish,Fish
Fish,Fish
Fish,Fish
Fish,Fish
Fish,Fish
Fish,Fish
Fish,Fish
Fish,Fish
Fish,Fish
Fish,Fish
Fish,Fish
Fish,Fish
Fish,Fish
Fish,Fish
Fish,Fish
Fish,Fish
Fish,Fish
Fish,Fish
Fish,Fish
Fish,Fish
Fish,Fish
Fish,Fish
Fish,Fish
Fish,Fish
Fish,Fish
Fish,Fish
Fish,Fish
Fish,Fish
Fish,Fish
Fish,Fish
Fish,Fish
Fish,Fish
Fish,Fish
Fish,Fish
Fish,Fish
Fish,Fish
Fish,Fish
Fish,Fish
Fish,Fish
Fish,Fish
Fish,Fish
Fish,Fish
Fish,Fish
Fish,Fish
Fish,Fish
Fish,Fish
Fish,Fish
Fish,Fish
Fish,Fish
Fish,Fish
Fish,Fish
Fish,Fish
Fish,Fish
Fish,Fish
Fish,Fish
Fish,Fish
Fish,Fish
Fish,Fish
Fish,Fish
Fish,Fish
Fish,Fish
Fish,Fish
Fish,Fish
Fish,Fish
Fish,Fish
Fish,Fish
Fish,Fish
Fish,Fish
Fish,Fish
Fish,Fish
Fish,Fish
Fish,Fish
Fish,Fish
Fish,Fish
Fish,Fish
Fish,Fish
Fish,Fish
Fish,Fish
Fish,Fish
Fish,Fish
Fish,Fish
Fish,Fish
Fish,Fish
Fish,Fish
Fish,Fish
Fish,Fish
Fish,Fish
Fish,Fish
Fish,Fish
Fish,Fish
Fish,Fish
Fish,Fish
Fish,Fish
Fish,Fish
Fish,Fish
Fish,Fish
Fish,Fish
Fish,Fish
Fish,Fish
Fish,Fish
Fish,Fish
Fish,Fish
Fish,Fish
Fish,Fish
Fish,Fish
Fish,Fish
Fish,Fish
Fish,Fish
Fish,Fish
Fish,Fish
Fish,Fish
Fish,Fish
Fish,Fish
Fish,Fish
Fish,Fish
Fish,Fish
Fish,Fish
Fish,Fish
Fish,Fish
Fish,Fish
Fish,Fish
Fish,Fish
Fish,Fish
Fish,Fish
Fish,Fish
Fish,Fish
Fish,Fish
Fish,Fish
Fish,Fish
Fish,Fish
Fish,Fish
Fish,Fish
Fish,Fish
Fish,Fish
Fish,Fish
Fish,Fish
Fish,Fish
Fish,Fish
Fish egg,Fish
Fish egg,Fish
Fish egg,Fish
Fish egg,Fish
Fish egg,Fish
Fish egg,Fish
Fish egg,Fish
Fish egg,Fish
Fish egg,Fish
Fish egg,Fish
Fish egg,Fish
Fish egg,Fish
Fish egg,Fish
Fish egg,Fish
Fish egg,Fish
Fish egg,Fish
Fish egg,Fish
Fish egg,Fish
Fish eggs,Fish
Fish eggs,Fish
Fish eggs,Fish
Fish eggs,Fish
Fish eggs,Fish
Fish eggs,Fish
Fish eggs,Fish
Fish eggs,Fish
Fish eggs,Fish
Fish eggs,Fish
Fish eggs,Fish
Fish eggs,Fish
Fish eggs,Fish
Fish eggs,Fish
Fish eggs,Fish
Fish eggs,Fish
Fish eggs,Fish
Fish eggs,Fish
Fish eggs,Fish
Fish eggs,Fish
Fish eggs,Fish
Fish eggs,Fish
Fish eggs,Fish
Fish fragment,Fish
Fish fragment,Fish
Fish fragment,Fish
Fish fragment,Fish
Fish fragment,Fish
Fish fragment,Fish
Fish part,Fish
Fish part,Fish
Fish part,Fish
Fish part,Fish
Fish part,Fish
Fish part,Fish
Fish part,Fish
Fish part,Fish
Fish part,Fish
Fish part,Fish
Fish parts,Fish
Fish parts,Fish
Fish parts,Fish
Fish parts,Fish
Fish parts,Fish
Fish parts,Fish
Fish parts,Fish
Fish parts,Fish
Fish parts,Fish
Fish parts,Fish
Fish parts,Fish
Fish parts,Fish
Fish parts,Fish
Fish parts,Fish
Fish parts,Fish
Fish parts,Fish
Fish parts,Fish
Fish parts,Fish
Fish remaining,Fish
Fish remaining,Fish
Fish remains,Fish
Fish remains,Fish
Fish remains,Fish
Fish remains,Fish
Fish scale,Fish
Fish scale,Fish
Fish scale,Fish
Fish scale,Fish
Fish scale,Fish
Fish scale,Fish
Fish scale,Fish
Fish scale,Fish
Fish scale,Fish
Fish scale,Fish
Fish scale,Fish
Fish scale,Fish
Fish scale,Fish
Fish scale,Fish
Fish scale,Fish
Fish scale,Fish
Fish scale,Fish
Fish scale,Fish
Fish scale,Fish
Fish scale,Fish
Fish scale,Fish
Fish scale,Fish
Fish scale,Fish
Fish scale,Fish
Fish scale,Fish
Fish scale,Fish
Fish scale,Fish
Fish scale,Fish
Fish scale,Fish
Fish scale,Fish
Fish scale,Fish
Fish scale,Fish
Fish scale,Fish
Fish scale,Fish
Fish scale,Fish
Fish scale,Fish
Fish scale,Fish
Fish scale,Fish
Fish scale,Fish
Fish scale,Fish
Fish scales,Fish
Fish scales,Fish
Fish scales,Fish
Fish scales,Fish
Fish scales,Fish
Fish scales,Fish
Fish scales,Fish
Fish scales,Fish
Fish scales,Fish
Fish scales,Fish
Fish scales,Fish
Fish scales,Fish
Fish scales,Fish
Fish scales,Fish
Fish scales,Fish
Fish scales,Fish
Fish scales,Fish
Fish scales,Fish
Fish scales,Fish
Fish scales,Fish
Fish scales,Fish
Fish scales,Fish
Fish scales,Fish
Fish scales,Fish
Fish scales,Fish
Fish scales,Fish
Fish scales,Fish
Fish scales,Fish
Fish scales,Fish
Flabelifera,Invertebrate
Flabelifera,Invertebrate
Flabelifera,Invertebrate
Flabelifera,Invertebrate
flower,Plant
Flower,Plant
Flower,Plant
Folha,Plant
Folha,Plant
Folha,Plant
Folha,Plant
Foraminifera,Other
Foraminifera,Other
Foraminifera,Other
Foraminifera,Other
Foraminifera,Other
Foraminifera,Other
Foraminifera,Other
Foraminifera,Other
Foraminifera,Other
Foraminifera,Other
Foraminifera,Other
Foraminifera,Other
Foraminifera,Other
Foraminifera,Other
Foraminifera,Other
Foraminifera,Other
Foraminifera,Other
Foraminifera,Other
Foraminifera,Other
Foraminifera,Other
Foraminifera,Other
Foraminifera,Other
Foraminifera,Other
Foraminifera,Other
Foraminifera,Other
Foraminifera,Other
Foraminifera,Other
Foraminifera,Other
Foraminifera,Other
Foraminifera,Other
Foraminifera,Other
Foraminifera,Other
Foraminifera,Other
Foraminifera,Other
Foraminifera,Other
Foraminifera,Other
Foraminifera,Other
Foraminifera,Other
Foraminifera,Other
Foraminifera,Other
Foraminifera,Other
Foraminifera,Other
Foraminifera,Other
Foraminifera,Other
Foraminifera,Other
Foraminifera,Other
Foraminifera,Other
Foraminifera,Other
Foraminifera,Other
Foraminifera,Other
Foraminifera,Other
Foraminifera,Other
Foraminifera,Other
Foraminifera,Other
Foraminifera,Other
Foraminifera,Other
Foraminifera,Other
Foraminifera,Other
Foraminifera,Other
Foraminifera,Other
Foraminifera,Other
Foraminifera,Other
Foraminifera,Other
Formicidae,Invertebrate
Formicidae,Invertebrate
Formicidae,Invertebrate
Formicidae,Invertebrate
Formicidae,Invertebrate
Formicidae,Invertebrate
Formicidae,Invertebrate
Formicidae,Invertebrate
Formicidae,Invertebrate
Formicidae,Invertebrate
Formicidae,Invertebrate
Formicidae,Invertebrate
Formicidae,Invertebrate
Formicidae,Invertebrate
Formicidae,Invertebrate
Fragilaria sp.,Algae
Fragilaria sp.,Algae
Fragilaria sp.,Algae
Fragilaria sp.,Algae
Fragilaria sp.,Algae
Fragilaria sp.,Algae
Fragillaria sp.,Algae
Fragillaria sp.,Algae
Fragillaria sp.,Algae
Fragmento de Inseto,Invertebrate
Fragmento de Inseto,Invertebrate
Fragmento de Inseto,Invertebrate
Fragmento de Inseto,Invertebrate
Fragments,Plant
Franciscodoras marmoratus,Fish
fruit,Plant
fruit,Plant
fruit,Plant
fur,Other
fur,Other
Gammaridae,Invertebrate
Gammaridae,Invertebrate
Gammaridae,Invertebrate
Gammaridae,Invertebrate
Gammaridae,Invertebrate
Gammaridae,Invertebrate
Gammaridae,Invertebrate
Gammaridae,Invertebrate
Gammaridae,Invertebrate
Gammaridae,Invertebrate
Gammaridae,Invertebrate
Gammaridae,Invertebrate
Gammaridae,Invertebrate
Gammaridae,Invertebrate
Gammaridae,Invertebrate
Gammaridae,Invertebrate
Gammaridae,Invertebrate
Gammaridae,Invertebrate
Gammaridae,Invertebrate
Gammaridae,Invertebrate
Gammaridae,Invertebrate
Gammaridae,Invertebrate
Gammaridae,Invertebrate
Gammaridae,Invertebrate
Gammaridae,Invertebrate
Gammaridae,Invertebrate
Gammaridae,Invertebrate
Gammaridae,Invertebrate
Gammaridae,Invertebrate
Gammaridae,Invertebrate
Gammaridae,Invertebrate
Gammaridae,Invertebrate
Gammaridae,Invertebrate
Gammaridae,Invertebrate
Gammaridae,Invertebrate
Gammaridae,Invertebrate
Gammaridae,Invertebrate
Gammaridae,Invertebrate
Gammaridae,Invertebrate
Gammaridae,Invertebrate
Gammaridae,Invertebrate
Gammaridae,Invertebrate
Gammaridae,Invertebrate
Gammaridae,Invertebrate
Gammaridae,Invertebrate
Gammaridae,Invertebrate
Gammaridae,Invertebrate
Gammaridae,Invertebrate
Gammaridae,Invertebrate
Gammaridae,Invertebrate
Gammaridae,Invertebrate
Gammaridae,Invertebrate
Gammaridae,Invertebrate
Gammaridea,Invertebrate
Gammaridea,Invertebrate
Gammaridea,Invertebrate
Gammaridea,Invertebrate
gastropod operculum,Invertebrate
gastropod operculum,Invertebrate
gastropod operculum,Invertebrate
gastropod operculum,Invertebrate
gastropod operculum,Invertebrate
gastropod operculum,Invertebrate
gastropod operculum,Invertebrate
gastropod operculum,Invertebrate
gastropod operculum,Invertebrate
gastropod operculum,Invertebrate
gastropod operculum,Invertebrate
gastropod operculum,Invertebrate
Gastropoda,Invertebrate
Gastropoda,Invertebrate
Gastropoda,Invertebrate
Gastropoda,Invertebrate
Gastropoda,Invertebrate
Gastropoda,Invertebrate
Gastropoda,Invertebrate
Gastropoda,Invertebrate
Gastropoda,Invertebrate
Gastropoda,Invertebrate
Gastropoda,Invertebrate
Gastropoda,Invertebrate
Gastropoda,Invertebrate
Gastropoda,Invertebrate
Gastropoda,Invertebrate
Gastropoda,Invertebrate
Gastropoda,Invertebrate
Gastropoda,Invertebrate
Gastropoda,Invertebrate
Gastropoda,Invertebrate
Gastropoda,Invertebrate
Gastropoda,Invertebrate
Gastropoda,Invertebrate
Gastropoda,Invertebrate
Gastropoda,Invertebrate
Gastropoda,Invertebrate
Gastropoda,Invertebrate
Gastropoda,Invertebrate
Gastropoda,Invertebrate
Gastropoda,Invertebrate
Gastropoda,Invertebrate
Gastropoda,Invertebrate
Gastropoda,Invertebrate
Gastropoda,Invertebrate
Gastropoda,Invertebrate
Gastropoda,Invertebrate
Gastropoda,Invertebrate
Gastropoda,Invertebrate
Gastropoda,Invertebrate
Gastropoda,Invertebrate
Gastropoda,Invertebrate
Gastropoda,Invertebrate
Gastropoda,Invertebrate
Gastropoda,Invertebrate
Gastropoda,Invertebrate
Gastropoda,Invertebrate
Gastropoda,Invertebrate
Gastropoda,Invertebrate
Gastropoda,Invertebrate
Gastropoda,Invertebrate
Gastropoda,Invertebrate
Gastropoda,Invertebrate
Gastropoda,Invertebrate
Gastropoda,Invertebrate
Gastropoda,Invertebrate
Gastropoda,Invertebrate
Gastropoda,Invertebrate
Gastropoda,Invertebrate
Gastropoda,Invertebrate
Gastropoda,Invertebrate
Gastropoda,Invertebrate
Gastropoda,Invertebrate
Gastropoda,Invertebrate
Gastropoda,Invertebrate
Gastropoda,Invertebrate
Gastropoda,Invertebrate
Gastropoda,Invertebrate
Gastropoda,Invertebrate
Gastropoda,Invertebrate
Gastropoda,Invertebrate
Gastropoda,Invertebrate
Gastropoda,Invertebrate
Gastropoda,Invertebrate
Gastropoda,Invertebrate
Gastropoda,Invertebrate
Gastropoda,Invertebrate
Gastropoda,Invertebrate
Gastropoda,Invertebrate
Gastropoda,Invertebrate
Gastropoda,Invertebrate
Gastropoda,Invertebrate
Gastropoda,Invertebrate
Gastropoda,Invertebrate
Gastropoda,Invertebrate
Gastropoda,Invertebrate
Gastropoda,Invertebrate
Gastropoda,Invertebrate
Gastropoda,Invertebrate
Gastropoda,Invertebrate
Gastropoda,Invertebrate
Gastropoda,Invertebrate
Gastropoda,Invertebrate
Gastropoda,Invertebrate
Gastropoda,Invertebrate
Gastropoda,Invertebrate
Gastropoda,Invertebrate
Gastropoda,Invertebrate
Gastropoda,Invertebrate
Gastropoda,Invertebrate
Gastropoda,Invertebrate
Gastropoda,Invertebrate
Gastropoda,Invertebrate
Gastropoda,Invertebrate
Gastropoda,Invertebrate
Gastropoda,Invertebrate
Gastropoda,Invertebrate
Gastropoda,Invertebrate
Gastropoda,Invertebrate
Gastropoda,Invertebrate
Gastropoda,Invertebrate
Gastropoda,Invertebrate
Gastropoda,Invertebrate
Gastropoda,Invertebrate
Gastropoda,Invertebrate
Gastropoda,Invertebrate
Gastropoda,Invertebrate
Gastropoda,Invertebrate
Gastropoda,Invertebrate
Gastropoda,Invertebrate
Gastropoda,Invertebrate
Gastropoda,Invertebrate
Gastropoda,Invertebrate
Gastropoda,Invertebrate
Gastropoda,Invertebrate
Gastropoda,Invertebrate
Gastropoda,Invertebrate
Gastropoda,Invertebrate
Gastropoda,Invertebrate
Gastropoda,Invertebrate
Gastropoda,Invertebrate
Gastropoda,Invertebrate
Gastropoda,Invertebrate
Gastropoda,Invertebrate
Gastropoda,Invertebrate
Gastropoda,Invertebrate
Gastropoda,Invertebrate
Gastropoda,Invertebrate
Gastropoda,Invertebrate
Gastropoda,Invertebrate
Gastropoda,Invertebrate
Genipa sp.,Plant
Genipa sp.,Plant
Genipa sp.,Plant
Glaucocystis sp.,Algae
Glaucocystis sp.,Algae
Glaucocystis sp.,Algae
Gloetrichia sp.,Algae
Gloetrichia sp.,Algae
Gloetrichia sp.,Algae
Gloetrichia sp.,Algae
Gloetrichia sp.,Algae
Gloetrichia sp.,Algae
Glyceridae,Invertebrate
Glyceridae,Invertebrate
Glyceridae,Invertebrate
Glyceridae,Invertebrate
Goeldichironomus,Invertebrate
Goeldichironomus,Invertebrate
Goeldichironomus,Invertebrate
Goeldichironomus,Invertebrate
Gomphidae,Invertebrate
Gomphidae,Invertebrate
Gomphidae larvae,Invertebrate
Gomphidae larvae,Invertebrate
Gomphonema,Algae
Gomphonema sp.,Algae
Gomphonema sp.,Algae
Gomphonema sp.,Algae
Gomphonema sp.,Algae
Gomphonema sp.,Algae
Gomphonema sp.,Algae
Gomphonema turris,Algae
Gomphonema turris,Algae
Gomphonema turris,Algae
Gomphonema turris,Algae
Gomphonema turris,Algae
Gomphonema turris,Algae
Goniadidae,Invertebrate
Goniadidae,Invertebrate
Goniadidae,Invertebrate
Goniadidae,Invertebrate
guano + amorphous animal mass,Other
Gymnotiformes,Fish
Gymnotiformes,Fish
Gymnotiformes,Fish
Gymnotiformes,Fish
Gymnotiformes,Fish
Gymnotiformes,Fish
Gymnotiformes,Fish
Gymnotiformes,Fish
Gymnotiformes,Fish
Gymnotiformes,Fish
Gymnotiformes n.i.,Fish
Gymnotiformes n.i.,Fish
Gyrosigma,Algae
Gyrosigma sp.,Algae
Gyrosigma sp.,Algae
Gyrosigma sp.,Algae
Gyrosigma sp.,Algae
Gyrosigma sp.,Algae
Gyrosigma sp.,Algae
Gyrosigma sp.,Algae
Gyrosigma sp.,Algae
Gyrosigma sp.,Algae
Gyrosigma sp.,Algae
Gyrosigma sp.,Algae
Gyrosigma sp.,Algae
Haemulidae,Fish
Haemulidae,Fish
Haemulidae,Fish
Haemulidae,Fish
Haemulopsis corvinaeformis,Fish
Haemulopsis corvinaeformis,Fish
Haemulopsis corvinaeformis,Fish
Haemulopsis corvinaeformis,Fish
Haparcticoida,Invertebrate
Haparcticoida,Invertebrate
Harpacticoida,Invertebrate
Harpacticoida,Invertebrate
Harpacticoida,Invertebrate
Harpacticoida,Invertebrate
Harpacticoida,Invertebrate
Harpacticoida,Invertebrate
Harpacticoida,Invertebrate
Harpacticoida,Invertebrate
Harpacticoida,Invertebrate
Harpacticoida,Invertebrate
Harpacticoida,Invertebrate
Harpacticoida,Invertebrate
Harpacticoida,Invertebrate
Harpacticoida,Invertebrate
Harpacticoida,Invertebrate
Helicopsychidae larvae,Invertebrate
Helicopsychidae larvae,Invertebrate
Helicopsychidae larvae,Invertebrate
Hemerobiidae larvae,Invertebrate
Hemerobiidae larvae,Invertebrate
Hemigrammus gracilis,Fish
Hemigrammus gracilis,Fish
Hemiptera,Invertebrate
Hemiptera,Invertebrate
Hemiptera,Invertebrate
Hemiptera,Invertebrate
Hemiptera,Invertebrate
Hemiptera,Invertebrate
Hemiptera,Invertebrate
Hemiptera,Invertebrate
Hemiptera,Invertebrate
Hemiptera,Invertebrate
Hemiptera,Invertebrate
Hemiptera,Invertebrate
Hemiptera,Invertebrate
Hemiptera,Invertebrate
Hemiptera,Invertebrate
Hemiptera,Invertebrate
Hemiptera,Invertebrate
Hemiptera,Invertebrate
Hemiptera,Invertebrate
Hemiptera,Invertebrate
Hemiptera,Invertebrate
Hemiptera,Invertebrate
Hemiptera,Invertebrate
Hemiptera,Invertebrate
Hemiptera,Invertebrate
Hemíptera,Invertebrate
Hemíptera,Invertebrate
Hemíptera,Invertebrate
Hemíptera,Invertebrate
Hemíptera,Invertebrate
Hemíptera,Invertebrate
Hemiptera - Adult,Invertebrate
Hemiptera - Adult,Invertebrate
Hemiptera - Adult,Invertebrate
Hemiptera - Adult,Invertebrate
Hemiptera adult,Invertebrate
Hemiptera adult,Invertebrate
Hemiptera adult,Invertebrate
Hemiptera adult,Invertebrate
Hemiptera adult,Invertebrate
Hemiptera larvae,Invertebrate
Hemiptera larvae,Invertebrate
Hemiptera larvae,Invertebrate
Hemiptera larvae,Invertebrate
Hemiptera larvae,Invertebrate
Hemiptera larvae,Invertebrate
Hemiptera nymph,Invertebrate
Hemiptera nymph,Invertebrate
Hemiptero,Invertebrate
Hemiptero,Invertebrate
Hemiptero,Invertebrate
Hemiptero,Invertebrate
Hemiptero,Invertebrate
Hemiptero,Invertebrate
Hemiptero,Invertebrate
Hemiptero,Invertebrate
Hemiptero,Invertebrate
Hemiptero,Invertebrate
Hemiptero,Invertebrate
Hemiptero,Invertebrate
Hemiptero,Invertebrate
Hemiptero,Invertebrate
Hemiptero,Invertebrate
Hemiptero,Invertebrate
Hemiptero,Invertebrate
Hemiptero,Invertebrate
Hexapoda,Invertebrate
Hexapoda fragment,Invertebrate
Hexapoda fragment,Invertebrate
Hexapoda fragment,Invertebrate
Hexapoda fragment,Invertebrate
Hexapoda fragment,Invertebrate
Hexapoda part,Invertebrate
Hexapoda part,Invertebrate
Hexapoda part,Invertebrate
Hexapoda part,Invertebrate
Hexapoda part,Invertebrate
Hexapoda part,Invertebrate
Hexapoda part,Invertebrate
Hexapoda part,Invertebrate
Hexapoda part,Invertebrate
Hexapoda-partes,Invertebrate
Hexapoda-partes,Invertebrate
Hexapoda-partes,Invertebrate
Hexapoda-partes,Invertebrate
Hexapoda-partes,Invertebrate
Hexapoda-partes,Invertebrate
Hexarthra mira,Invertebrate
Hexarthra mira,Invertebrate
Hexarthra mira,Invertebrate
higher Plant,Plant
higher Plant,Plant
higher Plant,Plant
higher Plant,Plant
higher Plant,Plant
higher Plant,Plant
higher Plant,Plant
higher Plant,Plant
higher Plant,Plant
higher Plant,Plant
higher Plant,Plant
higher Plant,Plant
higher Plant,Plant
higher Plant,Plant
higher Plant,Plant
higher Plant,Plant
higher Plant,Plant
higher Plant,Plant
higher Plant,Plant
higher Plant,Plant
higher Plant,Plant
higher Plant,Plant
higher Plant,Plant
higher Plant,Plant
higher Plant,Plant
higher Plant,Plant
higher Plant,Plant
higher Plant,Plant
higher Plant,Plant
higher Plant,Plant
higher Plant,Plant
higher Plant,Plant
higher Plant,Plant
higher Plant,Plant
higher Plant,Plant
higher Plant,Plant
higher Plant,Plant
higher Plant,Plant
higher Plant,Plant
higher Plant,Plant
higher Plant,Plant
higher Plant,Plant
higher Plant,Plant
higher Plant,Plant
higher Plant,Plant
higher Plant,Plant
higher Plant,Plant
higher Plant,Plant
higher Plant,Plant
higher Plant,Plant
higher Plant,Plant
higher Plant,Plant
Hirudinea,Invertebrate
Hirudinea,Invertebrate
Hirudinea,Invertebrate
Hirudinea,Invertebrate
Hirudinea,Invertebrate
Hirudinea,Invertebrate
Homoptera,Invertebrate
Hoplias malabaricus,Fish
Hoplias malabaricus,Fish
Hoplias malabaricus,Fish
Hydracarina,Invertebrate
Hydracarina,Invertebrate
Hydracarina,Invertebrate
Hydracarina,Invertebrate
Hydracarina,Invertebrate
Hydracarina,Invertebrate
Hydracarinae,Invertebrate
Hydracarinae,Invertebrate
Hydrophilidae,Invertebrate
Hydrophilidae,Invertebrate
Hydrophilidae - Adult,Invertebrate
Hydrophilidae - Adult,Invertebrate
Hydrophilidae - Adult,Invertebrate
Hydrophilidae - Adult,Invertebrate
Hydroporini,Invertebrate
Hydroporini,Invertebrate
Hydropsychidae,Invertebrate
Hymenoptera,Invertebrate
Hymenoptera,Invertebrate
Hymenoptera,Invertebrate
Hymenoptera,Invertebrate
Hymenoptera,Invertebrate
Hymenoptera,Invertebrate
Hymenoptera,Invertebrate
Hymenoptera,Invertebrate
Hymenoptera,Invertebrate
Hymenoptera,Invertebrate
Hymenoptera,Invertebrate
Hymenoptera,Invertebrate
Hymenoptera,Invertebrate
Hymenoptera,Invertebrate
Hymenoptera,Invertebrate
Hymenoptera,Invertebrate
Hymenoptera,Invertebrate
Hymenoptera,Invertebrate
Hymenoptera,Invertebrate
Hymenoptera,Invertebrate
Hymenoptera,Invertebrate
Hymenoptera,Invertebrate
Hymenoptera,Invertebrate
Hymenoptera,Invertebrate
Hymenoptera,Invertebrate
Hymenoptera,Invertebrate
Hymenoptera,Invertebrate
Hymenoptera,Invertebrate
Hymenoptera,Invertebrate
Hymenoptera,Invertebrate
Hymenoptera,Invertebrate
Hymenoptera,Invertebrate
Hymenoptera,Invertebrate
Hymenoptera,Invertebrate
Hymenoptera,Invertebrate
Hymenoptera,Invertebrate
Hymenoptera,Invertebrate
Hymenoptera,Invertebrate
Hymenoptera,Invertebrate
Hymenoptera,Invertebrate
Hymenoptera,Invertebrate
Hymenoptera,Invertebrate
Hymenoptera,Invertebrate
Hymenoptera,Invertebrate
Hymenoptera,Invertebrate
Hymenoptera,Invertebrate
Hymenoptera,Invertebrate
Hymenoptera,Invertebrate
Hymenoptera,Invertebrate
Hymenoptera,Invertebrate
Hymenoptera,Invertebrate
Hymenoptera,Invertebrate
Hymenoptera,Invertebrate
Hymenoptera,Invertebrate
Hymenoptera,Invertebrate
Hymenoptera,Invertebrate
Hymenoptera,Invertebrate
Hymenoptera,Invertebrate
Hymenoptera,Invertebrate
Hymenoptera,Invertebrate
Hymenoptera,Invertebrate
Hymenoptera,Invertebrate
Hymenoptera,Invertebrate
Hymenoptera,Invertebrate
Hymenoptera,Invertebrate
Hymenoptera,Invertebrate
Hymenoptera,Invertebrate
Hymenoptera,Invertebrate
Hymenoptera,Invertebrate
Hymenoptera,Invertebrate
Hymenoptera,Invertebrate
Hymenoptera,Invertebrate
Hymenoptera,Invertebrate
Hymenoptera,Invertebrate
Hymenoptera adult,Invertebrate
Hymenoptera adult,Invertebrate
Hymenoptera adult,Invertebrate
Hymenoptera pupa,Invertebrate
Hymenoptera pupa,Invertebrate
Hymenoptera pupa,Invertebrate
Hymenoptera pupa,Invertebrate
Hymenoptera pupa,Invertebrate
Hymenoptera pupa,Invertebrate
Imago de Ephemeroptera,Invertebrate
Imago de Ephemeroptera,Invertebrate
insect,Invertebrate
insect,Invertebrate
insect,Invertebrate
insect,Invertebrate
insect,Invertebrate
insect,Invertebrate
insect,Invertebrate
insect,Invertebrate
insect,Invertebrate
insect,Invertebrate
insect,Invertebrate
insect,Invertebrate
insect,Invertebrate
insect,Invertebrate
insect,Invertebrate
insect,Invertebrate
insect,Invertebrate
insect,Invertebrate
insect,Invertebrate
insect,Invertebrate
insect,Invertebrate
insect,Invertebrate
insect,Invertebrate
insect,Invertebrate
insect,Invertebrate
insect,Invertebrate
insect,Invertebrate
insect,Invertebrate
insect,Invertebrate
insect,Invertebrate
insect,Invertebrate
insect,Invertebrate
insect,Invertebrate
insect,Invertebrate
insect,Invertebrate
insect,Invertebrate
insect,Invertebrate
insect,Invertebrate
insect,Invertebrate
insect,Invertebrate
insect,Invertebrate
insect,Invertebrate
insect,Invertebrate
insect,Invertebrate
insect,Invertebrate
insect,Invertebrate
insect,Invertebrate
insect,Invertebrate
insect,Invertebrate
insect,Invertebrate
insect,Invertebrate
insect,Invertebrate
insect,Invertebrate
insect,Invertebrate
insect,Invertebrate
insect,Invertebrate
insect,Invertebrate
insect,Invertebrate
insect,Invertebrate
insect,Invertebrate
insect,Invertebrate
insect,Invertebrate
insect,Invertebrate
insect,Invertebrate
insect,Invertebrate
insect,Invertebrate
insect,Invertebrate
insect,Invertebrate
insect,Invertebrate
insect,Invertebrate
insect,Invertebrate
insect,Invertebrate
insect,Invertebrate
insect,Invertebrate
insect,Invertebrate
insect,Invertebrate
insect,Invertebrate
insect,Invertebrate
insect,Invertebrate
insect,Invertebrate
insect,Invertebrate
insect,Invertebrate
insect,Invertebrate
insect,Invertebrate
insect,Invertebrate
insect,Invertebrate
insect,Invertebrate
insect,Invertebrate
insect,Invertebrate
insect,Invertebrate
insect,Invertebrate
insect,Invertebrate
insect,Invertebrate
insect,Invertebrate
insect,Invertebrate
insect,Invertebrate
insect,Invertebrate
insect,Invertebrate
insect,Invertebrate
insect,Invertebrate
insect,Invertebrate
insect,Invertebrate
insect,Invertebrate
insect,Invertebrate
insect,Invertebrate
insect,Invertebrate
insect,Invertebrate
insect,Invertebrate
insect,Invertebrate
insect,Invertebrate
insect,Invertebrate
insect,Invertebrate
insect,Invertebrate
insect,Invertebrate
insect,Invertebrate
insect,Invertebrate
insect,Invertebrate
insect,Invertebrate
insect,Invertebrate
insect,Invertebrate
insect,Invertebrate
insect,Invertebrate
insect,Invertebrate
insect,Invertebrate
insect,Invertebrate
insect,Invertebrate
insect,Invertebrate
insect,Invertebrate
insect,Invertebrate
insect,Invertebrate
insect,Invertebrate
insect,Invertebrate
insect,Invertebrate
insect,Invertebrate
insect,Invertebrate
insect,Invertebrate
insect,Invertebrate
insect,Invertebrate
insect,Invertebrate
insect,Invertebrate
insect,Invertebrate
insect,Invertebrate
insect,Invertebrate
insect,Invertebrate
insect,Invertebrate
insect,Invertebrate
insect,Invertebrate
insect,Invertebrate
insect,Invertebrate
insect,Invertebrate
insect,Invertebrate
insect,Invertebrate
insect,Invertebrate
insect,Invertebrate
insect,Invertebrate
insect,Invertebrate
insect,Invertebrate
insect,Invertebrate
Insect,Invertebrate
Insect,Invertebrate
Insect,Invertebrate
Insect,Invertebrate
Insect,Invertebrate
Insect,Invertebrate
Insect,Invertebrate
Insect,Invertebrate
Insect,Invertebrate
Insect,Invertebrate
Insect,Invertebrate
Insect,Invertebrate
Insect,Invertebrate
Insect,Invertebrate
Insect,Invertebrate
Insect,Invertebrate
Insect,Invertebrate
Insect,Invertebrate
Insect,Invertebrate
insect,Invertebrate
insect,Invertebrate
insect,Invertebrate
insect,Invertebrate
insect,Invertebrate
insect,Invertebrate
insect,Invertebrate
insect,Invertebrate
insect,Invertebrate
insect,Invertebrate
insect,Invertebrate
Insect,Invertebrate
Insect,Invertebrate
Insect,Invertebrate
Insect,Invertebrate
Insect,Invertebrate
Insect,Invertebrate
Insect,Invertebrate
Insect,Invertebrate
Insect,Invertebrate
Insect,Invertebrate
Insect,Invertebrate
Insect,Invertebrate
insect,Invertebrate
insect,Invertebrate
insect,Invertebrate
insect,Invertebrate
insect,Invertebrate
insect,Invertebrate
Insect eggs,Invertebrate
Insect eggs,Invertebrate
Insect eggs,Invertebrate
Insect eggs,Invertebrate
Insect eggs,Invertebrate
Insect eggs,Invertebrate
insect fragment,Invertebrate
insect fragment,Invertebrate
insect fragment,Invertebrate
insect fragment,Invertebrate
insect fragment,Invertebrate
insect fragment,Invertebrate
insect fragment,Invertebrate
insect fragment,Invertebrate
insect fragment,Invertebrate
insect fragment,Invertebrate
insect fragment,Invertebrate
insect fragment,Invertebrate
insect fragment,Invertebrate
insect fragment,Invertebrate
insect fragment,Invertebrate
insect fragment,Invertebrate
insect fragment,Invertebrate
insect fragment,Invertebrate
insect fragment,Invertebrate
insect fragment,Invertebrate
insect fragment,Invertebrate
insect fragment,Invertebrate
insect fragment,Invertebrate
insect fragment,Invertebrate
insect fragment,Invertebrate
insect fragment,Invertebrate
insect fragment,Invertebrate
insect fragment,Invertebrate
insect fragment,Invertebrate
insect fragment,Invertebrate
insect fragment,Invertebrate
insect fragment,Invertebrate
insect fragment,Invertebrate
insect fragment,Invertebrate
insect fragment,Invertebrate
insect fragment,Invertebrate
insect fragment,Invertebrate
insect fragment,Invertebrate
insect fragment,Invertebrate
insect fragment,Invertebrate
insect fragment,Invertebrate
insect fragment,Invertebrate
insect fragment,Invertebrate
insect fragment,Invertebrate
insect fragment,Invertebrate
insect fragment,Invertebrate
insect fragment,Invertebrate
insect fragment,Invertebrate
insect fragment,Invertebrate
insect fragment,Invertebrate
insect fragment,Invertebrate
insect fragment,Invertebrate
insect fragment,Invertebrate
insect fragment,Invertebrate
insect fragment,Invertebrate
insect fragment,Invertebrate
insect fragment,Invertebrate
insect fragment,Invertebrate
insect fragment,Invertebrate
insect fragment,Invertebrate
insect fragment,Invertebrate
insect fragment,Invertebrate
insect fragment,Invertebrate
insect fragment,Invertebrate
insect fragment,Invertebrate
insect fragment,Invertebrate
insect fragment,Invertebrate
insect fragment,Invertebrate
insect fragment,Invertebrate
insect fragment,Invertebrate
insect fragment,Invertebrate
insect fragment,Invertebrate
insect fragment,Invertebrate
Insect fragment,Invertebrate
Insect fragment,Invertebrate
Insect fragment,Invertebrate
Insect fragment,Invertebrate
Insect fragments,Invertebrate
Insect fragments,Invertebrate
Insect fragments,Invertebrate
Insect fragments,Invertebrate
Insect fragments,Invertebrate
Insect fragments,Invertebrate
Insect fragments,Invertebrate
Insect fragments,Invertebrate
Insect fragments,Invertebrate
Insect fragments,Invertebrate
Insect fragments,Invertebrate
Insect fragments,Invertebrate
Insect fragments,Invertebrate
Insect fragments,Invertebrate
Insect fragments,Invertebrate
Insect fragments,Invertebrate
Insect fragments,Invertebrate
Insect fragments,Invertebrate
Insect fragments,Invertebrate
insect larvae,Invertebrate
insect larvae,Invertebrate
insect larvae,Invertebrate
insect larvae,Invertebrate
insect larvae,Invertebrate
insect larvae,Invertebrate
insect larvae,Invertebrate
insect larvae,Invertebrate
insect larvae,Invertebrate
insect larvae,Invertebrate
insect larvae,Invertebrate
insect larvae,Invertebrate
insect larvae,Invertebrate
insect larvae,Invertebrate
insect larvae,Invertebrate
insect larvae,Invertebrate
insect larvae,Invertebrate
insect larvae,Invertebrate
insect larvae,Invertebrate
insect larvae,Invertebrate
insect larvae,Invertebrate
Insect larvae,Invertebrate
Insect larvae,Invertebrate
Insect larvae,Invertebrate
insect larvae,Invertebrate
insect larvae,Invertebrate
insect larvae,Invertebrate
insect parts,Invertebrate
insect parts,Invertebrate
insect parts,Invertebrate
insect parts,Invertebrate
insect parts,Invertebrate
insect parts,Invertebrate
insect parts,Invertebrate
insect parts,Invertebrate
insect parts,Invertebrate
insect parts,Invertebrate
insect parts,Invertebrate
insect parts,Invertebrate
insect parts,Invertebrate
insect parts,Invertebrate
insect parts,Invertebrate
insect parts,Invertebrate
insect parts,Invertebrate
insect parts,Invertebrate
insect remains,Invertebrate
insect remains,Invertebrate
insect remains,Invertebrate
insecta,Invertebrate
insecta,Invertebrate
insecta,Invertebrate
insecta,Invertebrate
insecta,Invertebrate
insecta,Invertebrate
insecta,Invertebrate
insecta,Invertebrate
Insecta,Invertebrate
Insecta,Invertebrate
Insecta (L),Invertebrate
Insecta (L),Invertebrate
Insecta egg,Invertebrate
Insecta egg,Invertebrate
Insecta(L),Invertebrate
Insecta(L),Invertebrate
insects,Invertebrate
insects,Invertebrate
insects,Invertebrate
insects,Invertebrate
insects,Invertebrate
insects,Invertebrate
insects,Invertebrate
insects,Invertebrate
insects,Invertebrate
insects,Invertebrate
insects,Invertebrate
insects,Invertebrate
insects,Invertebrate
insects,Invertebrate
insects,Invertebrate
insects,Invertebrate
insects,Invertebrate
insects,Invertebrate
insects,Invertebrate
insects,Invertebrate
insects,Invertebrate
insects,Invertebrate
insects,Invertebrate
insects,Invertebrate
insects,Invertebrate
insects,Invertebrate
insects,Invertebrate
insects,Invertebrate
insects,Invertebrate
insects,Invertebrate
insects,Invertebrate
insects,Invertebrate
insects,Invertebrate
Insects,Invertebrate
Insects,Invertebrate
Insects,Invertebrate
Insects,Invertebrate
Insects,Invertebrate
Insects,Invertebrate
Insects segments,Invertebrate
Insects segments,Invertebrate
Insects segments,Invertebrate
Insects segments,Invertebrate
Insects segments,Invertebrate
Insects segments,Invertebrate
Insects segments,Invertebrate
Insects segments,Invertebrate
Insects segments,Invertebrate
Insects segments,Invertebrate
Insects segments,Invertebrate
Insects segments,Invertebrate
Insects segments,Invertebrate
Insects segments,Invertebrate
Insects segments,Invertebrate
Insects segments,Invertebrate
Insects segments,Invertebrate
Insetos,Invertebrate
Insetos,Invertebrate
Insetos,Invertebrate
Insetos,Invertebrate
Insetos,Invertebrate
Insetos,Invertebrate
Insetos,Invertebrate
Insetos,Invertebrate
Insetos,Invertebrate
Insetos,Invertebrate
Insetos,Invertebrate
Insetos,Invertebrate
Insetos,Invertebrate
Insetos,Invertebrate
insetos,Invertebrate
insetos,Invertebrate
insetos,Invertebrate
insetos,Invertebrate
insetos,Invertebrate
insetos,Invertebrate
insetos,Invertebrate
insetos,Invertebrate
insetos,Invertebrate
insetos,Invertebrate
insetos,Invertebrate
insetos,Invertebrate
insetos,Invertebrate
insetos,Invertebrate
insetos,Invertebrate
insetos,Invertebrate
insetos,Invertebrate
insetos,Invertebrate
insetos,Invertebrate
insetos,Invertebrate
insetos,Invertebrate
insetos,Invertebrate
insetos,Invertebrate
insetos,Invertebrate
insetos,Invertebrate
insetos,Invertebrate
insetos,Invertebrate
insetos,Invertebrate
insetos,Invertebrate
insetos,Invertebrate
insetos,Invertebrate
insetos,Invertebrate
insetos,Invertebrate
insetos,Invertebrate
insetos,Invertebrate
insetos,Invertebrate
insetos,Invertebrate
insetos,Invertebrate
insetos,Invertebrate
insetos,Invertebrate
insetos,Invertebrate
insetos,Invertebrate
insetos,Invertebrate
insetos,Invertebrate
insetos,Invertebrate
insetos,Invertebrate
insetos,Invertebrate
insetos,Invertebrate
insetos,Invertebrate
insetos,Invertebrate
insetos,Invertebrate
insetos,Invertebrate
insetos,Invertebrate
insetos,Invertebrate
insetos,Invertebrate
insetos,Invertebrate
insetos,Invertebrate
insetos,Invertebrate
insetos,Invertebrate
insetos,Invertebrate
insetos,Invertebrate
insetos,Invertebrate
insetos,Invertebrate
insetos,Invertebrate
insetos,Invertebrate
insetos,Invertebrate
insetos,Invertebrate
insetos,Invertebrate
insetos,Invertebrate
insetos,Invertebrate
insetos,Invertebrate
insetos,Invertebrate
insetos,Invertebrate
insetos,Invertebrate
insetos,Invertebrate
insetos,Invertebrate
insetos,Invertebrate
insetos,Invertebrate
insetos,Invertebrate
insetos,Invertebrate
insetos,Invertebrate
insetos,Invertebrate
insetos,Invertebrate
insetos,Invertebrate
insetos,Invertebrate
insetos,Invertebrate
insetos,Invertebrate
insetos,Invertebrate
insetos,Invertebrate
insetos,Invertebrate
insetos,Invertebrate
insetos,Invertebrate
insetos,Invertebrate
insetos,Invertebrate
insetos,Invertebrate
insetos,Invertebrate
Insetos,Invertebrate
Insetos,Invertebrate
Insetos,Invertebrate
Insetos,Invertebrate
Insetos,Invertebrate
Invertebrate egg,Invertebrate
Invertebrate egg,Invertebrate
Invertebrate egg,Invertebrate
Invertebrate egg,Invertebrate
Invertebrate egg,Invertebrate
Invertebrate egg,Invertebrate
Invertebrate egg,Invertebrate
Invertebrate egg,Invertebrate
Invertebrate egg,Invertebrate
Invertebrate egg,Invertebrate
Invertebrate egg,Invertebrate
Invertebrate egg,Invertebrate
Invertebrate egg,Invertebrate
Invertebrate egg,Invertebrate
Invertebrate egg,Invertebrate
Invertebrate egg,Invertebrate
Invertebrate egg,Invertebrate
Invertebrate egg,Invertebrate
Invertebrate egg,Invertebrate
Invertebrate egg,Invertebrate
Invertebrate egg,Invertebrate
Invertebrate egg,Invertebrate
Invertebrate egg,Invertebrate
Invertebrate egg,Invertebrate
Invertebrate egg,Invertebrate
Invertebrate egg,Invertebrate
Invertebrate egg,Invertebrate
Invertebrate egg,Invertebrate
Invertebrate egg,Invertebrate
Invertebrate egg,Invertebrate
Invertebrate egg,Invertebrate
Invertebrate egg,Invertebrate
Invertebrate egg,Invertebrate
Invertebrate egg,Invertebrate
Invertebrate egg,Invertebrate
Invertebrate egg,Invertebrate
Invertebrate egg,Invertebrate
Invertebrate egg,Invertebrate
Invertebrate egg,Invertebrate
Invertebrate egg,Invertebrate
Invertebrate egg,Invertebrate
Invertebrate eggs,Invertebrate
Invertebrate eggs,Invertebrate
Invertebrate eggs,Invertebrate
Invertebrate eggs,Invertebrate
Invertebrate eggs,Invertebrate
Invertebrate eggs,Invertebrate
Invertebrate eggs,Invertebrate
Invertebrate eggs,Invertebrate
Invertebrate eggs,Invertebrate
Invertebrate eggs,Invertebrate
Invertebrate eggs,Invertebrate
Invertebrate eggs,Invertebrate
Invertebrate eggs,Invertebrate
Invertebrate eggs,Invertebrate
Invertebrate eggs,Invertebrate
Invertebrate eggs,Invertebrate
Invertebrate eggs,Invertebrate
Invertebrate eggs,Invertebrate
Invertebrate eggs,Invertebrate
Invertebrate eggs,Invertebrate
Invertebrate eggs,Invertebrate
Invertebrate eggs,Invertebrate
Isopoda,Invertebrate
Isopoda,Invertebrate
Isopoda,Invertebrate
Isopoda,Invertebrate
Isopoda,Invertebrate
Isopoda,Invertebrate
Isopoda,Invertebrate
Isopoda,Invertebrate
Isopoda,Invertebrate
Isopoda,Invertebrate
Isopoda,Invertebrate
Isopoda,Invertebrate
Isopoda,Invertebrate
Isopoda,Invertebrate
Isopoda,Invertebrate
Isopoda,Invertebrate
Isopoda,Invertebrate
Isopoda,Invertebrate
Isopoda,Invertebrate
Isopoda,Invertebrate
Isopoda,Invertebrate
Isopoda,Invertebrate
Isopoda,Invertebrate
Isopoda,Invertebrate
Isopoda,Invertebrate
Isopoda,Invertebrate
Isopoda,Invertebrate
Isopoda,Invertebrate
Isopoda,Invertebrate
Isopoda,Invertebrate
Isopoda,Invertebrate
Isopoda,Invertebrate
Isopoda,Invertebrate
Isopoda,Invertebrate
Isopoda,Invertebrate
Isopoda,Invertebrate
Isopoda,Invertebrate
Isopoda,Invertebrate
Isopoda,Invertebrate
Isopoda,Invertebrate
Isopoda,Invertebrate
Isopoda,Invertebrate
Isopoda,Invertebrate
Isopoda,Invertebrate
Isopoda,Invertebrate
Isopoda,Invertebrate
Isopoda,Invertebrate
Isopoda,Invertebrate
Isopoda,Invertebrate
Isopoda,Invertebrate
Isopoda,Invertebrate
Isopoda,Invertebrate
Isopoda,Invertebrate
Isopoda,Invertebrate
Isopoda,Invertebrate
Isopoda,Invertebrate
Isopoda,Invertebrate
Isopoda,Invertebrate
Isopoda,Invertebrate
Isopoda,Invertebrate
Isopoda,Invertebrate
Isopoda,Invertebrate
Isopoda,Invertebrate
Isopoda,Invertebrate
Isopoda,Invertebrate
Isopoda,Invertebrate
Isoptera,Invertebrate
Isoptera,Invertebrate
Isoptera,Invertebrate
Keratella americana,Invertebrate
Keratella americana,Invertebrate
Keratella americana,Invertebrate
Keratella americana,Invertebrate
Keratella americana,Invertebrate
Keratella americana,Invertebrate
Keratella tropica,Invertebrate
Keratella tropica,Invertebrate
Keratella tropica,Invertebrate
Keratella tropica,Invertebrate
Keratella tropica,Invertebrate
Keratella tropica,Invertebrate
Keratella tropica,Invertebrate
Keratella tropica,Invertebrate
Keratella tropica,Invertebrate
Keratella valga,Invertebrate
Keratella valga,Invertebrate
Keratella valga,Invertebrate
Kirchneriella contorta,Algae
Kirchneriella contorta,Algae
Kirchneriella contorta,Algae
Kirchneriella sp.,Algae
Kirchneriella sp.,Algae
Kirchneriella sp.,Algae
Larva de Díptera,Invertebrate
Larva de Díptera,Invertebrate
Larva de Díptera,Invertebrate
Larva de inseto,Invertebrate
Larva de inseto,Invertebrate
Larva de inseto,Invertebrate
Larva de Trichoptera,Invertebrate
Larva de Trichoptera,Invertebrate
Larva Diptera,Invertebrate
Larva Diptera,Invertebrate
Larva Diptera,Invertebrate
Larva Trichoptera,Invertebrate
Larva Trichoptera,Invertebrate
Larva Trichoptera,Invertebrate
Larvae,Invertebrate
Larvae,Invertebrate
Larvae,Invertebrate
Larvae,Invertebrate
Larvae,Invertebrate
Larvae,Invertebrate
Larvae,Invertebrate
Larvae,Invertebrate
Larvae,Invertebrate
Larvae,Invertebrate
Larvae,Invertebrate
Larvae,Invertebrate
Larvae,Invertebrate
Larvae,Invertebrate
larvae,Invertebrate
larvae,Invertebrate
larvae,Invertebrate
larvae,Invertebrate
larvae,Invertebrate
larvae,Invertebrate
larvae,Invertebrate
larvae,Invertebrate
Larvae,Invertebrate
Larvae,Invertebrate
Larvae,Invertebrate
Larvae,Invertebrate
Larvae,Invertebrate
larvae fragment,Invertebrate
larvae fragment,Invertebrate
larvae fragment,Invertebrate
larvae fragment,Invertebrate
larvae fragment,Invertebrate
larvae fragment,Invertebrate
larvae fragment,Invertebrate
larvae fragment,Invertebrate
larvae fragment,Invertebrate
Larvae Hydrophilidae,Invertebrate
Larvae Hydrophilidae,Invertebrate
Larvae Hydrophilidae,Invertebrate
Larvae Hydrophilidae,Invertebrate
larval shrimp,Invertebrate
Leaf fragment,Plant
Leaf fragment,Plant
Leaf fragment,Plant
Leaf fragment,Plant
Leaf fragment,Plant
Leaf fragment,Plant
Lecane monostila cornuta,Invertebrate
Lecane monostila cornuta,Invertebrate
Lecane monostila cornuta,Invertebrate
Lecane setenroosi,Invertebrate
Lecane setenroosi,Invertebrate
Lecane setenroosi,Invertebrate
Lecane sp.,Invertebrate
Lecane sp.,Invertebrate
Lecane sp.,Invertebrate
Lecane sp.,Invertebrate
Lecane sp.,Invertebrate
Lecane sp.,Invertebrate
Lecane sp.,Invertebrate
Lecane sp.,Invertebrate
Lecane sp.,Invertebrate
Lepdoptera,Invertebrate
Lepidoptera,Invertebrate
Lepidoptera,Invertebrate
Lepidoptera,Invertebrate
Lepidoptera,Invertebrate
Lepidoptera,Invertebrate
Lepidoptera,Invertebrate
Lepidoptera,Invertebrate
Lepidoptera,Invertebrate
Lepidoptera,Invertebrate
Lepidoptera,Invertebrate
Lepidoptera,Invertebrate
Lepidoptera,Invertebrate
Lepidoptera,Invertebrate
Lepidoptera,Invertebrate
Lepidoptera,Invertebrate
Lepidoptera,Invertebrate
Lepidoptera,Invertebrate
Lepidoptera,Invertebrate
Lepidoptera,Invertebrate
Lepidoptera,Invertebrate
Lepidoptera,Invertebrate
Lepidoptera,Invertebrate
Lepidoptera,Invertebrate
Lepidóptera,Invertebrate
Lepidóptera,Invertebrate
Lepidóptera,Invertebrate
Lepidóptera,Invertebrate
Lepidóptera,Invertebrate
Lepidóptera,Invertebrate
Lepidóptera,Invertebrate
Lepidóptera,Invertebrate
Lepidoptera larvae,Invertebrate
Lepidoptera larvae,Invertebrate
Lepidoptera larvae,Invertebrate
Lepidoptera larvae,Invertebrate
Leporinus sp.,Fish
Leporinus sp.,Fish
Leptochela serratorbita,Invertebrate
Leptochela serratorbita,Invertebrate
Leptochela serratorbita,Invertebrate
Leptochela serratorbita,Invertebrate
Leptochela sp.,Invertebrate
Leptochela sp.,Invertebrate
Leptochela sp.,Invertebrate
Leptochela sp.,Invertebrate
Leptodactylus macrosternum,Other
Libelullidae,Invertebrate
Libelullidae,Invertebrate
Litopenaeus schmitti,Invertebrate
Litopenaeus schmitti,Invertebrate
Litopenaeus schmitti,Invertebrate
Litopenaeus schmitti,Invertebrate
Lophiosilurus alexandri,Fish
Lophiosilurus alexandri,Fish
Lophiosilurus alexandri,Fish
Lyngbia sp.,Algae
Lyngbia sp.,Algae
Lyngbia sp.,Algae
Lyngbia sp.,Algae
Lyngbia sp.,Algae
Lyngbia sp.,Algae
Lyngbya sp.,Algae
Lyngbya sp.,Algae
Lyngbya sp.,Algae
Lyngbya sp.,Algae
Lyngbya sp.,Algae
Lyngbya sp.,Algae
Lyngbya sp.,Algae
Lyngbya sp.,Algae
Lyngbya sp.,Algae
Lyngbya sp.,Algae
Lyngbya sp.,Algae
Lyngbya sp.,Algae
MacroAlgae,Algae
MacroAlgae,Algae
MacroAlgae,Algae
MacroAlgae,Algae
MacroAlgae,Algae
MacroAlgae,Algae
MacroAlgae,Algae
MacroAlgae,Algae
MacroAlgae,Algae
MacroAlgae,Algae
MacroAlgae,Algae
MacroAlgae,Algae
Macrobrachium amazonicum,Invertebrate
Macrobrachium amazonicum,Invertebrate
Macrobrachium amazonicum,Invertebrate
Macrobrachium shrimp,Invertebrate
Macrobrachium shrimp,Invertebrate
Macrobrachium shrimp,Invertebrate
Macrobrachium shrimp,Invertebrate
Macrobrachium shrimp,Invertebrate
Macrobrachium shrimp,Invertebrate
Macrobrachium shrimp,Invertebrate
Macrobrachium shrimp,Invertebrate
Macrobrachium sp.,Invertebrate
Macrobrachium sp.,Invertebrate
Macrobrachium sp.,Invertebrate
Macrobrachium sp.,Invertebrate
Macrobrachium sp.,Invertebrate
Macrobrachium sp.,Invertebrate
Macrobrachium sp.,Invertebrate
Macrobrachium sp.,Invertebrate
Macrobrachium sp.,Invertebrate
Macrobrachium sp.,Invertebrate
Macrobrachium sp.,Invertebrate
Macrophyte,Plant
Macrophyte,Plant
macrophyte,Plant
macrophyte,Plant
macrophyte,Plant
macrophyte,Plant
macrophyte,Plant
macrophyte,Plant
macrophyte,Plant
mamal,Other
mamal,Other
mamal,Other
mamal,Other
mamal,Other
mamal,Other
mammal,Other
mammal,Other
mammal,Other
Mantodea,Invertebrate
Mantodea,Invertebrate
Mantodea,Invertebrate
Mastogloia smithii,Algae
Mastogloia smithii,Algae
Mastogloia smithii,Algae
Mastogloia smithii,Algae
Mastogloia smithii,Algae
Mastogloia smithii,Algae
Mastogloia smithii,Algae
Mastogloia smithii,Algae
Mastogloia smithii,Algae
MATERIAL DIGERIDO,Other
MATERIAL DIGERIDO,Other
MATERIAL DIGERIDO,Other
MATERIAL DIGERIDO,Other
MATERIAL DIGERIDO,Other
MATERIAL DIGERIDO,Other
MATERIAL DIGERIDO,Other
MATERIAL DIGERIDO,Other
MATERIAL DIGERIDO,Other
Material digerido,Other
Material digerido,Other
Material digerido,Other
Material digerido,Other
Material não identificado,Other
Material não identificado,Other
Material não identificado,Other
Material não identificado,Other
Material vegetal,Plant
Material vegetal,Plant
Material vegetal,Plant
Material vegetal,Plant
Material vegetal,Plant
Material vegetal,Plant
Material vegetal,Plant
Material vegetal,Plant
Material vegetal,Plant
Material vegetal,Plant
Material vegetal,Plant
Material vegetal,Plant
Material vegetal não identificado,Plant
Material vegetal não identificado,Plant
Material vegetal não identificado,Plant
Material vegetal não identificado,Plant
Material vegetal não identificado,Plant
Material vegetal não identificado,Plant
Megaloptera,Invertebrate
Megaloptera,Invertebrate
Melanoides tuberculata,Invertebrate
Melanoides tuberculata,Invertebrate
Melanoides tuberculata,Invertebrate
Melanoides tuberculata,Invertebrate
Melanoides tuberculata,Invertebrate
Melanoides tuberculata,Invertebrate
Melanoides tuberculata,Invertebrate
Melanoides tuberculata,Invertebrate
Melanoides tuberculatus,Invertebrate
Melanoides tuberculatus,Invertebrate
Melanoides tuberculatus,Invertebrate
Melosira granulata,Algae
Melosira granulata,Algae
Melosira granulata,Algae
Melosira granulata,Algae
Melosira granulata,Algae
Melosira granulata,Algae
Melosira granulata,Algae
Melosira granulata,Algae
Melosira granulata,Algae
Melosira italica,Algae
Melosira italica,Algae
Melosira italica,Algae
Menticirrhus americanus,Fish
Menticirrhus americanus,Fish
Menticirrhus americanus,Fish
Menticirrhus americanus,Fish
Merismopedia,Algae
Merismopedia sp.,Algae
Merismopedia sp.,Algae
Merismopedia sp.,Algae
Merismopedia sp.,Algae
Merismopedia sp.,Algae
Merismopedia sp.,Algae
Merismopedia sp.,Algae
Merismopedia sp.,Algae
Merismopedia sp.,Algae
Metapenaeopsis sp.,Invertebrate
Metapenaeopsis sp.,Invertebrate
Metapenaeopsis sp.,Invertebrate
Metapenaeopsis sp.,Invertebrate
Metynnis spp.,Fish
Metynnis spp.,Fish
Metynnis spp.,Fish
Micrasterias laticeps,Algae
Micrasterias laticeps,Algae
Micrasterias laticeps,Algae
microcrustacean,Invertebrate
microcrustacean,Invertebrate
microcrustacean,Invertebrate
microcrustacean,Invertebrate
microcrustacean,Invertebrate
microcrustacean,Invertebrate
microcrustacean,Invertebrate
microcrustacean,Invertebrate
microcrustacean,Invertebrate
microcrustacean,Invertebrate
microcrustacean,Invertebrate
microcrustacean,Invertebrate
microcrustacean,Invertebrate
microcrustacean,Invertebrate
microcrustacean,Invertebrate
microcrustacean,Invertebrate
microcrustacean,Invertebrate
microcrustacean,Invertebrate
microcrustacean,Invertebrate
microcrustacean,Invertebrate
microcrustacean,Invertebrate
microcrustacean,Invertebrate
microcrustacean,Invertebrate
microcrustacean,Invertebrate
microcrustacean,Invertebrate
microcrustacean,Invertebrate
microcrustacean,Invertebrate
microcrustacean,Invertebrate
microcrustacean,Invertebrate
microcrustacean,Invertebrate
microcrustacean,Invertebrate
microcrustacean,Invertebrate
microcrustacean,Invertebrate
microcrustacean,Invertebrate
microcrustacean,Invertebrate
microcrustacean,Invertebrate
microcrustacean,Invertebrate
microcrustacean,Invertebrate
microcrustacean,Invertebrate
microcrustacean,Invertebrate
microcrustacean,Invertebrate
microcrustacean,Invertebrate
microcrustacean,Invertebrate
microcrustacean,Invertebrate
microcrustacean,Invertebrate
microcrustacean,Invertebrate
microcrustacean,Invertebrate
microcrustacean,Invertebrate
microcrustacean,Invertebrate
microcrustacean,Invertebrate
microcrustacean,Invertebrate
microcrustacean,Invertebrate
microcrustacean,Invertebrate
microcrustacean,Invertebrate
microcrustacean,Invertebrate
microcrustacean,Invertebrate
microcrustacean,Invertebrate
microcrustacean,Invertebrate
microcrustacean,Invertebrate
microcrustacean,Invertebrate
microcrustacean,Invertebrate
microcrustacean,Invertebrate
microcrustacean,Invertebrate
microcrustacean,Invertebrate
microcrustacean,Invertebrate
microcrustacean,Invertebrate
Microcrustacean,Invertebrate
Microcrustacean,Invertebrate
microcrustaceans,Invertebrate
microcrustaceans,Invertebrate
microcrustaceans,Invertebrate
microcrustaceans,Invertebrate
microcrustaceans,Invertebrate
microcrustaceans,Invertebrate
microcrustaceans,Invertebrate
microcrustaceans,Invertebrate
microcrustaceans,Invertebrate
microcrustaceans,Invertebrate
microcrustaceans,Invertebrate
microcrustaceans,Invertebrate
microcrustaceans,Invertebrate
microcrustaceans,Invertebrate
microcrustaceans,Invertebrate
microcrustaceans,Invertebrate
microcrustaceans,Invertebrate
microcrustaceans,Invertebrate
microcrustaceans,Invertebrate
microcrustaceans,Invertebrate
microcrustaceans,Invertebrate
microcrustaceans,Invertebrate
microcrustaceans,Invertebrate
microcrustaceans,Invertebrate
Microcrustaceans,Invertebrate
Microcrustaceans,Invertebrate
Microcrustaceans,Invertebrate
Microcrustaceans,Invertebrate
Microcrustaceans,Invertebrate
Microcrustaceans,Invertebrate
Microcrustaceans,Invertebrate
Microcrustaceans,Invertebrate
Microcrustaceans,Invertebrate
Microcrustaceans,Invertebrate
Microcrustaceans,Invertebrate
Microcrustaceans,Invertebrate
Microcrustaceans,Invertebrate
Microcrustaceans,Invertebrate
Microcrustaceans,Invertebrate
Microcrustáceos,Invertebrate
Microcrustáceos,Invertebrate
Microcrustáceos,Invertebrate
Microcrustáceos,Invertebrate
Microcrustáceos,Invertebrate
Microcrustáceos,Invertebrate
Microcrustáceos,Invertebrate
Microcrustáceos,Invertebrate
Microcystis,Algae
Microcystis sp.,Algae
Microcystis sp.,Algae
Microcystis sp.,Algae
microplastic,Other
microplastic,Other
microplastic,Other
microplastic,Other
microplastic,Other
microplastic,Other
microplastic,Other
microplastic,Other
microplastic,Other
microplastic,Other
microplastic,Other
microplastic,Other
Microplastics,Other
Microplastics,Other
Moenkhausia costae,Fish
Moenkhausia costae,Fish
Moenkhausia costae,Fish
Moenkhausia costae,Fish
Moenkhausia costae,Fish
Moenkhausia costae,Fish
Moenkhausia costae,Fish
Moenkhausia costae,Fish
Moenkhausia costae,Fish
Moenkhausia costae,Fish
Moenkhausia costae,Fish
Moenkhausia costae,Fish
Moina minuta,Invertebrate
Moina minuta,Invertebrate
Moina minuta,Invertebrate
Moina minuta,Invertebrate
Moina minuta,Invertebrate
Moina minuta,Invertebrate
Moinidae,Invertebrate
Moinidae,Invertebrate
Moinidae,Invertebrate
Moinidae,Invertebrate
mollusc,Invertebrate
mollusc,Invertebrate
mollusc,Invertebrate
mollusc,Invertebrate
mollusc,Invertebrate
mollusc,Invertebrate
mollusc,Invertebrate
mollusc,Invertebrate
mollusc,Invertebrate
mollusc,Invertebrate
mollusc,Invertebrate
mollusc,Invertebrate
mollusc,Invertebrate
mollusc,Invertebrate
mollusc,Invertebrate
mollusc,Invertebrate
mollusc,Invertebrate
Mollusc,Invertebrate
Mollusc,Invertebrate
Mollusc,Invertebrate
Mollusc,Invertebrate
Mollusc,Invertebrate
Mollusc,Invertebrate
Mollusc,Invertebrate
Mollusc,Invertebrate
mollusc,Invertebrate
mollusc,Invertebrate
mollusc,Invertebrate
mollusc,Invertebrate
mollusc,Invertebrate
mollusc,Invertebrate
mollusc,Invertebrate
mollusc,Invertebrate
mollusc,Invertebrate
mollusc,Invertebrate
mollusc,Invertebrate
mollusc,Invertebrate
mollusc,Invertebrate
mollusc,Invertebrate
mollusc,Invertebrate
mollusc,Invertebrate
mollusc,Invertebrate
mollusc,Invertebrate
mollusc,Invertebrate
mollusc,Invertebrate
mollusc,Invertebrate
mollusc,Invertebrate
mollusca,Invertebrate
mollusca,Invertebrate
mollusca,Invertebrate
Mollusca,Invertebrate
Mollusca,Invertebrate
Mollusca,Invertebrate
Mollusca,Invertebrate
Mollusca,Invertebrate
Mollusca,Invertebrate
Mollusca,Invertebrate
Mollusca,Invertebrate
Mollusca,Invertebrate
Mollusca,Invertebrate
Mollusca,Invertebrate
Mollusca,Invertebrate
Mollusca,Invertebrate
Mollusca,Invertebrate
Mollusca,Invertebrate
Mollusca,Invertebrate
Mollusca n.i.,Invertebrate
Mollusca n.i.,Invertebrate
Mollusca n.i.,Invertebrate
Mollusca n.i.,Invertebrate
Mollusk,Invertebrate
Mollusk,Invertebrate
Mollusk,Invertebrate
Mollusk,Invertebrate
Mollusk,Invertebrate
Mollusk,Invertebrate
Mollusk,Invertebrate
Mollusk,Invertebrate
mollusk,Invertebrate
mollusk,Invertebrate
mollusk,Invertebrate
mollusk,Invertebrate
mollusk,Invertebrate
mollusk,Invertebrate
mollusk,Invertebrate
mollusk,Invertebrate
mollusk,Invertebrate
mollusk,Invertebrate
mollusk,Invertebrate
mollusk,Invertebrate
mollusk,Invertebrate
Moluscos,Invertebrate
Moluscos,Invertebrate
Moluscos,Invertebrate
Moluscos,Invertebrate
Moluscos,Invertebrate
Moluscos,Invertebrate
Moluscos,Invertebrate
Moluscos,Invertebrate
Moluscos,Invertebrate
Monoraphidium,Algae
Moraceae seed,Plant
Moraceae seed,Plant
Moraceae seed,Plant
Mycrocistis aeruginosa,Algae
Mycrocistis aeruginosa,Algae
Mycrocistis aeruginosa,Algae
Mycrocistis aeruginosa,Algae
Mycrocistis aeruginosa,Algae
Mycrocistis aeruginosa,Algae
Mysidacea,Invertebrate
Mysidacea,Invertebrate
Mysidacea,Invertebrate
Mysidacea,Invertebrate
Mysidacea,Invertebrate
Mysidacea,Invertebrate
Mysidacea,Invertebrate
Mysidacea,Invertebrate
Mysidacea,Invertebrate
Mysidacea,Invertebrate
Mysidacea,Invertebrate
Mysidacea,Invertebrate
Mysidacea,Invertebrate
Mysidacea,Invertebrate
Mysidae,Invertebrate
Mysidae,Invertebrate
Mysidae,Invertebrate
Naucoridae larvae,Invertebrate
Naucoridae larvae,Invertebrate
Naucoridae larvae,Invertebrate
Navicula sp1,Algae
Navicula sp1,Algae
Navicula sp1,Algae
Navicula sp1,Algae
Navicula sp1,Algae
Navicula sp1,Algae
Navicula sp1.,Algae
Navicula sp1.,Algae
Navicula sp1.,Algae
Navicula sp1.,Algae
Navicula sp1.,Algae
Navicula sp1.,Algae
Navicula sp1.,Algae
Navicula sp1.,Algae
Navicula sp1.,Algae
Navicula sp2,Algae
Navicula sp2,Algae
Navicula sp2,Algae
Navicula sp2,Algae
Navicula sp2,Algae
Navicula sp2,Algae
Navicula sp2.,Algae
Navicula sp2.,Algae
Navicula sp2.,Algae
Navicula sp2.,Algae
Navicula sp2.,Algae
Navicula sp2.,Algae
Navicula sp3,Algae
Navicula sp3,Algae
Navicula sp3,Algae
Navicula sp3,Algae
Navicula sp3,Algae
Navicula sp3,Algae
Neidium sp.,Algae
Neidium sp.,Algae
Neidium sp.,Algae
Neidium sp.,Algae
Neidium sp.,Algae
Neidium sp.,Algae
Neidium sp.,Algae
Neidium sp.,Algae
Neidium sp.,Algae
Nematoda,Invertebrate
Nematoda,Invertebrate
Nematoda,Invertebrate
Nematoda,Invertebrate
Nematoda,Invertebrate
Nematoda,Invertebrate
Nematoda,Invertebrate
Nematoda,Invertebrate
Nematoda,Invertebrate
Nematoda,Invertebrate
Nematoda,Invertebrate
Nematoda,Invertebrate
Nematoda,Invertebrate
Nematoda,Invertebrate
Nematoda,Invertebrate
Nematoda,Invertebrate
Nematoda,Invertebrate
Nematoda,Invertebrate
Nematoda,Invertebrate
Nematoda,Invertebrate
Nematoda,Invertebrate
Nematoda,Invertebrate
Nematoda,Invertebrate
Nematoda,Invertebrate
Nematoda,Invertebrate
Nematoda,Invertebrate
nematoda,Invertebrate
nematoda,Invertebrate
nematoda,Invertebrate
nematoda,Invertebrate
nematoda,Invertebrate
nematoda,Invertebrate
nematoda,Invertebrate
nematoda,Invertebrate
nematoda,Invertebrate
nematoda,Invertebrate
Nematoda,Invertebrate
Nematoda,Invertebrate
Nematoda,Invertebrate
Nematoda,Invertebrate
Nematoda,Invertebrate
Nematoda,Invertebrate
Nematoda,Invertebrate
Nematoda,Invertebrate
Nematoda,Invertebrate
Nematoda,Invertebrate
Nematoda,Invertebrate
Nematoda,Invertebrate
Nematoda,Invertebrate
Nematoda,Invertebrate
Nematoda,Invertebrate
Nematoda,Invertebrate
Nematoda,Invertebrate
Nematoda,Invertebrate
Nematoda,Invertebrate
Nematoda,Invertebrate
Nematoda,Invertebrate
Nematoda,Invertebrate
Nematoda,Invertebrate
Nematoda,Invertebrate
Nematoda,Invertebrate
Nematoda,Invertebrate
Nematoda,Invertebrate
Nematoda,Invertebrate
Nematoda,Invertebrate
Nematoda,Invertebrate
Nematoda,Invertebrate
Nematoda,Invertebrate
Nematoda,Invertebrate
Nematoda,Invertebrate
Nematoda,Invertebrate
Nematoda,Invertebrate
Nematoda,Invertebrate
Nematoda,Invertebrate
Nematoda,Invertebrate
Nematoda,Invertebrate
Nematoda,Invertebrate
Nematoda,Invertebrate
Nematoda,Invertebrate
Nematoda,Invertebrate
Nematoda,Invertebrate
Nematoda,Invertebrate
Nematoda,Invertebrate
Nematoda,Invertebrate
Nematoda,Invertebrate
Nematoda,Invertebrate
Nematoda,Invertebrate
Nematoda,Invertebrate
Nematoda,Invertebrate
Nematoda,Invertebrate
Nematoda,Invertebrate
Nematoda,Invertebrate
Nematoda,Invertebrate
Nematoda,Invertebrate
Nematoda,Invertebrate
Nematoda,Invertebrate
Nematoda,Invertebrate
Nematoda,Invertebrate
Nematoda,Invertebrate
Nematoda,Invertebrate
Nematoda,Invertebrate
Nematoda,Invertebrate
Nematoda,Invertebrate
Nematoda,Invertebrate
Nematoda,Invertebrate
Nematoda,Invertebrate
Nematoda,Invertebrate
Nematoda,Invertebrate
Nematoda,Invertebrate
Nematoda,Invertebrate
Nematoda,Invertebrate
Nematoda,Invertebrate
Nematoda,Invertebrate
Nematoda,Invertebrate
Nematoda,Invertebrate
Nematoda,Invertebrate
Nematoda,Invertebrate
Nematoda,Invertebrate
Nematoda,Invertebrate
Nematoda,Invertebrate
Nematoda,Invertebrate
Nematoda,Invertebrate
Nematoda,Invertebrate
Nematoda,Invertebrate
Nematoda,Invertebrate
Nematoda,Invertebrate
Nematoda,Invertebrate
Nematoda,Invertebrate
Nematoda,Invertebrate
Nematoda,Invertebrate
Nematoda,Invertebrate
Nematoda,Invertebrate
Nematoda,Invertebrate
nematode,Invertebrate
nematode,Invertebrate
nematode,Invertebrate
Neritina virginea,Invertebrate
Neritina virginea,Invertebrate
Neritina virginea,Invertebrate
Neritina virginea,Invertebrate
Neritina virginea,Invertebrate
Neritina virginea,Invertebrate
Neritina virginea,Invertebrate
Neritina virginea,Invertebrate
Neritina virginea,Invertebrate
Ninfa Ephemeroptera,Invertebrate
Ninfa Ephemeroptera,Invertebrate
Ninfa Ephemeroptera,Invertebrate
Ninfa Plecoptera,Invertebrate
Ninfa Plecoptera,Invertebrate
Ninfa Plecoptera,Invertebrate
Nitzschia sp.,Algae
Nitzschia sp.,Algae
Nitzschia sp.,Algae
Nitzschia sp.,Algae
Nitzschia sp.,Algae
Nitzschia sp.,Algae
Nitzschia sp.,Algae
Nitzschia sp.,Algae
Nitzschia sp.,Algae
Nitzschia sp.,Algae
Nitzschia sp.,Algae
Nitzschia sp.,Algae
Non identified digested matter,Other
Non identified digested matter,Other
Non identified digested matter,Other
Non identified digested matter,Other
Non identified digested matter,Other
Non identified digested matter,Other
Non identified digested matter,Other
non identified material,Other
non identified material,Other
non identified material,Other
non identified material,Other
non identified material,Other
non identified material,Other
non identified material,Other
non identified material,Other
non identified material,Other
non identified material,Other
non identified material,Other
non identified material,Other
non identified material,Other
non identified material,Other
non identified material,Other
non identified material,Other
non identified material,Other
Notonectidae,Invertebrate
Notonectidae,Invertebrate
Notonectidae,Invertebrate
Notonectidae,Invertebrate
NYLON,Other
NYLON,Other
NYLON,Other
NYLON,Other
NYLON,Other
NYLON,Other
NYLON,Other
Odonata,Invertebrate
Odonata,Invertebrate
Odonata,Invertebrate
Odonata,Invertebrate
Odonata,Invertebrate
Odonata,Invertebrate
Odonata,Invertebrate
Odonata,Invertebrate
Odonata,Invertebrate
Odonata,Invertebrate
Odonata,Invertebrate
Odonata,Invertebrate
Odonata,Invertebrate
Odonata,Invertebrate
Odonata,Invertebrate
Odonata,Invertebrate
Odonata,Invertebrate
Odonata,Invertebrate
odonata,Invertebrate
odonata,Invertebrate
odonata,Invertebrate
odonata,Invertebrate
odonata,Invertebrate
odonata,Invertebrate
odonata,Invertebrate
odonata,Invertebrate
Odonata,Invertebrate
Odonata,Invertebrate
Odonata,Invertebrate
Odonata,Invertebrate
Odonata,Invertebrate
Odonata,Invertebrate
Odonata,Invertebrate
Odonata,Invertebrate
Odonata,Invertebrate
Odonata,Invertebrate
Odonata,Invertebrate
Odonata,Invertebrate
Odonata,Invertebrate
Odonata,Invertebrate
Odonata,Invertebrate
Odonata,Invertebrate
Odonata,Invertebrate
Odonata,Invertebrate
Odonata,Invertebrate
Odonata,Invertebrate
Odonata,Invertebrate
Odonata,Invertebrate
Odonata,Invertebrate
Odonata,Invertebrate
Odonata,Invertebrate
Odonata,Invertebrate
Odonata,Invertebrate
Odonata,Invertebrate
Odonata,Invertebrate
Odonata,Invertebrate
Odonata,Invertebrate
Odonata,Invertebrate
Odonata,Invertebrate
Odonata,Invertebrate
Odonata,Invertebrate
Odonata,Invertebrate
Odonata,Invertebrate
Odonata,Invertebrate
Odonata,Invertebrate
Odonata,Invertebrate
Odonata,Invertebrate
Odonata,Invertebrate
Odonata,Invertebrate
Odonata,Invertebrate
Odonata,Invertebrate
Odonata,Invertebrate
Odonata,Invertebrate
Odonata,Invertebrate
Odonata,Invertebrate
Odonata,Invertebrate
Odonata,Invertebrate
Odonata,Invertebrate
Odonata,Invertebrate
Odonata,Invertebrate
Odonata - Anisoptera,Invertebrate
Odonata - Anisoptera,Invertebrate
Odonata - Anisoptera,Invertebrate
Odonata - Anisoptera,Invertebrate
Odonata - Zigoptera,Invertebrate
Odonata - Zigoptera,Invertebrate
Odonata adult,Invertebrate
Odonata larvae,Invertebrate
Odonata larvae,Invertebrate
Odonata larvae,Invertebrate
Odonata larvae,Invertebrate
Odonata larvae,Invertebrate
Odonata larvae,Invertebrate
Odonata larvae,Invertebrate
Odonata larvae,Invertebrate
Odonata larvae,Invertebrate
Odonata larvae,Invertebrate
Odonata larvae,Invertebrate
Odonata larvae,Invertebrate
Odonata larvae,Invertebrate
Odonata larvae,Invertebrate
Odonata larvae,Invertebrate
Odonata nymph,Invertebrate
Odonata nymph,Invertebrate
Odonata nymph,Invertebrate
Odonata nymph,Invertebrate
Odonata nymph,Invertebrate
Odonata nymph,Invertebrate
Odonata nymph,Invertebrate
Oedogomium,Algae
Oedogonium sp.,Algae
Oedogonium sp.,Algae
Oedogonium sp.,Algae
Oedogonium sp1,Algae
Oedogonium sp1,Algae
Oedogonium sp1,Algae
Oedogonium sp1,Algae
Oedogonium sp1,Algae
Oedogonium sp1,Algae
Oedogonium sp2,Algae
Oedogonium sp2,Algae
Oedogonium sp2,Algae
Oedogonium sp2,Algae
Oedogonium sp2,Algae
Oedogonium sp2,Algae
ofídios,Other
ofídios,Other
ofídios,Other
ofídios,Other
ofídios,Other
ofídios,Other
ofídios,Other
ofídios,Other
Ogyrides alphaerostris,Invertebrate
Ogyrides alphaerostris,Invertebrate
Ogyrides alphaerostris,Invertebrate
Ogyrides alphaerostris,Invertebrate
Ogyrididae,Invertebrate
Ogyrididae,Invertebrate
Ogyrididae,Invertebrate
Ogyrididae,Invertebrate
OIigochaeta,Invertebrate
OIigochaeta,Invertebrate
Oligochaeta,Invertebrate
Oligochaeta,Invertebrate
Oligochaeta,Invertebrate
Oligochaeta,Invertebrate
Oligochaeta,Invertebrate
Oligochaeta,Invertebrate
oligochaeta,Invertebrate
oligochaeta,Invertebrate
oligochaeta,Invertebrate
oligochaeta,Invertebrate
oligochaeta,Invertebrate
Oligochaeta,Invertebrate
Oligochaeta,Invertebrate
Oligochaeta,Invertebrate
Oligochaeta,Invertebrate
Oligochaeta,Invertebrate
Oligochaeta,Invertebrate
Onuphidae,Invertebrate
Onuphidae,Invertebrate
Onuphidae,Invertebrate
Onuphidae,Invertebrate
Oocystis sp.,Algae
Oocystis sp.,Algae
Oocystis sp.,Algae
Oocystis sp.,Algae
Oocystis sp.,Algae
Oocystis sp.,Algae
Oreochromis niloticus,Fish
Oreochromis niloticus,Fish
Organic Material,Other
Organic Material,Other
Organic Material,Other
Organic Material,Other
organic material,Other
organic material,Other
organic material,Other
organic material,Other
Organic matter,Other
Organic matter,Other
Organic matter,Other
Organic matter,Other
Organic matter,Other
Organic matter,Other
Organic matter,Other
Organic matter,Other
Organic matter,Other
Organic matter,Other
Organic matter,Other
Organic matter,Other
Organic matter,Other
Organic matter,Other
Organic matter,Other
Organic matter,Other
Organic matter,Other
Organic matter,Other
Organic matter,Other
Organic matter,Other
Organic matter,Other
Organic matter,Other
Organic matter,Other
Organic matter,Other
organic matter,Other
Organic Matter,Other
Organic Matter,Other
Organic Matter,Other
Organic Matter,Other
Organic Matter,Other
Organic Matter,Other
Organic Matter,Other
Organic Matter,Other
organic matter,Other
organic matter,Other
organic matter,Other
organic matter,Other
organic matter,Other
organic matter,Other
organic matter,Other
organic matter,Other
organic matter,Other
organic matter,Other
organic matter,Other
organic matter,Other
organic matter,Other
organic matter,Other
organic matter,Other
organic matter,Other
organic matter,Other
organic matter,Other
organic matter,Other
organic matter,Other
organic matter,Other
organic matter,Other
organic matter,Other
organic matter,Other
organic matter,Other
organic matter,Other
organic matter,Other
organic matter,Other
organic matter,Other
organic matter,Other
organic matter,Other
organic matter,Other
organic matter,Other
organic matter,Other
organic matter,Other
organic matter,Other
organic matter,Other
organic matter,Other
organic matter,Other
organic matter,Other
organic matter,Other
organic matter,Other
organic matter,Other
organic matter,Other
organic matter,Other
organic matter,Other
organic matter,Other
organic matter,Other
Organic matter,Other
Organic matter,Other
Organic matter,Other
Organic matter,Other
Organic matter,Other
Organic matter,Other
Organic matter,Other
Organic matter,Other
Organic matter,Other
Organic matter,Other
Organic matter,Other
Organic matter,Other
Organic matter,Other
Organic matter,Other
Organic matter,Other
Organic matter,Other
Organic matter,Other
Organic matter,Other
Organic matter,Other
Organic matter,Other
Organic matter,Other
Organic matter,Other
Orthoptera,Invertebrate
Orthoptera,Invertebrate
Orthoptera,Invertebrate
Orthoptera,Invertebrate
Orthoptera,Invertebrate
Orthoptera,Invertebrate
Orthoptera,Invertebrate
Orthoptera,Invertebrate
Orthoptera,Invertebrate
Orthoptera,Invertebrate
Orthoptera,Invertebrate
Orthoptera,Invertebrate
Orthoptera,Invertebrate
Orthoptero,Invertebrate
Orthoptero,Invertebrate
Orthoptero,Invertebrate
Orthospinus franciscensis,Fish
Orthospinus franciscensis,Fish
Orthospinus franciscensis,Fish
Orthospinus franciscensis,Fish
Orthospinus franciscoensis,Fish
Orthospinus franscicoensis,Fish
Oscilatoria,Algae
Oscilatoria,Algae
Oscillatoria,Algae
Oscillatoria sp.,Algae
Oscillatoria sp.,Algae
Oscillatoria sp.,Algae
Oscillatoria sp1.,Algae
Oscillatoria sp1.,Algae
Oscillatoria sp1.,Algae
Oscillatoria sp1.,Algae
Oscillatoria sp1.,Algae
Oscillatoria sp1.,Algae
Oscillatoria sp1.,Algae
Oscillatoria sp1.,Algae
Oscillatoria sp1.,Algae
Oscillatoria sp2.,Algae
Oscillatoria sp2.,Algae
Oscillatoria sp2.,Algae
Oscillatoria sp2.,Algae
Oscillatoria sp2.,Algae
Oscillatoria sp2.,Algae
Ostracoda,Invertebrate
Ostracoda,Invertebrate
Ostracoda,Invertebrate
Ostracoda,Invertebrate
Ostracoda,Invertebrate
Ostracoda,Invertebrate
Ostracoda,Invertebrate
Ostracoda,Invertebrate
Ostracoda,Invertebrate
Ostracoda,Invertebrate
Ostracoda,Invertebrate
Ostracoda,Invertebrate
Ostracoda,Invertebrate
Ostracoda,Invertebrate
Ostracoda,Invertebrate
Ostracoda,Invertebrate
Ostracoda,Invertebrate
Ostracoda,Invertebrate
Ostracoda,Invertebrate
Ostracoda,Invertebrate
Ostracoda,Invertebrate
Ostracoda,Invertebrate
Ostracoda,Invertebrate
Ostracoda,Invertebrate
Ostracoda,Invertebrate
Ostracoda,Invertebrate
Ostracoda,Invertebrate
Ostracoda,Invertebrate
Ostracoda,Invertebrate
Ostracoda,Invertebrate
Ostracoda,Invertebrate
Ostracoda,Invertebrate
Ostracoda,Invertebrate
Ostracoda,Invertebrate
Ostracoda,Invertebrate
Ostracoda,Invertebrate
Ostracoda,Invertebrate
Ostracoda,Invertebrate
Ostracoda,Invertebrate
Ostracoda,Invertebrate
Ostracoda,Invertebrate
Ostracoda,Invertebrate
Ostracoda,Invertebrate
Ostracoda,Invertebrate
Ostracoda,Invertebrate
Ostracoda,Invertebrate
Ostracoda,Invertebrate
Ostracoda,Invertebrate
Ostracoda,Invertebrate
Ostracoda,Invertebrate
Ostracoda,Invertebrate
Ostracoda,Invertebrate
Ostracoda,Invertebrate
Ostracoda,Invertebrate
Ostracoda,Invertebrate
Ostracoda,Invertebrate
OSTRACODA,Invertebrate
OSTRACODA,Invertebrate
Ostracoda,Invertebrate
Ostracoda,Invertebrate
Ostracoda,Invertebrate
Ostracoda,Invertebrate
Ostracoda,Invertebrate
Ostracoda,Invertebrate
Ostracoda,Invertebrate
Ostracoda,Invertebrate
Ostracoda,Invertebrate
Ostracoda,Invertebrate
Ostracoda,Invertebrate
Ostracoda,Invertebrate
Ostracoda,Invertebrate
Ostracoda,Invertebrate
Ostracoda,Invertebrate
Ostracoda,Invertebrate
Ostracoda,Invertebrate
Ostracoda,Invertebrate
Ostracoda,Invertebrate
Ostracoda,Invertebrate
Ostracoda,Invertebrate
Ostracoda,Invertebrate
Ostracoda,Invertebrate
Ostracoda,Invertebrate
Ostracoda,Invertebrate
Ostracoda,Invertebrate
Ostracoda,Invertebrate
Ostracoda,Invertebrate
Ostracoda,Invertebrate
Ostracoda,Invertebrate
Ostracoda,Invertebrate
Ostracoda,Invertebrate
Ostracoda,Invertebrate
Ostracoda,Invertebrate
Ostracoda,Invertebrate
Ostracoda,Invertebrate
Ostracoda,Invertebrate
Ostracoda,Invertebrate
Ostracoda,Invertebrate
Ostracoda,Invertebrate
Ostracoda,Invertebrate
Ostracoda,Invertebrate
Ostracoda,Invertebrate
Ostracoda,Invertebrate
Ostracoda,Invertebrate
Ostracoda,Invertebrate
Ostracoda,Invertebrate
Ostracoda,Invertebrate
Ostracoda,Invertebrate
Ostracoda,Invertebrate
Ostracoda,Invertebrate
Ostracoda,Invertebrate
Ostracoda,Invertebrate
Ostracoda,Invertebrate
Ostracoda,Invertebrate
Ostracoda,Invertebrate
Ostracoda,Invertebrate
Ostracoda,Invertebrate
Ostracoda,Invertebrate
Ostracoda,Invertebrate
Ostracoda,Invertebrate
Ostracoda,Invertebrate
Ostracoda,Invertebrate
Ostracoda,Invertebrate
Ostracoda,Invertebrate
Ostracoda,Invertebrate
Ostracoda,Invertebrate
Ostracoda,Invertebrate
Ostracoda,Invertebrate
Ostracoda,Invertebrate
Ostracoda,Invertebrate
Ostracoda,Invertebrate
Ostracoda,Invertebrate
Ostracoda,Invertebrate
Ostracoda,Invertebrate
Ostracoda,Invertebrate
Ostracoda,Invertebrate
Ostracoda,Invertebrate
Ostracoda,Invertebrate
Ostracoda,Invertebrate
Ostracoda,Invertebrate
Ostracoda,Invertebrate
Ostracoda,Invertebrate
Ostracoda,Invertebrate
Ostracoda,Invertebrate
Ostracoda,Invertebrate
Ostracoda,Invertebrate
Ostracoda,Invertebrate
Ostracoda,Invertebrate
Ostracoda,Invertebrate
Ostracoda,Invertebrate
Ostracoda,Invertebrate
Ostracoda,Invertebrate
Ostracoda,Invertebrate
Ostracoda,Invertebrate
Ostracoda,Invertebrate
Ostracoda,Invertebrate
Ostracoda,Invertebrate
Ostracoda,Invertebrate
Ostracoda,Invertebrate
Ostracoda,Invertebrate
Ostracoda,Invertebrate
Ostracoda,Invertebrate
Ostracoda,Invertebrate
Ostracoda,Invertebrate
Ostracoda,Invertebrate
Ostracoda,Invertebrate
Ostracoda,Invertebrate
Ostracoda,Invertebrate
Ostracoda,Invertebrate
Ostracoda,Invertebrate
Ostracoda,Invertebrate
Ostracoda,Invertebrate
Ostracoda,Invertebrate
Ostracoda,Invertebrate
Ostracoda,Invertebrate
Ostracoda,Invertebrate
Ostracoda,Invertebrate
Ostracoda,Invertebrate
Ostracoda,Invertebrate
Ostracoda,Invertebrate
Other,Other
Other,Other
Other,Other
Other,Other
Other,Other
Other,Other
Other,Other
Other,Other
Other,Other
Other,Other
Other,Other
Other,Other
Other,Other
Other,Other
Other,Other
Other,Other
Other,Other
Other,Other
Other,Other
Other,Other
Other,Other
Other,Other
Other,Other
Other,Other
Other,Other
Other,Other
Other,Other
Other,Other
Other,Other
Other,Other
Other,Other
Other,Other
Other,Other
Other,Other
Other,Other
Other,Other
Other Invertebrates,Invertebrate
Other Invertebrates,Invertebrate
Other Invertebrates,Invertebrate
Other Invertebrates,Invertebrate
Other Invertebrates,Invertebrate
Other Invertebrates,Invertebrate
Other Invertebrates,Invertebrate
Other Invertebrates,Invertebrate
Other Invertebrates,Invertebrate
Other Invertebrates,Invertebrate
Other Invertebrates,Invertebrate
Other Invertebrates,Invertebrate
Other Invertebrates,Invertebrate
Other Invertebrates,Invertebrate
Other Invertebrates,Invertebrate
Other Invertebrates,Invertebrate
Other Invertebrates,Invertebrate
Other Invertebrates,Invertebrate
Other Invertebrates,Invertebrate
Other Invertebrates,Invertebrate
Outros,Other
Outros,Other
Outros,Other
Outros,Other
Outros,Other
Outros,Other
Outros,Other
Outros,Other
Outros,Other
Outros,Other
Outros,Other
Outros,Other
Outros,Other
Outros,Other
Outros,Other
Outros,Other
Outros,Other
Outros,Other
Outros invertebrados,Invertebrate
Outros invertebrados,Invertebrate
Outros invertebrados,Invertebrate
Ovos,Fish
Ovos,Fish
Ovos,Fish
Ovos,Fish
Ovos,Fish
Ovos,Fish
Palaemonine,Invertebrate
Palaemonine,Invertebrate
Palaemonine,Invertebrate
Palaemonine,Invertebrate
Panulirus sp.,Invertebrate
Panulirus sp.,Invertebrate
Panulirus sp.,Invertebrate
Panulirus sp.,Invertebrate
parasite egg,Other
parasite egg,Other
parasite egg,Other
parasite egg,Other
parasite egg,Other
parasite egg,Other
parasite egg,Other
parasite egg,Other
parasite egg,Other
parasite egg,Other
parasite egg,Other
parasite egg,Other
parasite egg,Other
parasite egg,Other
Parauchenipterus galeatus,Fish
Parauchenipterus galeatus,Fish
Parauchenipterus galeatus,Fish
Parauchenipterus galeatus,Fish
Parauchenipterus galeatus,Fish
Parauchenipterus galeatus,Fish
Parauchenipterus galeatus,Fish
Parthenopidae,Invertebrate
Parthenopidae,Invertebrate
Parthenopidae,Invertebrate
Parthenopidae,Invertebrate
Pasiphaeidae,Invertebrate
Pasiphaeidae,Invertebrate
Pasiphaeidae,Invertebrate
Pasiphaeidae,Invertebrate
Pediastrum,Algae
Pediastrum tetras,Algae
Pediastrum tetras,Algae
Pediastrum tetras,Algae
Peixe-partes,Fish
Peixe-partes,Fish
Peixe-partes,Fish
Peixe-partes,Fish
Peixe-partes,Fish
Peixe-partes,Fish
peixes,Fish
peixes,Fish
peixes,Fish
peixes,Fish
peixes,Fish
peixes,Fish
peixes,Fish
peixes,Fish
peixes,Fish
peixes,Fish
peixes,Fish
peixes,Fish
peixes,Fish
peixes,Fish
peixes,Fish
peixes,Fish
peixes,Fish
peixes,Fish
peixes,Fish
peixes,Fish
peixes,Fish
peixes,Fish
peixes,Fish
peixes,Fish
peixes,Fish
peixes,Fish
peixes,Fish
peixes,Fish
peixes,Fish
peixes,Fish
peixes,Fish
peixes,Fish
peixes,Fish
peixes,Fish
peixes,Fish
peixes,Fish
peixes,Fish
peixes,Fish
peixes,Fish
peixes,Fish
peixes,Fish
peixes,Fish
peixes,Fish
peixes,Fish
peixes,Fish
peixes,Fish
peixes,Fish
peixes,Fish
peixes,Fish
peixes,Fish
peixes,Fish
peixes,Fish
peixes,Fish
peixes,Fish
peixes,Fish
peixes,Fish
peixes,Fish
peixes,Fish
peixes,Fish
peixes,Fish
peixes,Fish
peixes,Fish
peixes,Fish
peixes,Fish
peixes,Fish
peixes,Fish
peixes,Fish
peixes,Fish
peixes,Fish
peixes,Fish
peixes,Fish
peixes,Fish
peixes,Fish
peixes,Fish
peixes,Fish
peixes,Fish
peixes,Fish
peixes,Fish
peixes,Fish
peixes,Fish
peixes,Fish
peixes,Fish
peixes,Fish
peixes,Fish
peixes,Fish
peixes,Fish
peixes,Fish
peixes,Fish
peixes,Fish
peixes,Fish
peixes,Fish
peixes,Fish
peixes,Fish
peixes,Fish
peixes,Fish
peixes,Fish
Peixes,Fish
Peixes,Fish
Peixes,Fish
Peixes,Fish
Peixes,Fish
Peixes,Fish
Peixes,Fish
Peixes,Fish
Peixes,Fish
Peixes,Fish
Peixes,Fish
Penaeidae,Invertebrate
Penaeidae,Invertebrate
Penaeidae,Invertebrate
Penaeidae,Invertebrate
Penaeidae,Invertebrate
Penaeidae,Invertebrate
Penaeidae,Invertebrate
Penaeidae,Invertebrate
Penaeidae,Invertebrate
Penaeidae,Invertebrate
Penaeidae,Invertebrate
Penaeidae,Invertebrate
Penaeidae,Invertebrate
Penaeidae,Invertebrate
Penaeidae,Invertebrate
Penaeidae,Invertebrate
Penaeidae,Invertebrate
Penaeidae,Invertebrate
Penaeidae,Invertebrate
Penaeidae,Invertebrate
Penaeidae,Invertebrate
Penaeidae,Invertebrate
Penaeidae,Invertebrate
Penaeidae,Invertebrate
Penaeidae,Invertebrate
Penaeidae,Invertebrate
Penaeidae,Invertebrate
Penaeidae,Invertebrate
Penaeidae,Invertebrate
Penaeidae,Invertebrate
Penaeidae,Invertebrate
Penaeidae,Invertebrate
Penaeidae,Invertebrate
Penaeidae,Invertebrate
Penaeidae,Invertebrate
Penaeidae,Invertebrate
Penaeidae,Invertebrate
Penaeidae,Invertebrate
Penaeidae,Invertebrate
Penaeidae,Invertebrate
Penaeidae,Invertebrate
Penaeidae,Invertebrate
Penaeidae,Invertebrate
Penaeidae,Invertebrate
Penaeidae,Invertebrate
Penaeidae,Invertebrate
Penaeidae,Invertebrate
Penaeidae,Invertebrate
Penaeidae,Invertebrate
Penaeidae,Invertebrate
Penaeidae,Invertebrate
Penaeidae,Invertebrate
Penaeidae,Invertebrate
Penaeidae,Invertebrate
Penaeidae,Invertebrate
Penaeidae,Invertebrate
Penaeidae,Invertebrate
Penaeidae,Invertebrate
Penaeidae,Invertebrate
Penaeidae,Invertebrate
Penaeidae,Invertebrate
Penaeidae,Invertebrate
Penaeidae,Invertebrate
Penaeidae,Invertebrate
Penaeidae,Invertebrate
Penaeidae,Invertebrate
Penaeidae,Invertebrate
Penaeidae,Invertebrate
Penaeidae,Invertebrate
Penaeidae,Invertebrate
Penaeidae,Invertebrate
Penaeidae,Invertebrate
Penaeidae,Invertebrate
Penaeidae,Invertebrate
Penaeidae,Invertebrate
Penaeidae,Invertebrate
Penaeidae,Invertebrate
Penaeidae,Invertebrate
Penaeidae,Invertebrate
Penaeoidea,Invertebrate
Penaeoidea,Invertebrate
Penaeoidea,Invertebrate
Penaeoidea,Invertebrate
Penaeus brasiliensis,Invertebrate
Penaeus brasiliensis,Invertebrate
Penaeus brasiliensis,Invertebrate
Penaeus brasiliensis,Invertebrate
Penaeus brasiliensis,Invertebrate
Penaeus brasiliensis,Invertebrate
Penaeus brasiliensis,Invertebrate
Penaeus brasiliensis,Invertebrate
Penaeus brasiliensis,Invertebrate
Penaeus brasiliensis,Invertebrate
Penaeus brasiliensis,Invertebrate
Peneidae,Invertebrate
Peneidae,Invertebrate
Peneidae,Invertebrate
Peneidae,Invertebrate
Peneidae,Invertebrate
Peneidae,Invertebrate
Peneidae,Invertebrate
Peneidae,Invertebrate
Peneidae,Invertebrate
Peneidae,Invertebrate
Peneidae,Invertebrate
Peneidae,Invertebrate
Peneidae,Invertebrate
Peneidae,Invertebrate
Peneidae,Invertebrate
Peneidae,Invertebrate
Peneidae,Invertebrate
Peneidae,Invertebrate
Peneidae,Invertebrate
Peneidae,Invertebrate
Peneidae,Invertebrate
Peneidae,Invertebrate
Peneidae,Invertebrate
Peneidae,Invertebrate
Peneidae,Invertebrate
Peneidae,Invertebrate
Peneidae,Invertebrate
Peneidae,Invertebrate
Perciformes,Fish
Perciformes,Fish
Perciformes,Fish
Perciformes,Fish
Perciformes,Fish
Perciformes,Fish
Perciformes,Fish
Perciformes,Fish
Perciformes,Fish
Perciformes,Fish
Perciformes n.i.,Fish
Periclimenes longicaudatus,Invertebrate
Periclimenes longicaudatus,Invertebrate
Periclimenes longicaudatus,Invertebrate
Periclimenes longicaudatus,Invertebrate
Periclimenes sp.,Invertebrate
Periclimenes sp.,Invertebrate
Periclimenes sp.,Invertebrate
Periclimenes sp.,Invertebrate
petal,Plant
petal,Plant
petal,Plant
Phacus,Algae
Phacus sp.,Algae
Phacus sp.,Algae
Phacus sp.,Algae
Phacus sp.,Algae
Phacus sp.,Algae
Phacus sp.,Algae
Phacus sp.,Algae
Phacus sp.,Algae
Phacus sp.,Algae
Phacus sp.,Algae
Phacus sp.,Algae
Phacus sp.,Algae
Philopotamidae larvae,Invertebrate
Phitoplankton,Algae
Phitoplankton,Algae
Phitoplankton,Algae
Phlaeothripidae adult,Invertebrate
Phlaeothripidae adult,Invertebrate
Pimelodus maculatus,Fish
Pimelodus maculatus,Fish
Pimelodus maculatus,Fish
Pimelodus maculatus,Fish
PinnOtheridae,Invertebrate
PinnOtheridae,Invertebrate
PinnOtheridae,Invertebrate
PinnOtheridae,Invertebrate
Pinnularia sp.,Algae
Pinnularia sp.,Algae
Pinnularia sp.,Algae
Pinnularia sp.,Algae
Pinnularia sp.,Algae
Pinnularia sp.,Algae
Pinnularia sp.,Algae
Pinnularia sp.,Algae
Pinnularia sp.,Algae
Pinnularia sp.,Algae
Pinnularia sp.,Algae
Pinnularia sp.,Algae
Pinnularia sp.,Algae
Pinnularia sp.,Algae
Pinnularia sp.,Algae
Plagioscion squamosissimus,Fish
Plagioscion squamosissimus,Fish
Plagioscion squamosissimus,Fish
Plagioscion squamosissimus,Fish
Plagioscion squamosissimus,Fish
Plagioscion squamosissimus,Fish
Plagioscion squamosissimus,Fish
Plagioscion squamosissimus,Fish
Plagioscion squamosissimus,Fish
PLANARIA,Invertebrate
PLANARIA,Invertebrate
Plâncton,Other
Plâncton,Other
Plâncton,Other
Plâncton,Other
Planktothrix,Algae
Planktothrix agardhii,Algae
Planktothrix agardhii,Algae
Planktothrix agardhii,Algae
Planktothrix sp.,Algae
Planktothrix sp.,Algae
Planktothrix sp.,Algae
Plant,Plant
Plant,Plant
Plant,Plant
Plant,Plant
Plant,Plant
Plant,Plant
Plant,Plant
Plant fragment,Plant
Plant fragment,Plant
Plant fragment,Plant
Plant fragment,Plant
Plant fragment,Plant
Plant fragment,Plant
Plant fragment,Plant
Plant fragment,Plant
Plant fragment,Plant
Plant fragment,Plant
Plant fragment,Plant
Plant fragment,Plant
Plant fragment,Plant
Plant fragment,Plant
Plant fragment,Plant
Plant fragment,Plant
Plant fragment,Plant
Plant fragment,Plant
Plant fragments,Plant
Plant fragments,Plant
Plant material,Plant
Plant material,Plant
Plant material,Plant
Plant material,Plant
Plant material,Plant
Plant material,Plant
Plant material,Plant
Plant material,Plant
Plant material,Plant
Plant material,Plant
Plant material,Plant
Plant material,Plant
Plant material,Plant
Plant material,Plant
Plant material,Plant
Plant material,Plant
Plant material,Plant
Plant material,Plant
Plant material,Plant
Plant material,Plant
Plant material,Plant
Plant material,Plant
Plant material,Plant
Plant material,Plant
Plant material,Plant
Plant material,Plant
Plant material,Plant
Plant material,Plant
Plant material,Plant
Plant material,Plant
Plant material,Plant
Plant material,Plant
Plant material,Plant
Plant material,Plant
Plant material,Plant
Plant material,Plant
Plant material,Plant
Plant material,Plant
Plant material,Plant
Plant material,Plant
Plant material,Plant
Plant material,Plant
Plant material,Plant
Plant material,Plant
Plant material,Plant
Plant material,Plant
Plant material,Plant
Plant material,Plant
Plant material,Plant
Plant material,Plant
Plant material,Plant
Plant material,Plant
Plant material,Plant
Plant material,Plant
Plant material,Plant
Plant material,Plant
Plant material,Plant
Plant material,Plant
Plant material,Plant
Plant material,Plant
Plant material,Plant
Plant material,Plant
Plant material,Plant
Plant material,Plant
Plant material,Plant
Plant material,Plant
Plant material,Plant
Plant material,Plant
Plant material,Plant
Plant material,Plant
Plant material,Plant
Plant material,Plant
Plant material,Plant
Plant material,Plant
Plant material,Plant
Plant material,Plant
Plant material,Plant
Plant material,Plant
Plant material,Plant
Plant material,Plant
Plant material,Plant
Plant material,Plant
Plant material,Plant
Plant material,Plant
Plant material,Plant
Plant material,Plant
Plant material,Plant
Plant material,Plant
Plant material,Plant
Plant material,Plant
Plant material,Plant
Plant material,Plant
Plant material,Plant
Plant material,Plant
Plant material,Plant
Plant material,Plant
Plant material,Plant
Plant material,Plant
Plant material,Plant
Plant material,Plant
Plant material,Plant
Plant material,Plant
Plant material,Plant
Plant material,Plant
Plant material,Plant
Plant material,Plant
Plant material,Plant
Plant material,Plant
Plant material,Plant
Plant material,Plant
Plant material,Plant
Plant material,Plant
Plant material,Plant
Plant material,Plant
Plant material,Plant
Plant material,Plant
Plant material,Plant
Plant material,Plant
Plant material,Plant
Plant material,Plant
Plant material,Plant
Plant material,Plant
Plant material,Plant
Plant material,Plant
Plant material,Plant
Plant material,Plant
Plant material,Plant
Plant material,Plant
Plant material,Plant
Plant material,Plant
Plant material,Plant
Plant material,Plant
Plant material,Plant
Plant material,Plant
Plant material,Plant
Plant material,Plant
Plant material,Plant
Plant material,Plant
Plant material,Plant
Plant material,Plant
Plant material,Plant
Plant material,Plant
Plant material,Plant
Plant material,Plant
Plant material,Plant
Plant material,Plant
Plant material,Plant
Plant material,Plant
Plant material,Plant
Plant material,Plant
Plant material,Plant
Plant material,Plant
Plant material,Plant
Plant material,Plant
Plant material,Plant
Plant material,Plant
Plant material,Plant
Plant material,Plant
Plant material,Plant
Plant material,Plant
Plant material,Plant
Plant material,Plant
Plant material,Plant
Plant material,Plant
Plant material,Plant
Plant material,Plant
Plant material,Plant
Plant material,Plant
Plant material,Plant
Plant material,Plant
Plant material,Plant
Plant material,Plant
Plant material,Plant
Plant material,Plant
Plant material,Plant
Plant material,Plant
Plant material,Plant
Plant material,Plant
Plant material,Plant
Plant material,Plant
Plant material,Plant
Plant material,Plant
Plant material,Plant
Plant material,Plant
Plant material,Plant
Plant material,Plant
Plant material,Plant
Plant material,Plant
Plant material,Plant
Plant material,Plant
Plant material,Plant
Plant material,Plant
Plant material,Plant
Plant material,Plant
Plant material,Plant
Plant material,Plant
Plant material,Plant
Plant material,Plant
Plant material,Plant
Plant material,Plant
Plant material,Plant
Plant material,Plant
Plant material,Plant
Plant material,Plant
Plant material,Plant
Plant material,Plant
Plant material,Plant
Plant material,Plant
Plant material,Plant
Plant material,Plant
Plant material,Plant
Plant material,Plant
Plant material,Plant
Plant material,Plant
Plant material,Plant
Plant material,Plant
Plant material,Plant
Plant material,Plant
Plant material,Plant
Plant material,Plant
Plant material,Plant
Plant material,Plant
Plant material,Plant
Plant material,Plant
Plant material,Plant
Plant material,Plant
Plant material,Plant
Plant material,Plant
Plant material,Plant
Plant material,Plant
Plant material,Plant
Plant material,Plant
Plant material,Plant
Plant material,Plant
Plant material,Plant
Plant material,Plant
Plant material,Plant
Plant material,Plant
Plant material,Plant
Plant material,Plant
Plant material,Plant
Plant material,Plant
Plant material,Plant
Plant material,Plant
Plant material,Plant
Plant material,Plant
Plant material,Plant
Plant material,Plant
Plant material,Plant
Plant material,Plant
Plant material,Plant
Plant material,Plant
Plant material,Plant
Plant material,Plant
Plant material,Plant
Plant material,Plant
Plant material,Plant
Plant material,Plant
Plant material,Plant
Plant material,Plant
Plant material,Plant
Plant material,Plant
Plant material,Plant
Plant material,Plant
Plant material,Plant
Plant material,Plant
Plant material,Plant
Plant material,Plant
Plant material,Plant
Plant material,Plant
Plant material,Plant
Plant material,Plant
Plant material,Plant
Plant matter,Plant
Plant matter,Plant
Plant matter,Plant
Plant matter,Plant
Plant matter,Plant
Plant matter,Plant
Plant matter,Plant
Plant matter,Plant
Plant matter,Plant
Plant matter,Plant
Plant matter,Plant
Plant matter,Plant
Plant matter,Plant
Plant matter,Plant
Plant matter,Plant
Plant matter,Plant
Plant matter,Plant
Plant matter,Plant
Plant matter,Plant
Plant matter,Plant
Plant matter,Plant
Plant matter,Plant
Plant matter,Plant
Plant matter,Plant
Plant matter,Plant
Plant remains,Plant
Plant remains,Plant
Plant remains,Plant
Plant remains,Plant
Plant tissue,Plant
Plant tissue,Plant
Plant tissue,Plant
Plant tissue,Plant
Plant tissue,Plant
Plant tissue,Plant
Plant tissue,Plant
Platyias sp.,Invertebrate
Platyias sp.,Invertebrate
Platyias sp.,Invertebrate
Plecoptera,Invertebrate
Plecoptera,Invertebrate
Plecoptera,Invertebrate
Plecoptera,Invertebrate
Plecoptera,Invertebrate
Plecoptera,Invertebrate
Plecoptera larvae,Invertebrate
Plecoptera larvae,Invertebrate
Plecoptera larvae,Invertebrate
Plecoptero,Invertebrate
Plecoptero,Invertebrate
Plecoptero,Invertebrate
Plecoptero,Invertebrate
Plecoptero,Invertebrate
Plecoptero,Invertebrate
Pleurosira sp.,Algae
Pleurosira sp.,Algae
Pleurosira sp.,Algae
Pleurosira sp.,Algae
Pleurosira sp.,Algae
Pleurosira sp.,Algae
Pleurotaenium ovatum,Algae
Poaceae seed,Plant
Poecilidae,Fish
Poeciliidae,Fish
Poeciliidae,Fish
pollen grain,Plant
pollen grain,Plant
pollen grain,Plant
Polycentropodidae,Invertebrate
Polychaeta,Invertebrate
Polychaeta,Invertebrate
Polychaeta,Invertebrate
Polychaeta,Invertebrate
Polychaeta,Invertebrate
Polychaeta,Invertebrate
Polychaeta,Invertebrate
Polychaeta,Invertebrate
Polychaeta,Invertebrate
Polychaeta,Invertebrate
Polychaeta,Invertebrate
Polychaeta,Invertebrate
Polychaeta,Invertebrate
Polychaeta,Invertebrate
Polychaeta,Invertebrate
Polychaeta,Invertebrate
Polychaeta,Invertebrate
Polychaeta,Invertebrate
Polychaeta,Invertebrate
Polychaeta,Invertebrate
Polychaeta,Invertebrate
Polychaeta,Invertebrate
Polychaeta,Invertebrate
Polychaeta,Invertebrate
Polychaeta,Invertebrate
Polychaeta,Invertebrate
Polychaeta,Invertebrate
Polychaeta,Invertebrate
Polychaeta,Invertebrate
Polychaeta,Invertebrate
Polychaeta,Invertebrate
Polychaeta,Invertebrate
Polychaeta,Invertebrate
Polychaeta,Invertebrate
Polychaeta,Invertebrate
Polychaeta,Invertebrate
Polychaeta,Invertebrate
Polychaeta,Invertebrate
Polychaeta,Invertebrate
Polychaeta,Invertebrate
Polychaeta Capitellidae,Invertebrate
Polychaeta Capitellidae,Invertebrate
Polychaeta Capitellidae,Invertebrate
Polychaeta Capitellidae,Invertebrate
Polychaeta Capitellidae,Invertebrate
Polychaeta Capitellidae,Invertebrate
Polychaeta n.i.,Invertebrate
Polychaeta n.i.,Invertebrate
Polychaeta n.i.,Invertebrate
Polychaeta n.i.,Invertebrate
Polymirtacyidae,Invertebrate
Polymitarcyidae,Invertebrate
Polypedilum,Invertebrate
Polypedilum,Invertebrate
Polypedilum,Invertebrate
Polyplacophora,Invertebrate
Polyplacophora,Invertebrate
Polyplacophora,Invertebrate
Polyplacophora,Invertebrate
Polyplacophora,Invertebrate
Polyplacophora,Invertebrate
Polyplacophora,Invertebrate
Polyplacophora,Invertebrate
Polyplacophora,Invertebrate
Polyplacophora,Invertebrate
Polyplacophora,Invertebrate
Polyplacophora,Invertebrate
Polyplacophora,Invertebrate
Polyplacophora,Invertebrate
Polyplacophora,Invertebrate
Polyplacophora,Invertebrate
Polyplacophora,Invertebrate
Polyplacophora,Invertebrate
Polyplacophora,Invertebrate
Polyplacophora,Invertebrate
Polyplacophora,Invertebrate
Polyplacophora,Invertebrate
Polyplacophora,Invertebrate
Polyplacophora,Invertebrate
Polyplacophora,Invertebrate
Portunidae,Invertebrate
Portunidae,Invertebrate
Portunidae,Invertebrate
Portunidae,Invertebrate
Predatory Invertebrate,Invertebrate
Predatory Invertebrate,Invertebrate
Predatory Invertebrate,Invertebrate
Predatory Invertebrate,Invertebrate
Predatory Invertebrate,Invertebrate
Predatory Invertebrate,Invertebrate
Predatory Invertebrate,Invertebrate
Predatory Invertebrate,Invertebrate
Predatory Invertebrate,Invertebrate
Predatory Invertebrate,Invertebrate
Predatory Invertebrate,Invertebrate
Predatory Invertebrate,Invertebrate
Predatory Invertebrate,Invertebrate
Predatory Invertebrate,Invertebrate
Predatory Invertebrate,Invertebrate
Predatory Invertebrate,Invertebrate
Predatory Invertebrate,Invertebrate
Predatory Invertebrate,Invertebrate
Predatory Invertebrate,Invertebrate
Predatory Invertebrate,Invertebrate
Predatory Invertebrate,Invertebrate
Predatory Invertebrate,Invertebrate
Predatory Invertebrate,Invertebrate
Predatory Invertebrate,Invertebrate
Predatory Invertebrate,Invertebrate
Predatory Invertebrate,Invertebrate
Predatory Invertebrate,Invertebrate
Predatory Invertebrate,Invertebrate
Predatory Invertebrate,Invertebrate
Predatory Invertebrate,Invertebrate
Predatory Invertebrate,Invertebrate
Predatory Invertebrate,Invertebrate
Predatory Invertebrate,Invertebrate
Predatory Invertebrate,Invertebrate
Predatory Invertebrate,Invertebrate
Predatory Invertebrate,Invertebrate
Predatory Invertebrate,Invertebrate
Predatory Invertebrate,Invertebrate
Predatory Invertebrate,Invertebrate
Predatory Invertebrate,Invertebrate
Predatory Invertebrate,Invertebrate
Predatory Invertebrate,Invertebrate
Predatory Invertebrate,Invertebrate
Predatory Invertebrate,Invertebrate
Predatory Invertebrate,Invertebrate
Predatory Invertebrate,Invertebrate
Predatory Invertebrate,Invertebrate
Predatory Invertebrate,Invertebrate
Predatory Invertebrate,Invertebrate
Predatory Invertebrate,Invertebrate
Predatory Invertebrate,Invertebrate
Predatory Invertebrate,Invertebrate
Predatory Invertebrate,Invertebrate
Predatory Invertebrate,Invertebrate
Predatory Invertebrate,Invertebrate
Predatory Invertebrate,Invertebrate
Predatory Invertebrate,Invertebrate
Processa hemphilli,Invertebrate
Processa hemphilli,Invertebrate
Processa hemphilli,Invertebrate
Processa hemphilli,Invertebrate
Processidae,Invertebrate
Processidae,Invertebrate
Processidae,Invertebrate
Processidae,Invertebrate
Prochilodus costatus,Fish
Protozoa,Other
Protozoa,Other
Protozoa/Microcrustacea,Other
Protozoa/Microcrustacea,Other
Protozoa/Microcrustacea,Other
Protozoa/Microcrustacea,Other
Protozoa/Microcrustacea,Other
Protozoa/Microcrustacea,Other
Protozoa/Microcrustacea,Other
Protozoa/Microcrustacea,Other
Protozoa/Microcrustacea,Other
Protozoa/Microcrustacea,Other
Protozoa/Microcrustacea,Other
Protozoa/Microcrustacea,Other
Protozoan,Other
Protozoan,Other
Protozoan,Other
Protozoan,Other
Protozoan,Other
Protozoan,Other
Protozoan,Other
Psellogrammus kennedyi,Fish
Psellogramus kennedyi,Fish
Pseudoanabaema,Algae
Pseudostaurosira sp.,Algae
Pseudostaurosira sp.,Algae
Pseudostaurosira sp.,Algae
Pseudostaurosira sp.,Algae
Pseudostaurosira sp.,Algae
Pseudostaurosira sp.,Algae
Psocoptera adult,Invertebrate
Pupa,Invertebrate
Pupa,Invertebrate
Pupa,Invertebrate
Pupa,Invertebrate
Pupa,Invertebrate
Pupa,Invertebrate
Pupa,Invertebrate
Pupa,Invertebrate
Pupa de Díptera,Invertebrate
Pupa de Díptera,Invertebrate
Pupa de Díptera,Invertebrate
Pupa de Díptera,Invertebrate
Pupa de Díptera,Invertebrate
Pupa de Díptera,Invertebrate
Pygocentrus piraya,Fish
Pygocentrus piraya,Fish
Pygocentrus piraya,Fish
Pygocentrus piraya,Fish
Quironomideo,Invertebrate
Quironomideo,Invertebrate
Quironomideo,Invertebrate
Quironomideo,Invertebrate
Quironomideo,Invertebrate
Quironomideo,Invertebrate
raios,Fish
raios,Fish
raios,Fish
Raiz,Plant
Raiz,Plant
Raphidophyceae,Algae
Remains of Cladocera,Invertebrate
Remains of Cladocera,Invertebrate
Remains of Cladocera,Invertebrate
Remains of Cladocera,Invertebrate
Remains of Cladocera,Invertebrate
Remains of Cladocera,Invertebrate
Remains of Copepoda,Invertebrate
Remains of Copepoda,Invertebrate
Remains of Copepoda,Invertebrate
Remains of Copepoda,Invertebrate
Remains of Copepoda,Invertebrate
Remains of Copepoda,Invertebrate
Remains of insects,Invertebrate
Remains of insects,Invertebrate
Remains of insects,Invertebrate
Remains of insects,Invertebrate
Remains of insects,Invertebrate
Remains of insects,Invertebrate
Resto de peixe,Fish
Resto de peixe,Fish
Resto de peixe,Fish
Resto de peixe,Fish
resto vegetal,Plant
resto vegetal,Plant
resto vegetal,Plant
resto vegetal,Plant
resto vegetal,Plant
resto vegetal,Plant
resto vegetal,Plant
resto vegetal,Plant
resto vegetal,Plant
resto vegetal,Plant
resto vegetal,Plant
resto vegetal,Plant
resto vegetal,Plant
resto vegetal,Plant
resto vegetal,Plant
resto vegetal,Plant
resto vegetal,Plant
resto vegetal,Plant
resto vegetal,Plant
resto vegetal,Plant
resto vegetal,Plant
resto vegetal,Plant
resto vegetal,Plant
resto vegetal,Plant
resto vegetal,Plant
resto vegetal,Plant
resto vegetal,Plant
resto vegetal,Plant
resto vegetal,Plant
resto vegetal,Plant
resto vegetal,Plant
resto vegetal,Plant
resto vegetal,Plant
resto vegetal,Plant
resto vegetal,Plant
resto vegetal,Plant
Restos de Insetos,Invertebrate
Restos de Insetos,Invertebrate
Restos de Insetos,Invertebrate
Restos de Insetos,Invertebrate
Restos de Insetos,Invertebrate
Restos de Insetos,Invertebrate
Restos de Moluscos,Invertebrate
Restos de Moluscos,Invertebrate
Restos de Moluscos,Invertebrate
Restos de Moluscos,Invertebrate
Restos de Moluscos,Invertebrate
Restos de Moluscos,Invertebrate
restos de peixes e crustáceos,Fish
restos de peixes e crustáceos,Fish
restos de peixes e crustáceos,Fish
restos de peixes e crustáceos,Fish
restos de peixes e crustáceos,Fish
restos de peixes e crustáceos,Fish
restos de peixes e crustáceos,Fish
restos de peixes e crustáceos,Fish
restos de peixes e crustáceos,Fish
restos de peixes e crustáceos,Fish
restos de peixes e crustáceos,Fish
Restos vegetais,Plant
Restos vegetais,Plant
Restos vegetais,Plant
Restos vegetais,Plant
Restos vegetais,Plant
Restos vegetais,Plant
Rhodophyta,Algae
Rhodophyta,Algae
Rhodophyta,Algae
Rhodophyta,Algae
Rhodophyta,Algae
Rhodophyta,Algae
Rhodophyta,Algae
Rhodophyta,Algae
Rhodophyta,Algae
Rhodophyta,Algae
Rhodophyta,Algae
Rhodophyta,Algae
Rhodophyta,Algae
Rhodophyta,Algae
Rhodophyta,Algae
Rhodophyta,Algae
Rhodophyta,Algae
Rhodophyta,Algae
Rhodophyta,Algae
Rhodophyta,Algae
Rhodophyta,Algae
Rhodophyta,Algae
Rhodophyta,Algae
Rhodophyta,Algae
Rhodophyta,Algae
Rhodophyta,Algae
Rhodophyta,Algae
Rhodophyta,Algae
Rhodophyta,Algae
Rhodophyta,Algae
Rhodophyta,Algae
Rhodophyta,Algae
Rhodophyta,Algae
Rhodophyta,Algae
Rhodophyta,Algae
Rhodophyta,Algae
Rhodophyta,Algae
Rhodophyta,Algae
Rhodophyta,Algae
Rhodophyta,Algae
Rhopalodia gibba,Algae
Rhopalodia gibba,Algae
Rhopalodia gibba,Algae
Rhopalodia gibba,Algae
Rhopalodia gibba,Algae
Rhopalodia gibba,Algae
Rimapenaeus constrictus,Invertebrate
Rimapenaeus constrictus,Invertebrate
Rimapenaeus constrictus,Invertebrate
Rimapenaeus constrictus,Invertebrate
Rissoidae,Invertebrate
Rissoidae,Invertebrate
Rissoidae,Invertebrate
Rissoidae,Invertebrate
rock,Other
Roeboides xenodon,Fish
Roeboides xenodon,Fish
Rotifera,Invertebrate
Rotifera,Invertebrate
Rotifera,Invertebrate
Rotifera,Invertebrate
Rotifera,Invertebrate
Rotifera,Invertebrate
Rotifera,Invertebrate
Rotifera,Invertebrate
Rotifera,Invertebrate
Rotifera,Invertebrate
Rotifera,Invertebrate
Rotifera,Invertebrate
Rotifera,Invertebrate
Rotifera unidentified,Invertebrate
Rotifera unidentified,Invertebrate
Rotifera unidentified,Invertebrate
Rotifera unidentified,Invertebrate
Rotifera unidentified,Invertebrate
Rotifera unidentified,Invertebrate
Sabellidae,Invertebrate
Sabellidae,Invertebrate
Sabellidae,Invertebrate
Sabellidae,Invertebrate
Sand,Other
Sand,Other
Sand,Other
Sand,Other
Sand,Other
Sand,Other
sand,Other
sand,Other
sand,Other
sand,Other
sand,Other
sand,Other
sand,Other
sand,Other
sand,Other
sand,Other
sand,Other
sand,Other
scale,Fish
scale,Fish
scale,Fish
scale,Fish
scale,Fish
scale,Fish
scale,Fish
scale,Fish
scale,Fish
scale,Fish
scale,Fish
scale,Fish
scale,Fish
scale,Fish
scale,Fish
scale,Fish
scale,Fish
scale,Fish
scale,Fish
scale,Fish
scale,Fish
scale,Fish
scale,Fish
scale,Fish
scale,Fish
scale,Fish
scale,Fish
scale,Fish
scale,Fish
scale,Fish
scale,Fish
scale,Fish
scale,Fish
scale,Fish
scale,Fish
scale,Fish
scale,Fish
scale,Fish
Scale,Fish
Scale,Fish
Scale,Fish
Scale,Fish
Scale,Fish
Scale,Fish
Scale,Fish
Scale,Fish
Scale,Fish
Scale,Fish
scale,Fish
scale,Fish
scale,Fish
scale,Fish
scale,Fish
scale,Fish
scale,Fish
scale,Fish
scale,Fish
scale,Fish
scale,Fish
scale,Fish
scale,Fish
scale,Fish
scale,Fish
scale,Fish
scale,Fish
scale,Fish
scale,Fish
scale,Fish
scale,Fish
scale,Fish
scale,Fish
scale,Fish
scale,Fish
scale,Fish
scale,Fish
scale,Fish
scale,Fish
scale,Fish
scale,Fish
scale,Fish
scale,Fish
scale,Fish
scale,Fish
scale,Fish
scale,Fish
scale,Fish
scale,Fish
scale,Fish
scale,Fish
scale,Fish
scale,Fish
scale,Fish
scale,Fish
Scale,Fish
Scale,Fish
Scale,Fish
Scale,Fish
Scale,Fish
Scale,Fish
Scale,Fish
Scale,Fish
Scale,Fish
Scale,Fish
Scale,Fish
Scale,Fish
Scale,Fish
Scale,Fish
Scale,Fish
Scale,Fish
Scale,Fish
Scale,Fish
Scale,Fish
Scale,Fish
Scale,Fish
Scale,Fish
Scale,Fish
Scale,Fish
Scale,Fish
Scale,Fish
Scale,Fish
Scales,Fish
Scales,Fish
Scales,Fish
Scales,Fish
Scales,Fish
Scales,Fish
Scales,Fish
Scales,Fish
Scales,Fish
Scales,Fish
Scales,Fish
Scales,Fish
Scales,Fish
Scales,Fish
scales and fins,Fish
scales and fins,Fish
scales and fins,Fish
scales and fins,Fish
scales and fins,Fish
scales and fins,Fish
scales and fins,Fish
scales and fins,Fish
scales and fins,Fish
Scaphophoda,Invertebrate
Scaphophoda,Invertebrate
Scaphopoda,Invertebrate
Scaphopoda,Invertebrate
Scaphopoda,Invertebrate
Scaphopoda,Invertebrate
Scaphopoda,Invertebrate
Scaphopoda,Invertebrate
Scenedesmus,Algae
Scenedesmus bijugatus,Algae
Scenedesmus bijugatus,Algae
Scenedesmus bijugatus,Algae
Scenedesmus quadricauda,Algae
Scenedesmus quadricauda,Algae
Scenedesmus quadricauda,Algae
Scenedesmus quadricauda,Algae
Scenedesmus quadricauda,Algae
Scenedesmus quadricauda,Algae
Scenedesmus sp1,Algae
Scenedesmus sp1,Algae
Scenedesmus sp1,Algae
Scenedesmus sp1,Algae
Scenedesmus sp1,Algae
Scenedesmus sp1,Algae
Scenedesmus sp2,Algae
Scenedesmus sp2,Algae
Scenedesmus sp2,Algae
Scenedesmus sp2,Algae
Scenedesmus sp2,Algae
Scenedesmus sp2,Algae
Schizodon knerii,Fish
Schizodon knerii,Fish
Schizodon knerii,Fish
Schroederia setigera,Algae
Schroederia setigera,Algae
Schroederia setigera,Algae
Scraper Invertebrate,Invertebrate
Scraper Invertebrate,Invertebrate
Scraper Invertebrate,Invertebrate
Scraper Invertebrate,Invertebrate
Scraper Invertebrate,Invertebrate
Scraper Invertebrate,Invertebrate
Scraper Invertebrate,Invertebrate
Scraper Invertebrate,Invertebrate
Scraper Invertebrate,Invertebrate
Scraper Invertebrate,Invertebrate
Scraper Invertebrate,Invertebrate
Scraper Invertebrate,Invertebrate
Scraper Invertebrate,Invertebrate
Scraper Invertebrate,Invertebrate
Scraper Invertebrate,Invertebrate
Scraper Invertebrate,Invertebrate
Scraper Invertebrate,Invertebrate
Scraper Invertebrate,Invertebrate
Scraper Invertebrate,Invertebrate
Scraper Invertebrate,Invertebrate
Scraper Invertebrate,Invertebrate
Scraper Invertebrate,Invertebrate
Scraper Invertebrate,Invertebrate
Scraper Invertebrate,Invertebrate
Scraper Invertebrate,Invertebrate
Scraper Invertebrate,Invertebrate
Scraper Invertebrate,Invertebrate
Scraper Invertebrate,Invertebrate
Scraper Invertebrate,Invertebrate
Scraper Invertebrate,Invertebrate
Scraper Invertebrate,Invertebrate
Scraper Invertebrate,Invertebrate
Scraper Invertebrate,Invertebrate
Scraper Invertebrate,Invertebrate
Scraper Invertebrate,Invertebrate
Scraper Invertebrate,Invertebrate
Scraper Invertebrate,Invertebrate
Scraper Invertebrate,Invertebrate
Scraper Invertebrate,Invertebrate
Scraper Invertebrate,Invertebrate
Scraper Invertebrate,Invertebrate
Scraper Invertebrate,Invertebrate
Scraper Invertebrate,Invertebrate
Scraper Invertebrate,Invertebrate
Scraper Invertebrate,Invertebrate
Scraper Invertebrate,Invertebrate
Scraper Invertebrate,Invertebrate
Scraper Invertebrate,Invertebrate
Scraper Invertebrate,Invertebrate
Scraper Invertebrate,Invertebrate
Scraper Invertebrate,Invertebrate
Scraper Invertebrate,Invertebrate
Sedentary Polychaeta,Invertebrate
Sedentary Polychaeta,Invertebrate
Sedentary Polychaeta,Invertebrate
Sedentary Polychaeta,Invertebrate
Sedentary polychaeta,Invertebrate
Sedentary polychaeta,Invertebrate
Sedentary polychaeta,Invertebrate
Sedentary polychaeta,Invertebrate
Sedentary polychaeta,Invertebrate
Sedentary polychaeta,Invertebrate
Sedentary polychaeta,Invertebrate
Sedentary polychaeta,Invertebrate
Sedentary polychaeta,Invertebrate
Sedentary polychaeta,Invertebrate
Sedentary polychaeta,Invertebrate
Sedentary polychaeta,Invertebrate
Sedentary polychaeta,Invertebrate
Sedentary polychaeta,Invertebrate
Sedentary polychaeta,Invertebrate
Sedentary polychaeta,Invertebrate
Sedentary polychaeta,Invertebrate
Sedentary polychaeta,Invertebrate
Sedentary polychaeta,Invertebrate
Sedentary polychaeta,Invertebrate
Sedentary polychaeta,Invertebrate
Sedentary polychaeta,Invertebrate
Sedentary polychaeta,Invertebrate
Sedentary polychaeta,Invertebrate
Sedentary polychaeta,Invertebrate
Sedentary polychaeta,Invertebrate
Sedentary polychaeta,Invertebrate
Sedentary polychaeta,Invertebrate
Sedentary polychaeta,Invertebrate
Sedentary polychaeta,Invertebrate
Sedentary polychaeta,Invertebrate
Sedentary polychaeta,Invertebrate
Sedentary polychaeta,Invertebrate
Sediment,Other
Sediment,Other
sediment,Other
sediment,Other
sediment,Other
sediment,Other
sediment,Other
sediment,Other
sediment,Other
sediment,Other
sediment,Other
sediment,Other
sediment,Other
sediment,Other
sediment,Other
sediment,Other
sediment,Other
sediment,Other
sediment,Other
sediment,Other
sediment,Other
sediment,Other
sediment,Other
sediment,Other
sediment,Other
sediment,Other
sediment,Other
sediment,Other
sediment,Other
sediment,Other
sediment,Other
sediment,Other
sediment,Other
sediment,Other
sediment,Other
sediment,Other
sediment,Other
sediment,Other
sediment,Other
sediment,Other
sediment,Other
sediment,Other
sediment,Other
sediment,Other
sediment,Other
sediment,Other
sediment,Other
sediment,Other
sediment,Other
sediment,Other
sediment,Other
sediment,Other
sediment,Other
sediment,Other
sediment,Other
sediment,Other
sediment,Other
sediment,Other
sediment,Other
sediment,Other
sediment,Other
sediment,Other
sediment,Other
sediment,Other
sediment,Other
sediment,Other
sediment,Other
sediment,Other
sediment,Other
sediment,Other
sediment,Other
sediment,Other
sediment,Other
sediment,Other
sediment,Other
sediment,Other
sediment,Other
sediment,Other
sediment,Other
sediment,Other
sediment,Other
sediment,Other
sediment,Other
sediment,Other
sediment,Other
sediment,Other
sediment,Other
sediment,Other
sediment,Other
sediment,Other
sediment,Other
sediment,Other
sediment,Other
sediment,Other
sediment,Other
sediment,Other
sediment,Other
sediment,Other
sediment,Other
sediment,Other
sediment,Other
sediment,Other
sediment,Other
sediment,Other
sediment,Other
sediment,Other
sediment,Other
sediment,Other
sediment,Other
sediment,Other
sediment,Other
sediment,Other
sediment,Other
sediment,Other
sediment,Other
sediment,Other
sediment,Other
sediment,Other
sediment,Other
sediment,Other
sediment,Other
sediment,Other
sediment,Other
sediment,Other
sediment,Other
sediment,Other
sediment,Other
sediment,Other
sediment,Other
sediment,Other
sediment,Other
sediment,Other
sediment,Other
sediment,Other
sediment,Other
sediment,Other
sediment,Other
sediment,Other
sediment,Other
sediment,Other
sediment,Other
sediment,Other
sediment,Other
sediment,Other
sediment,Other
Sediment,Other
Sediment,Other
Sediment,Other
Sediment,Other
Sediment,Other
Sediment,Other
Sediment,Other
Sediment,Other
Sediment,Other
Sediment,Other
Sediment,Other
Sediment,Other
Sediment,Other
Sediment,Other
Sediment,Other
Sediment,Other
Sediment,Other
Sediment,Other
Sediment,Other
Sediment,Other
Sediment,Other
Sediment,Other
Sediment,Other
Sediment,Other
Sediment,Other
Sediment,Other
Sediment,Other
Sediment,Other
Sediment,Other
Sediment,Other
Sediment,Other
Sediment,Other
Sediment,Other
Sediment,Other
Sediment,Other
Sediment,Other
sediment,Other
Sediment,Other
Sediment,Other
Sediment,Other
Sediment,Other
Sediment,Other
Sediment,Other
Sediment,Other
sediment,Other
sediment,Other
sediment,Other
sediment,Other
sediment,Other
sediment,Other
sediment,Other
sediment,Other
sediment,Other
sediment,Other
Sediment,Other
Sediment,Other
Sediment,Other
Sediment,Other
Sediment,Other
Sediment,Other
Sediment,Other
Sediment,Other
Sediment,Other
Sediment,Other
Sediment,Other
Sediment,Other
Sediment,Other
Sediment,Other
Sediment,Other
Sediment,Other
Sediment,Other
Sediment,Other
Sediment,Other
Sediment,Other
Sediment,Other
Sediment,Other
Sediment,Other
Sediment,Other
Sediment,Other
Sediment,Other
Sediment,Other
Sediment,Other
Sediment,Other
Sediment,Other
Sediment,Other
Sediment,Other
Sediment,Other
Sediment,Other
Sediment,Other
Sediment,Other
Sediment,Other
Sediment,Other
Sediment,Other
Sediment,Other
Sediment,Other
Sediment,Other
Sediment,Other
Sediment,Other
Sediment,Other
Sediment,Other
Sediment/Detritus,Detritus
Sediment/Detritus,Detritus
Sedimento,Other
Sedimento,Other
Sedimento,Other
Sedimento,Other
Sedimento,Other
Sedimento,Other
Sedimento,Other
Sedimento,Other
Sedimento,Other
Sedimento,Other
Sedimento,Other
Sedimento,Other
Sedimento,Other
Sedimento,Other
Sedimento,Other
Sedimento,Other
Sedimento,Other
Sedimento,Other
Sedment,Other
Sedment,Other
Sedment,Other
Sedment,Other
Sedment,Other
Sedments,Other
Sedments,Other
Sedments,Other
Sedments,Other
Sedments,Other
Sedments,Other
Sedments,Other
Sedments,Other
Sedments,Other
seed,Plant
seed,Plant
seed,Plant
seed,Plant
seed,Plant
seed,Plant
seed,Plant
seed,Plant
seed,Plant
seed,Plant
seed,Plant
seed,Plant
seed,Plant
seed,Plant
seed,Plant
seed,Plant
seed,Plant
seed,Plant
seed,Plant
seed,Plant
seed,Plant
seed,Plant
seed,Plant
seed,Plant
seed,Plant
seed,Plant
seed,Plant
seed,Plant
seed,Plant
seed,Plant
seed,Plant
seed,Plant
seed,Plant
seed,Plant
seed,Plant
seed,Plant
seed,Plant
seed,Plant
seed,Plant
seed,Plant
seed,Plant
seed,Plant
seed,Plant
seed,Plant
seed,Plant
seed,Plant
seed,Plant
seed,Plant
seed,Plant
seed,Plant
seed,Plant
seed,Plant
seed,Plant
seed,Plant
seed,Plant
seed,Plant
seed,Plant
seed,Plant
seed,Plant
seed,Plant
seed,Plant
seed,Plant
seed,Plant
seed,Plant
seed,Plant
seed,Plant
seed,Plant
seed,Plant
seed,Plant
seed,Plant
seed,Plant
seed,Plant
seed,Plant
seed,Plant
seed,Plant
seed,Plant
seed,Plant
seed,Plant
seed,Plant
seed,Plant
seed,Plant
seed,Plant
seed,Plant
seed,Plant
seed,Plant
seed,Plant
seed,Plant
seed,Plant
seed,Plant
seed,Plant
seed,Plant
Seed,Plant
Seed,Plant
seed,Plant
seed,Plant
seed,Plant
seed,Plant
seed,Plant
seed,Plant
seed,Plant
seed,Plant
seed and fruit,Plant
seed and fruit,Plant
seed fragment,Plant
seed fragment,Plant
seed fragment,Plant
Seeds,Plant
Seeds,Plant
Seeds,Plant
Seeds,Plant
Seeds,Plant
Seeds,Plant
Seeds,Plant
Seeds,Plant
Seeds,Plant
Seeds,Plant
Seeds,Plant
Seeds,Plant
Seeds,Plant
Seeds,Plant
Seeds,Plant
Seeds,Plant
Seeds,Plant
Seeds,Plant
Seeds,Plant
Segmanets,Other
Segments,Other
Segments,Other
Segments,Other
Segments,Other
Segments,Other
Segments,Other
Segments,Other
Segments,Other
Segments,Other
Segments,Other
Segments,Other
Segments,Other
Segments,Other
Segments,Other
Segments,Other
Segments,Other
Segments,Other
Segments,Other
Segments,Other
Segments,Other
Segments,Other
Segments,Other
Segments,Other
Segments,Other
Segments,Other
Segments,Other
Segments,Other
Segments,Other
Segments,Other
Segments,Other
Segments,Other
Segments,Other
Segments,Other
Segments,Other
Segments,Other
Segments,Other
Segments,Other
Segments,Other
Segments,Other
Selenastrum sp.,Algae
Selenastrum sp.,Algae
Selenastrum sp.,Algae
Semente,Plant
Semente,Plant
Semente,Plant
Semente,Plant
Semente,Plant
Sementes,Plant
Sementes,Plant
Sementes,Plant
Sementes,Plant
Sementes,Plant
Sementes,Plant
Sergestes sp.,Invertebrate
Sergestes sp.,Invertebrate
Sergestes sp.,Invertebrate
Sergestes sp.,Invertebrate
Sergestidae,Invertebrate
Sergestidae,Invertebrate
Sergestidae,Invertebrate
Sergestidae,Invertebrate
Serrasalminae,Fish
Serrasalmus brandtii,Fish
Serrasalmus brandtii,Fish
Serrasalmus brandtii,Fish
Serrasalmus brandtii,Fish
Serrasalmus brandtii,Fish
Serrasalmus brandtii,Fish
Serrasalmus brandtii,Fish
Serrasalmus brandtii,Fish
Serrasalmus brandtii,Fish
Serrasalmus brandtii,Fish
Serrassalminae,Fish
shell,Invertebrate
shell,Invertebrate
shell,Invertebrate
shirmp,Invertebrate
shirmp,Invertebrate
shirmp,Invertebrate
shirmp,Invertebrate
shirmp,Invertebrate
shirmp,Invertebrate
shirmp,Invertebrate
shirmp,Invertebrate
shirmp,Invertebrate
shirmp,Invertebrate
shirmp,Invertebrate
shirmp,Invertebrate
shirmp,Invertebrate
shirmp,Invertebrate
shirmp,Invertebrate
shirmp,Invertebrate
Shredder Invertebrate,Invertebrate
Shredder Invertebrate,Invertebrate
Shredder Invertebrate,Invertebrate
Shredder Invertebrate,Invertebrate
Shredder Invertebrate,Invertebrate
Shredder Invertebrate,Invertebrate
Shredder Invertebrate,Invertebrate
Shredder Invertebrate,Invertebrate
Shredder Invertebrate,Invertebrate
Shredder Invertebrate,Invertebrate
Shredder Invertebrate,Invertebrate
Shredder Invertebrate,Invertebrate
Shredder Invertebrate,Invertebrate
Shredder Invertebrate,Invertebrate
Shredder Invertebrate,Invertebrate
Shredder Invertebrate,Invertebrate
Shredder Invertebrate,Invertebrate
Shredder Invertebrate,Invertebrate
Shredder Invertebrate,Invertebrate
Shredder Invertebrate,Invertebrate
Shredder Invertebrate,Invertebrate
Shredder Invertebrate,Invertebrate
Shredder Invertebrate,Invertebrate
Shredder Invertebrate,Invertebrate
Shredder Invertebrate,Invertebrate
Shredder Invertebrate,Invertebrate
Shredder Invertebrate,Invertebrate
Shredder Invertebrate,Invertebrate
Shredder Invertebrate,Invertebrate
Shredder Invertebrate,Invertebrate
Shredder Invertebrate,Invertebrate
Shredder Invertebrate,Invertebrate
Shredder Invertebrate,Invertebrate
Shredder Invertebrate,Invertebrate
Shredder Invertebrate,Invertebrate
Shredder Invertebrate,Invertebrate
Shredder Invertebrate,Invertebrate
Shredder Invertebrate,Invertebrate
Shredder Invertebrate,Invertebrate
Shredder Invertebrate,Invertebrate
Shredder Invertebrate,Invertebrate
Shredder Invertebrate,Invertebrate
Shredder Invertebrate,Invertebrate
Shredder Invertebrate,Invertebrate
Shredder Invertebrate,Invertebrate
Shredder Invertebrate,Invertebrate
Shredder Invertebrate,Invertebrate
Shredder Invertebrate,Invertebrate
Shredder Invertebrate,Invertebrate
Shredder Invertebrate,Invertebrate
Shredder Invertebrate,Invertebrate
Shredder Invertebrate,Invertebrate
Shredder Invertebrate,Invertebrate
Shredder Invertebrate,Invertebrate
Shredder Invertebrate,Invertebrate
shrimp,Invertebrate
Shrimp,Invertebrate
Shrimp,Invertebrate
Shrimp,Invertebrate
Shrimp,Invertebrate
Shrimp,Invertebrate
Shrimp,Invertebrate
Shrimp,Invertebrate
Shrimp,Invertebrate
Shrimp,Invertebrate
Shrimp,Invertebrate
Shrimp,Invertebrate
Shrimp,Invertebrate
Shrimp,Invertebrate
Shrimp,Invertebrate
Shrimp,Invertebrate
Shrimp,Invertebrate
shrimp,Invertebrate
shrimp,Invertebrate
shrimp,Invertebrate
shrimp,Invertebrate
shrimp,Invertebrate
Shrimp,Invertebrate
Shrimp,Invertebrate
shrimp,Invertebrate
shrimp,Invertebrate
shrimp,Invertebrate
shrimp,Invertebrate
shrimp,Invertebrate
shrimp,Invertebrate
shrimp,Invertebrate
shrimp,Invertebrate
shrimp,Invertebrate
shrimp,Invertebrate
shrimp,Invertebrate
shrimp,Invertebrate
shrimp,Invertebrate
shrimp,Invertebrate
shrimp,Invertebrate
shrimp,Invertebrate
shrimp,Invertebrate
shrimp,Invertebrate
shrimp,Invertebrate
shrimp,Invertebrate
shrimp,Invertebrate
shrimp,Invertebrate
shrimp,Invertebrate
shrimp,Invertebrate
shrimp,Invertebrate
shrimp,Invertebrate
shrimp,Invertebrate
shrimp,Invertebrate
shrimp,Invertebrate
shrimp,Invertebrate
shrimp,Invertebrate
shrimp,Invertebrate
shrimp,Invertebrate
shrimp,Invertebrate
shrimp,Invertebrate
shrimp,Invertebrate
Shrimp,Invertebrate
Shrimp,Invertebrate
Shrimp,Invertebrate
Shrimp,Invertebrate
Shrimp,Invertebrate
Shrimp,Invertebrate
shrimp,Invertebrate
shrimp,Invertebrate
shrimp,Invertebrate
Shrimp,Invertebrate
Shrimp,Invertebrate
Shrimp,Invertebrate
Shrimp,Invertebrate
Shrimp,Invertebrate
Shrimp,Invertebrate
Shrimp,Invertebrate
Shrimp,Invertebrate
Shrimp,Invertebrate
Shrimp,Invertebrate
Shrimp,Invertebrate
Shrimp,Invertebrate
Shrimp,Invertebrate
Siluriformes,Fish
Siluriformes,Fish
Simulideo,Invertebrate
Simulideo,Invertebrate
Simulideo,Invertebrate
Simulideo,Invertebrate
Simulideo,Invertebrate
Simulideo,Invertebrate
Simuliidae,Invertebrate
Simuliidae,Invertebrate
Simuliidae larvae,Invertebrate
Simuliidae larvae,Invertebrate
Simuliidae larvae,Invertebrate
Simuliidae larvae,Invertebrate
Simuliidae larvae,Invertebrate
Simuliidae larvae,Invertebrate
Simuliidae larvae,Invertebrate
Simuliidae larvae,Invertebrate
Simuliidae larvae,Invertebrate
Simuliidae larvae,Invertebrate
Simuliidae larvae,Invertebrate
Simuliidae larvae,Invertebrate
Simuliidae larvae,Invertebrate
Simuliidae larvae,Invertebrate
Simuliidae larvae,Invertebrate
Simuliidae pupae,Invertebrate
Simuliidae pupae,Invertebrate
Simuliidae pupae,Invertebrate
Sipuncula,Invertebrate
Sipuncula,Invertebrate
Sipuncula,Invertebrate
Sipuncula,Invertebrate
Sipuncula,Invertebrate
Sipuncula,Invertebrate
Sipuncula,Invertebrate
Sipuncula,Invertebrate
Sipuncula,Invertebrate
Sipuncula,Invertebrate
Sipuncula,Invertebrate
Sipuncula,Invertebrate
Sipuncula,Invertebrate
Sipuncula,Invertebrate
Spirogyra sp.,Algae
Spirogyra sp.,Algae
Spirogyra sp.,Algae
Spirogyra sp.,Algae
Spirogyra sp.,Algae
Spirogyra sp.,Algae
Spirogyra sp.,Algae
Spirogyra sp.,Algae
Spirogyra sp.,Algae
Spirogyra sp.,Algae
Spirogyra sp.,Algae
Spirogyra sp.,Algae
Sponge,Invertebrate
Spyrogira sp.,Algae
Spyrogira sp.,Algae
Spyrogira sp.,Algae
Squilla sp.,Invertebrate
Squilla sp.,Invertebrate
Squilla sp.,Invertebrate
Squilla sp.,Invertebrate
Staurastrum sp.,Algae
Staurastrum sp.,Algae
Staurastrum sp.,Algae
Steindachnerina notonota,Fish
Steindachnerina notonota,Fish
Steindachnerina notonota,Fish
Stratiomidae (Larva),Invertebrate
Stratiomidae (Larva),Invertebrate
Strombomonas sp.,Algae
Strombomonas sp.,Algae
Strombomonas sp.,Algae
Surirella sp.,Algae
Surirella sp.,Algae
Surirella sp.,Algae
Surirella sp.,Algae
Surirella sp.,Algae
Surirella sp.,Algae
Surirella sp.,Algae
Surirella sp.,Algae
Surirella sp.,Algae
Surirella sp.,Algae
Surirella sp.,Algae
Surirella sp.,Algae
Symphurus sp.,Fish
Symphurus sp.,Fish
Symphurus sp.,Fish
Symphurus sp.,Fish
Synbranchus marmoratus,Fish
Synbranchus marmoratus,Fish
Synbranchus marmoratus,Fish
Synbranchus marmoratus,Fish
Synbranchus marmoratus,Fish
Synbranchus marmoratus,Fish
Synbranchus marmoratus,Fish
Synbranchus marmoratus,Fish
Synbranchus marmoratus,Fish
Synbranchus marmoratus,Fish
Synbranchus marmoratus,Fish
Synbranchus marmoratus,Fish
Synbranchus marmoratus,Fish
Synedra,Algae
Synedra sp.,Algae
Synedra sp.,Algae
Synedra sp.,Algae
Synedra sp.,Algae
Synedra sp.,Algae
Synedra sp.,Algae
Synedra sp1,Algae
Synedra sp1,Algae
Synedra sp1,Algae
Synedra sp1,Algae
Synedra sp1,Algae
Synedra sp1,Algae
Synedra sp2.,Algae
Synedra sp2.,Algae
Synedra sp2.,Algae
Synedra sp2.,Algae
Synedra sp2.,Algae
Synedra sp2.,Algae
Tabanidae (L),Invertebrate
Tabanidae (L),Invertebrate
Tabanidae larvae,Invertebrate
Tabanidae larvae,Invertebrate
Tabanidae larvae,Invertebrate
Tanaidacea,Invertebrate
Tanaidacea,Invertebrate
Tanaidacea,Invertebrate
Tanaidacea,Invertebrate
Tanaidacea,Invertebrate
Tanaidacea,Invertebrate
Tanaidacea,Invertebrate
Tanaidacea,Invertebrate
Tanaidacea,Invertebrate
Tanaidacea,Invertebrate
Tanaidacea,Invertebrate
Tanaidacea,Invertebrate
Tanaidacea,Invertebrate
Tanaidacea,Invertebrate
Tanaidacea,Invertebrate
Tanaidacea,Invertebrate
Tanaidacea,Invertebrate
Tanaidacea,Invertebrate
Tanaidacea,Invertebrate
Tanaidacea,Invertebrate
Tanaidacea,Invertebrate
Tanaidacea,Invertebrate
Tanaidacea,Invertebrate
Tanaidacea,Invertebrate
Tanaidacea,Invertebrate
Tanaidacea,Invertebrate
Tanaidacea,Invertebrate
Tanaidacea,Invertebrate
Tanaidacea,Invertebrate
Tanaidacea,Invertebrate
Tanaidacea,Invertebrate
Tanaidacea,Invertebrate
Tanaidacea,Invertebrate
Tanaidacea,Invertebrate
Tanaidacea,Invertebrate
Tanaidacea,Invertebrate
Tanaidacea,Invertebrate
Tanaidacea,Invertebrate
Tanaidacea,Invertebrate
Tanaidacea,Invertebrate
Tanaidaceae,Invertebrate
Tanaidaceae,Invertebrate
Tanaidaceae,Invertebrate
Tanaidaceae,Invertebrate
Tanaidaceae,Invertebrate
Tanaidaceae,Invertebrate
Tanaidaceae,Invertebrate
Tanaidaceae,Invertebrate
Tanaidaceae,Invertebrate
Tanaidaceae,Invertebrate
Tanaidaceae,Invertebrate
Tanaidaceae,Invertebrate
Tanaidaceae,Invertebrate
Tanaidaceae,Invertebrate
Tanaidaceae,Invertebrate
Tanaidaceae,Invertebrate
Tanaidaceae,Invertebrate
Tanaidaceae,Invertebrate
Tanaidaceae,Invertebrate
Tanaidaceae,Invertebrate
Tanaidaceae,Invertebrate
Tanytarsus,Invertebrate
Tecido vegetal,Plant
Tecido vegetal,Plant
Tecido vegetal,Plant
Tecido vegetal,Plant
Tecido vegetal,Plant
teleostei,Fish
teleostei,Fish
teleostei,Fish
teleostei,Fish
teleostei,Fish
teleostei,Fish
teleostei,Fish
teleostei,Fish
teleostei,Fish
teleostei,Fish
teleostei,Fish
teleostei,Fish
teleostei,Fish
teleostei,Fish
Teleostei n.i.,Fish
Teleostei n.i.,Fish
Teleostei n.i.,Fish
Teleostei n.i.,Fish
Tellina sp.,Invertebrate
Tellina sp.,Invertebrate
Tellina sp.,Invertebrate
Tellina sp.,Invertebrate
Tellinidae,Invertebrate
Tellinidae,Invertebrate
Tellinidae,Invertebrate
Tellinidae,Invertebrate
Termitidae,Invertebrate
Termitidae,Invertebrate
Termitidae,Invertebrate
terrestrial (Oribatida) and aquatic mites (Hydracarina),Invertebrate
Terrestrial arthropods,Invertebrate
Terrestrial arthropods,Invertebrate
Terrestrial arthropods,Invertebrate
Terrestrial arthropods,Invertebrate
Terrestrial arthropods,Invertebrate
Terrestrial arthropods,Invertebrate
Terrestrial arthropods,Invertebrate
Terrestrial arthropods,Invertebrate
Terrestrial arthropods,Invertebrate
Terrestrial Arthropods,Invertebrate
Terrestrial Arthropods,Invertebrate
Terrestrial Arthropods,Invertebrate
Terrestrial Arthropods,Invertebrate
Terrestrial Arthropods,Invertebrate
Terrestrial Arthropods,Invertebrate
Terrestrial Arthropods,Invertebrate
Terrestrial Arthropods,Invertebrate
Terrestrial Arthropods,Invertebrate
Terrestrial Coleoptera,Invertebrate
Terrestrial Coleoptera,Invertebrate
Terrestrial Coleoptera,Invertebrate
Terrestrial Coleoptera,Invertebrate
Terrestrial Coleoptera,Invertebrate
terrestrial insect,Invertebrate
terrestrial insect,Invertebrate
terrestrial insect,Invertebrate
terrestrial insect,Invertebrate
terrestrial insect,Invertebrate
terrestrial insect,Invertebrate
terrestrial insect,Invertebrate
terrestrial insect,Invertebrate
terrestrial insect,Invertebrate
terrestrial insect,Invertebrate
terrestrial insect,Invertebrate
terrestrial insect,Invertebrate
terrestrial insect,Invertebrate
terrestrial insect,Invertebrate
terrestrial insect,Invertebrate
terrestrial insect,Invertebrate
terrestrial insect,Invertebrate
terrestrial insect,Invertebrate
terrestrial insect,Invertebrate
terrestrial insect,Invertebrate
terrestrial insect,Invertebrate
terrestrial insect,Invertebrate
terrestrial insect,Invertebrate
terrestrial insect,Invertebrate
terrestrial insect,Invertebrate
terrestrial insect,Invertebrate
terrestrial Invertebrate,Invertebrate
terrestrial Invertebrate,Invertebrate
terrestrial Invertebrate,Invertebrate
terrestrial Invertebrate,Invertebrate
terrestrial Invertebrate,Invertebrate
terrestrial Invertebrate,Invertebrate
terrestrial Invertebrate,Invertebrate
terrestrial Invertebrate,Invertebrate
terrestrial Invertebrate,Invertebrate
terrestrial Invertebrate,Invertebrate
terrestrial Invertebrate,Invertebrate
terrestrial Invertebrate,Invertebrate
terrestrial Invertebrate,Invertebrate
Terrestrial Invertebrate,Invertebrate
Terrestrial Invertebrate,Invertebrate
Terrestrial Invertebrate,Invertebrate
Terrestrial Invertebrate,Invertebrate
Terrestrial Invertebrate,Invertebrate
Terrestrial Invertebrate,Invertebrate
Terrestrial Invertebrate,Invertebrate
Terrestrial Invertebrate,Invertebrate
Terrestrial Invertebrate,Invertebrate
Terrestrial Invertebrate,Invertebrate
Terrestrial Invertebrate,Invertebrate
Terrestrial Invertebrate,Invertebrate
Terrestrial Invertebrate,Invertebrate
Terrestrial Invertebrate,Invertebrate
Terrestrial Invertebrate,Invertebrate
Terrestrial Invertebrate,Invertebrate
Terrestrial Invertebrate,Invertebrate
Terrestrial Invertebrate,Invertebrate
Terrestrial Invertebrate,Invertebrate
Terrestrial Invertebrate,Invertebrate
Terrestrial Invertebrate,Invertebrate
Terrestrial Invertebrate,Invertebrate
terrestrial vegetal material,Plant
terrestrial vegetal material,Plant
terrestrial vegetal material,Plant
terrestrial vegetal material,Plant
terrestrial vegetal material,Plant
terrestrial vegetal material,Plant
terrestrial vegetal material,Plant
terrestrial vegetal material,Plant
terrestrial vegetal material,Plant
terrestrial vegetal material,Plant
terrestrial vegetal material,Plant
terrestrial vegetal material,Plant
terrestrial vegetal material,Plant
terrestrial vegetal material,Plant
terrestrial vegetal material,Plant
terrestrial vegetal material,Plant
terrestrial vegetal material,Plant
terrestrial vegetal material,Plant
terrestrial vegetal material,Plant
terrestrial vegetal material,Plant
terrestrial vegetal material,Plant
terrestrial vegetal material,Plant
terrestrial vegetal material,Plant
terrestrial vegetal material,Plant
terrestrial vegetal material,Plant
terrestrial vegetal material,Plant
terrestrial vegetal material,Plant
Testate amoeba,Invertebrate
Testate amoeba,Invertebrate
Testate amoeba,Invertebrate
Testate amoeba,Invertebrate
Testate amoeba,Invertebrate
Testate amoeba,Invertebrate
Tetraedron,Algae
Tetragonopterinae,Fish
Tetragonopterinae,Fish
Tetragonopterinae,Fish
Tetragonopterus chalceus,Fish
Tetragonopterus chalceus,Fish
Tetragonopterus chalceus,Fish
Tetragonopterus chalceus,Fish
Tetragonopterus chalceus,Fish
Tetragonopterus chalceus,Fish
Tetragonopterus chalceus,Fish
Tetragonopterus chalceus,Fish
Tetragonopterus chalceus,Fish
Tetragonopterus chalceus,Fish
Tetragonopterus chalceus,Fish
Tetragonopterus chalceus,Fish
Tetragonopterus chalceus,Fish
Tetragonopterus chalceus,Fish
Tetragonopterus chalceus,Fish
Tetragonopterus chalceus,Fish
Tetrastrum,Algae
Thalassinidae,Invertebrate
Thalassinidae,Invertebrate
Thalassinidae,Invertebrate
Thalassinidae,Invertebrate
Tintinidae,Invertebrate
Tintinidae,Invertebrate
Tintinidae,Invertebrate
Tintinnid,Other
Tintinnid,Other
Trachelomonas sp.,Algae
Trachelomonas sp.,Algae
Trachelomonas sp.,Algae
Trachelomonas sp.,Algae
Trachelomonas sp.,Algae
Trachelomonas sp.,Algae
Trachelomonas sp.,Algae
Trachelomonas sp.,Algae
Trachelomonas sp.,Algae
Trachelomonas sp.,Algae
Trachelomonas sp.,Algae
Trachelomonas sp.,Algae
Trematoda,Invertebrate
Trematoda,Invertebrate
Trematoda,Invertebrate
Trematoda,Invertebrate
Trematoda,Invertebrate
Trematoda,Invertebrate
Trematoda,Invertebrate
Trematoda,Invertebrate
Trematoda,Invertebrate
Trematoda,Invertebrate
Trematoda,Invertebrate
Trematoda,Invertebrate
Trematoda,Invertebrate
Trematoda,Invertebrate
Trematoda,Invertebrate
Trematoda,Invertebrate
Trematoda,Invertebrate
Trematoda,Invertebrate
Trematoda,Invertebrate
Trematoda,Invertebrate
Trichiurus lepturus,Fish
Trichiurus lepturus,Fish
Trichiurus lepturus,Fish
Trichiurus lepturus,Fish
Trichoptera,Invertebrate
Trichoptera,Invertebrate
Trichoptera,Invertebrate
Trichoptera,Invertebrate
Trichoptera,Invertebrate
Trichoptera,Invertebrate
Trichoptera,Invertebrate
Trichoptera,Invertebrate
Trichoptera,Invertebrate
Trichoptera,Invertebrate
Trichoptera,Invertebrate
Trichoptera,Invertebrate
Trichoptera,Invertebrate
Trichoptera,Invertebrate
Trichoptera,Invertebrate
Trichoptera,Invertebrate
Trichoptera,Invertebrate
Trichoptera,Invertebrate
Trichoptera,Invertebrate
Trichoptera,Invertebrate
Trichoptera,Invertebrate
Trichoptera,Invertebrate
Trichoptera,Invertebrate
Trichoptera,Invertebrate
Trichoptera,Invertebrate
Trichoptera,Invertebrate
Trichoptera,Invertebrate
Trichoptera,Invertebrate
Trichoptera,Invertebrate
Trichoptera,Invertebrate
Trichoptera,Invertebrate
Trichoptera,Invertebrate
Trichoptera,Invertebrate
Trichoptera,Invertebrate
Trichoptera,Invertebrate
Trichoptera,Invertebrate
Trichoptera,Invertebrate
Trichoptera,Invertebrate
Trichoptera,Invertebrate
Trichoptera,Invertebrate
Trichoptera,Invertebrate
Trichoptera,Invertebrate
Trichoptera,Invertebrate
Trichoptera,Invertebrate
Trichoptera,Invertebrate
Trichoptera,Invertebrate
Trichoptera,Invertebrate
Trichoptera,Invertebrate
Trichoptera,Invertebrate
Trichoptera,Invertebrate
Trichoptera,Invertebrate
Trichoptera adult,Invertebrate
Trichoptera adult,Invertebrate
Trichoptera adult,Invertebrate
Trichoptera larvae,Invertebrate
Trichoptera larvae,Invertebrate
Trichoptera larvae,Invertebrate
Trichoptera larvae,Invertebrate
Trichoptera larvae,Invertebrate
Trichoptera larvae,Invertebrate
Trichoptera larvae,Invertebrate
Trichoptera larvae,Invertebrate
Trichoptera larvae,Invertebrate
Trichoptera pupa,Invertebrate
Trichuris trichiura,Invertebrate
Trichuris trichiura,Invertebrate
Trichuris trichiura,Invertebrate
Trichuris trichiura,Invertebrate
Trichuris trichiura,Invertebrate
Trichuris trichiura,Invertebrate
Trichuris trichiura,Invertebrate
Trichuris trichiura,Invertebrate
Trichuris trichiura,Invertebrate
Trichuris trichiura,Invertebrate
Trichuris trichiura,Invertebrate
Trichuris trichiura,Invertebrate
Trichuris trichiura,Invertebrate
Trichuris trichiura,Invertebrate
Trichuris trichiura,Invertebrate
Trichuris trichiura,Invertebrate
Trichuris trichiura,Invertebrate
Trichuris trichiura,Invertebrate
Trichuris trichiura,Invertebrate
Trichuris trichiura,Invertebrate
Trichuris trichiura,Invertebrate
Trichuris trichiura,Invertebrate
Trichuris trichiura,Invertebrate
Trichuris trichiura,Invertebrate
Trichuris trichiura,Invertebrate
Trichuris trichiura,Invertebrate
Trichuris trichiura,Invertebrate
Trichuris trichiura,Invertebrate
Trichuris trichiura,Invertebrate
Trichuris trichiura,Invertebrate
Trichuris trichiura,Invertebrate
Trichuris trichiura,Invertebrate
Trichuris trichiura,Invertebrate
Trichuris trichiura,Invertebrate
Trichuris trichiura,Invertebrate
Trichuris trichiura,Invertebrate
Trichuris trichiura,Invertebrate
Trichuris trichiura,Invertebrate
Trichuris trichiura,Invertebrate
Trichuris trichiura,Invertebrate
Trichuris trichiura,Invertebrate
Trichuris trichiura,Invertebrate
Trichuris trichiura,Invertebrate
Trichuris trichiura,Invertebrate
Tricoptera,Invertebrate
Tricoptera,Invertebrate
Tricoptera (Larva),Invertebrate
Tricoptera (Larva),Invertebrate
Tricoptera larvae,Invertebrate
Tricoptera larvae,Invertebrate
Tricoptera larvae,Invertebrate
Tricoptera larvae,Invertebrate
Tricoptera larvae,Invertebrate
Tricoptera larvae,Invertebrate
Tricoptera larvae,Invertebrate
Tricoptera larvae,Invertebrate
Tricoptera larvae,Invertebrate
Tricoptera larvae,Invertebrate
Tricoptera larvae,Invertebrate
Tricoptera larvae,Invertebrate
Tricoptero,Invertebrate
Tricoptero,Invertebrate
Tricoptero,Invertebrate
Tricoptero,Invertebrate
Tricoptero,Invertebrate
Tricoptero,Invertebrate
Tricoptero,Invertebrate
Tricoptero,Invertebrate
Tricoptero,Invertebrate
Tricoptero,Invertebrate
Tricoptero,Invertebrate
Tricoptero,Invertebrate
Triportheus guentheri,Fish
Triportheus guentheri,Fish
Triportheus guentheri,Fish
Triportheus guentheri,Fish
Triportheus guentheri,Fish
Tubicola polychaeta,Invertebrate
Tubicola polychaeta,Invertebrate
Tubicola polychaeta,Invertebrate
Tubicola polychaeta,Invertebrate
Tubicola polychaeta,Invertebrate
Tubicola polychaeta,Invertebrate
Twig,Plant
Twig,Plant
Twig,Plant
Twig,Plant
"undetermined arthropods + insects—entire individuals, wings, abdomen, bristles and antennae + larvae, pupae and nymphs of insects + coleoptera, family Ditscydae, subfamily Hydroporinae (troglobite) + larvae and pupae of dipterans, family Chironomidae + psocopteran insects + aquatic hemipterans",Invertebrate
Unicellular Algae,Algae
Unicellular Algae,Algae
Unicellular Algae,Algae
Unicellular Algae,Algae
Unicellular Algae,Algae
Unicellular Algae,Algae
Unicellular Algae,Algae
Unicellular Algae,Algae
Unicellular Algae,Algae
Unicellular Algae,Algae
Unicellular Algae,Algae
Unicellular Algae,Algae
Unicellular Algae,Algae
Unicellular Algae,Algae
Unicellular Algae,Algae
Unicellular Algae,Algae
Unicellular Algae,Algae
Unicellular Algae,Algae
Unicellular Algae,Algae
Unicellular Algae,Algae
Unicellular Algae,Algae
Unicellular Algae,Algae
Unicellular Algae,Algae
Unicellular Algae,Algae
Unicellular Algae,Algae
Unicellular Algae,Algae
Unicellular Algae,Algae
Unicellular Algae,Algae
Unicellular Algae,Algae
Unicellular Algae,Algae
unidentified items,Other
unidentified items,Other
Unidentified material,Other
Unidentified material,Other
Unidentified material,Other
Unidentified material,Other
unidentified material,Other
unidentified material,Other
unidentified material,Other
unidentified material,Other
unidentified material,Other
unidentified material,Other
unidentified material,Other
unidentified material,Other
unidentified material,Other
unidentified material,Other
unidentified material,Other
unidentified material,Other
unidentified material,Other
Unknown,Other
Unknown,Other
Unknown,Other
Unknown,Other
Unknown,Other
Unknown,Other
Unknown,Other
Unknown,Other
Unknown,Other
Unknown,Other
Unknown,Other
Unknown,Other
Unknown,Other
Unknown,Other
Unknown,Other
Unknown,Other
Unknown,Other
Unknown,Other
Unknown,Other
Unknown,Other
Unknown,Other
Unknown,Other
Unknown,Other
Upogebia sp.,Invertebrate
Upogebia sp.,Invertebrate
Upogebia sp.,Invertebrate
Upogebia sp.,Invertebrate
Vegetable,Plant
Vegetable,Plant
vegetable,Plant
vegetable,Plant
vegetable,Plant
vegetable,Plant
vegetable,Plant
vegetable,Plant
vegetable,Plant
vegetable,Plant
vegetable,Plant
vegetable,Plant
vegetable,Plant
vegetable,Plant
vegetable,Plant
vegetable,Plant
vegetable,Plant
vegetable,Plant
Vegetable matter,Plant
Vegetable matter,Plant
Vegetable matter,Plant
Vegetable matter,Plant
Vegetable remains,Plant
Vegetable remains,Plant
Vegetable remains,Plant
Vegetable remains,Plant
Vegetable remains,Plant
Vegetable remains,Plant
Vegetable remains,Plant
Vegetable remains,Plant
Vegetable remains,Plant
Vegetable remains,Plant
Vegetable remains,Plant
Vegetal,Plant
Vegetal,Plant
Vegetal,Plant
Vegetal,Plant
Vegetal,Plant
Vegetal,Plant
Vegetal,Plant
Vegetal,Plant
Vegetal,Plant
Vegetal,Plant
Vegetal,Plant
Vegetal,Plant
Vegetal,Plant
Vegetal,Plant
Vegetal,Plant
Vegetal,Plant
Vegetal,Plant
Vegetal,Plant
Vegetal,Plant
Vegetal,Plant
Vegetal,Plant
vegetal,Plant
vegetal,Plant
vegetal,Plant
vegetal,Plant
vegetal,Plant
vegetal,Plant
vegetal,Plant
vegetal fragment,Plant
vegetal fragment,Plant
vegetal fragment,Plant
vegetal fragment,Plant
vegetal fragment,Plant
vegetal fragment,Plant
vegetal fragment,Plant
vegetal fragment,Plant
vegetal fragment,Plant
vegetal fragment,Plant
vegetal fragment,Plant
vegetal fragment,Plant
vegetal fragment,Plant
vegetal fragment,Plant
vegetal fragment,Plant
vegetal fragment,Plant
vegetal fragment,Plant
vegetal fragment,Plant
vegetal fragment,Plant
vegetal fragment,Plant
vegetal fragment,Plant
vegetal fragment,Plant
vegetal fragment,Plant
vegetal fragment,Plant
vegetal fragment,Plant
vegetal fragment,Plant
vegetal fragment,Plant
vegetal fragment,Plant
vegetal fragment,Plant
vegetal fragment,Plant
vegetal fragment,Plant
vegetal fragment,Plant
vegetal fragment,Plant
vegetal fragment,Plant
vegetal fragment,Plant
vegetal fragment,Plant
vegetal fragment,Plant
vegetal fragment,Plant
vegetal fragment,Plant
vegetal fragment,Plant
vegetal fragment,Plant
vegetal fragments,Plant
vegetal fragments,Plant
vegetal fragments,Plant
vegetal fragments,Plant
vegetal fragments,Plant
vegetal fragments,Plant
vegetal fragments,Plant
vegetal fragments,Plant
vegetal fragments,Plant
vegetal fragments,Plant
vegetal fragments,Plant
vegetal fragments,Plant
Vegetal fragments,Plant
Vegetal fragments,Plant
vegetal material,Plant
vegetal material,Plant
vegetal material,Plant
vegetal material,Plant
vegetal material,Plant
vegetal material,Plant
vegetal material,Plant
vegetal material,Plant
vegetal material,Plant
vegetal material,Plant
vegetal material,Plant
vegetal material,Plant
vegetal material,Plant
vegetal material,Plant
vegetal material,Plant
vegetal material,Plant
vegetal material,Plant
vegetal material,Plant
vegetal material,Plant
vegetal material,Plant
vegetal material,Plant
vegetal material,Plant
vegetal material,Plant
vegetal material,Plant
vegetal material,Plant
vegetal material,Plant
vegetal material,Plant
vegetal material,Plant
vegetal material,Plant
vegetal material,Plant
vegetal material,Plant
vegetal material,Plant
vegetal material,Plant
vegetal material,Plant
vegetal material,Plant
vegetal material,Plant
vegetal material,Plant
vegetal material,Plant
vegetal material,Plant
vegetal material,Plant
vegetal material,Plant
vegetal material,Plant
vegetal material,Plant
vegetal material,Plant
vegetal material,Plant
vegetal material,Plant
vegetal material,Plant
Vegetal matter,Plant
Vegetal matter,Plant
Vegetal matter,Plant
Vegetal matter,Plant
Vegetal matter,Plant
Vegetal matter,Plant
Vegetal matter,Plant
Vegetal matter,Plant
Vegetal matter,Plant
Vegetal matter,Plant
Vegetal matter,Plant
Vegetal matter,Plant
Vegetal matter,Plant
Vegetal matter,Plant
Vegetal matter,Plant
Vegetal matter,Plant
Vegetal matter,Plant
Vegetal matter,Plant
Vegetal matter,Plant
Vegetal matter,Plant
Vegetal matter,Plant
Vegetal matter,Plant
Vegetal matter,Plant
Vegetal matter,Plant
Vegetal matter,Plant
Vegetal matter,Plant
Vegetal matter,Plant
Vegetal matter,Plant
Vegetal matter,Plant
Vegetal matter,Plant
Vegetal Matter,Plant
Vegetal Matter,Plant
Vegetal Matter,Plant
Vegetal Matter,Plant
Vegetal Matter,Plant
Vegetal Matter,Plant
Vegetal Matter,Plant
Vegetal Matter,Plant
Vegetal Matter,Plant
Vegetal Matter,Plant
Vegetal Matter,Plant
vegetal matter,Plant
vegetal matter,Plant
vegetal matter,Plant
vegetal matter,Plant
vegetal matter,Plant
vegetal matter,Plant
vegetal matter,Plant
vegetal matter,Plant
vegetal matter,Plant
vegetal matter,Plant
vegetal matter,Plant
vegetal matter,Plant
vegetal matter,Plant
vegetal matter,Plant
vegetal matter,Plant
vegetal matter,Plant
vegetal matter,Plant
vegetal matter,Plant
vegetal matter,Plant
vegetal matter,Plant
vegetal matter,Plant
vegetal matter,Plant
vegetal matter,Plant
vegetal matter,Plant
vegetal matter,Plant
vegetal matter,Plant
vegetal matter,Plant
vegetal matter,Plant
vegetal matter,Plant
vegetal matter,Plant
vegetal matter,Plant
vegetal matter,Plant
vegetal matter,Plant
vegetal matter,Plant
vegetal matter,Plant
vegetal matter,Plant
vegetal matter,Plant
vegetal matter,Plant
vegetal matter,Plant
vegetal matter,Plant
vegetal matter,Plant
vegetal tissue,Plant
vegetal tissue,Plant
Veneroida,Invertebrate
Veneroida,Invertebrate
Veneroida,Invertebrate
Veneroida,Invertebrate
Veneroida,Invertebrate
vertebra,Fish
vertebra,Fish
vertebra,Fish
vertebra,Fish
vertebra,Fish
Vértebra,Fish
Vértebra,Fish
Vértebra,Fish
Vértebra,Fish
Vespidae,Invertebrate
Vespidae,Invertebrate
Vespidae,Invertebrate
Wandering polychaeta,Invertebrate
Wandering polychaeta,Invertebrate
Wandering polychaeta,Invertebrate
Wandering polychaeta,Invertebrate
Wandering polychaeta,Invertebrate
Wandering polychaeta,Invertebrate
Wandering polychaeta,Invertebrate
Wandering polychaeta,Invertebrate
Wandering polychaeta,Invertebrate
Wandering polychaeta,Invertebrate
Wandering polychaeta,Invertebrate
Wandering polychaeta,Invertebrate
Wandering polychaeta,Invertebrate
Wandering polychaeta,Invertebrate
Wandering polychaeta,Invertebrate
Wandering polychaeta,Invertebrate
Wandering polychaeta,Invertebrate
Wandering polychaeta,Invertebrate
Wandering polychaeta,Invertebrate
Wandering polychaeta,Invertebrate
Wandering polychaeta,Invertebrate
Wandering polychaeta,Invertebrate
Wandering polychaeta,Invertebrate
Wandering polychaeta,Invertebrate
Wandering polychaeta,Invertebrate
Wandering polychaeta,Invertebrate
Wandering polychaeta,Invertebrate
Wandering polychaeta,Invertebrate
Wandering polychaeta,Invertebrate
Wandering polychaeta,Invertebrate
Wandering polychaeta,Invertebrate
Wandering polychaeta,Invertebrate
Wandering polychaeta,Invertebrate
Wandering polychaeta,Invertebrate
Wandering polychaeta,Invertebrate
Wandering polychaeta,Invertebrate
worm,Invertebrate
worm,Invertebrate
Xiphopenaeus kroyeri,Invertebrate
Xiphopenaeus kroyeri,Invertebrate
Xiphopenaeus kroyeri,Invertebrate
Xiphopenaeus kroyeri,Invertebrate
Zigoptera,Invertebrate
Zigoptera,Invertebrate
Zigoptera (Ninfa),Invertebrate
Zigoptera (Ninfa),Invertebrate
Zooplankton,Invertebrate
Zooplankton,Invertebrate
Zooplankton,Invertebrate
Zooplankton,Invertebrate
Zooplankton,Invertebrate
Zygnema sp.,Algae
Zygnema sp.,Algae
Zygnema sp.,Algae
Zygoptera,Invertebrate
Zygoptera,Invertebrate
Zygoptera,Invertebrate
Zygoptera,Invertebrate
Zygoptera,Invertebrate
Zygoptera,Invertebrate
Zygoptera,Invertebrate
Zygoptera,Invertebrate
Zygoptera,Invertebrate
Zygoptera,Invertebrate
Zygoptera,Invertebrate
Zygoptera,Invertebrate