"Population","N","Locality","Type","Habitat","YearStart","YearEnd","Frequency","latitude","longitude","Species","Genus","Family","Order","Class"
1,27,"Pentecostes, Ceara state","freshwater","river",2010,2010,3,-3.81916666666667,-39.3325,"Astyanax bimaculatus","Astyanax","Acestrorhamphidae","Characiformes","Teleostei"
2,79,"Pentecostes, Ceara state","freshwater","river",2010,2010,3,-3.81916666666667,-39.3325,"Psalidodon fasciatus","Psalidodon","Acestrorhamphidae","Characiformes","Teleostei"
3,90,"Pentecostes, Ceara state","freshwater","river",2010,2010,3,-3.81916666666667,-39.3325,"Poecilia vivipara","Poecilia","Poeciliidae","Cyprinodontiformes","Teleostei"
4,1,"Pentecostes, Ceara state","freshwater","river",2010,2010,3,-3.81916666666667,-39.3325,"Hypostomus jaguribensis","Hypostomus","Loricariidae","Siluriformes","Teleostei"
5,178,"Rio Serido","freshwater","river",2007,2008,4,-6.60222222222222,-36.7830555555556,"Astyanax aff. bimaculatus","Astyanax","Acestrorhamphidae","Characiformes","Teleostei"
6,178,"Rio Serido","freshwater","river",2007,2008,4,-6.47555555555556,-37.0241666666667,"Astyanax aff. bimaculatus","Astyanax","Acestrorhamphidae","Characiformes","Teleostei"
7,178,"Rio Serido","freshwater","river",2007,2008,4,-6.30611111111111,-37.1788888888889,"Astyanax aff. bimaculatus","Astyanax","Acestrorhamphidae","Characiformes","Teleostei"
8,161,"Rio Serido","freshwater","river",2007,2008,4,-6.60222222222222,-36.7830555555556,"Serrapinnus heterodon","Serrapinnus","Characidae","Characiformes","Teleostei"
9,161,"Rio Serido","freshwater","river",2007,2008,4,-6.47555555555556,-37.0241666666667,"Serrapinnus heterodon","Serrapinnus","Characidae","Characiformes","Teleostei"
10,161,"Rio Serido","freshwater","river",2007,2008,4,-6.30611111111111,-37.1788888888889,"Serrapinnus heterodon","Serrapinnus","Characidae","Characiformes","Teleostei"
11,69,"Rio Serido","freshwater","river",2007,2008,4,-6.60222222222222,-36.7830555555556,"Triportheus signatus","Triportheus","Triportheidae","Characiformes","Teleostei"
12,69,"Rio Serido","freshwater","river",2007,2008,4,-6.47555555555556,-37.0241666666667,"Triportheus signatus","Triportheus","Triportheidae","Characiformes","Teleostei"
13,69,"Rio Serido","freshwater","river",2007,2008,4,-6.30611111111111,-37.1788888888889,"Triportheus signatus","Triportheus","Triportheidae","Characiformes","Teleostei"
14,45,"Rio Serido","freshwater","river",2007,2008,4,-6.60222222222222,-36.7830555555556,"Serrasalmus brandtii","Serrasalmus","Serrasalmidae","Characiformes","Teleostei"
15,45,"Rio Serido","freshwater","river",2007,2008,4,-6.47555555555556,-37.0241666666667,"Serrasalmus brandtii","Serrasalmus","Serrasalmidae","Characiformes","Teleostei"
16,45,"Rio Serido","freshwater","river",2007,2008,4,-6.30611111111111,-37.1788888888889,"Serrasalmus brandtii","Serrasalmus","Serrasalmidae","Characiformes","Teleostei"
17,22,"Rio Serido","freshwater","river",2007,2008,4,-6.47555555555556,-37.0241666666667,"Cichla ocellaris","Cichla","Cichlidae","Cichliformes","Teleostei"
18,22,"Rio Serido","freshwater","river",2007,2008,4,-6.30611111111111,-37.1788888888889,"Cichla ocellaris","Cichla","Cichlidae","Cichliformes","Teleostei"
19,44,"Rio Serido","freshwater","river",2007,2008,4,-6.47555555555556,-37.0241666666667,"Hoplias malabaricus","Hoplias","Erythrinidae","Characiformes","Teleostei"
20,44,"Rio Serido","freshwater","river",2007,2008,4,-6.30611111111111,-37.1788888888889,"Hoplias malabaricus","Hoplias","Erythrinidae","Characiformes","Teleostei"
21,57,"lagoa Curralinho","freshwater","lake",2007,2008,12,-8.88416666666667,-39.9036111111111,"Acestrorhynchus britskii","Acestrorhynchus","Acestrorhynchidae","Characiformes","Teleostei"
22,57,"lagoa Curralinho","freshwater","lake",2007,2008,12,-8.88416666666667,-39.9036111111111,"Acestrorhynchus lacustris","Acestrorhynchus","Acestrorhynchidae","Characiformes","Teleostei"
23,57,"lagoa Curralinho","freshwater","lake",2007,2008,12,-8.88416666666667,-39.9036111111111,"Hoplias malabaricus","Hoplias","Erythrinidae","Characiformes","Teleostei"
24,57,"lagoa Curralinho","freshwater","lake",2007,2008,12,-8.88416666666667,-39.9036111111111,"Pygocentrus piraya","Pygocentrus","Serrasalmidae","Characiformes","Teleostei"
25,57,"lagoa Curralinho","freshwater","lake",2007,2008,12,-8.88416666666667,-39.9036111111111,"Serrasalmus brandtii","Serrasalmus","Serrasalmidae","Characiformes","Teleostei"
26,30,"Poti river","freshwater","intermittent river",2012,2013,3,-5.0425,-40.8663888888889,"Poecilia vivipara","Poecilia","Poeciliidae","Cyprinodontiformes","Teleostei"
27,14,"Poti river","freshwater","intermittent river",2012,2013,3,-5.0425,-40.8663888888889,"Poecilia vivipara","Poecilia","Poeciliidae","Cyprinodontiformes","Teleostei"
28,30,"Poti river","freshwater","intermittent river",2012,2013,3,-5.0425,-40.8663888888889,"Poecilia vivipara","Poecilia","Poeciliidae","Cyprinodontiformes","Teleostei"
29,30,"Poti river","freshwater","intermittent river",2012,2013,3,-5.0425,-40.8663888888889,"Poecilia vivipara","Poecilia","Poeciliidae","Cyprinodontiformes","Teleostei"
30,30,"Poti river","freshwater","intermittent river",2012,2013,3,-5.0425,-40.8663888888889,"Poecilia vivipara","Poecilia","Poeciliidae","Cyprinodontiformes","Teleostei"
31,30,"Poti river","freshwater","intermittent river",2012,2013,3,-5.0425,-40.8663888888889,"Poecilia vivipara","Poecilia","Poeciliidae","Cyprinodontiformes","Teleostei"
32,28,"Poti river","freshwater","intermittent river",2012,2013,3,-5.0425,-40.8663888888889,"Poecilia vivipara","Poecilia","Poeciliidae","Cyprinodontiformes","Teleostei"
33,30,"Poti river","freshwater","intermittent river",2012,2013,3,-5.0425,-40.8663888888889,"Poecilia vivipara","Poecilia","Poeciliidae","Cyprinodontiformes","Teleostei"
34,30,"Poti river","freshwater","intermittent river",2012,2013,3,-5.0425,-40.8663888888889,"Poecilia vivipara","Poecilia","Poeciliidae","Cyprinodontiformes","Teleostei"
35,30,"Mundau river","freshwater","river",2013,2014,NA,-3.24944444444444,-39.5102777777778,"Phenacogaster calverti","Phenacogaster","Characidae","Characiformes","Teleostei"
36,30,"Mundau river","freshwater","river",2014,2015,NA,-3.24944444444444,-39.5102777777778,"Compsura heterura","Compsura","Characidae","Characiformes","Teleostei"
37,30,"Mundau river","freshwater","river",2015,2016,NA,-3.24944444444444,-39.5102777777778,"Astyanax aff. bimaculatus","Astyanax","Acestrorhamphidae","Characiformes","Teleostei"
38,30,"Mundau river","freshwater","river",2016,2017,NA,-3.24944444444444,-39.5102777777778,"Serrapinnus heterodon","Serrapinnus","Characidae","Characiformes","Teleostei"
39,30,"Mundau river","freshwater","river",2017,2018,NA,-3.24944444444444,-39.5102777777778,"Serrapinnus piaba","Serrapinnus","Characidae","Characiformes","Teleostei"
40,30,"Mundau river","freshwater","river",2018,2019,NA,-3.34666666666667,-39.5027777777778,"Serrapinnus heterodon","Serrapinnus","Characidae","Characiformes","Teleostei"
41,30,"Mundau river","freshwater","river",2019,2020,NA,-3.34666666666667,-39.5027777777778,"Serrapinnus piaba","Serrapinnus","Characidae","Characiformes","Teleostei"
42,23,"Argemiro de Figueredo reservoir","freshwater","reservoir",2014,2015,NA,-7.61416666666667,-35.6752777777778,"Astyanax aff. bimaculatus","Astyanax","Acestrorhamphidae","Characiformes","Teleostei"
43,23,"Argemiro de Figueredo reservoir","freshwater","reservoir",2014,2015,NA,-7.42972222222222,-35.5502777777778,"Astyanax aff. bimaculatus","Astyanax","Acestrorhamphidae","Characiformes","Teleostei"
44,23,"Argemiro de Figueredo reservoir","freshwater","reservoir",2014,2015,NA,-7.61416666666667,-35.6752777777778,"Astyanax aff. bimaculatus","Astyanax","Acestrorhamphidae","Characiformes","Teleostei"
45,23,"Argemiro de Figueredo reservoir","freshwater","reservoir",2014,2015,NA,-7.42972222222222,-35.5502777777778,"Astyanax aff. bimaculatus","Astyanax","Acestrorhamphidae","Characiformes","Teleostei"
46,102,"Argemiro de Figueredo reservoir","freshwater","reservoir",2014,2015,NA,-7.61416666666667,-35.6752777777778,"Apareiodon davisi","Apareiodon","Parodontidae","Characiformes","Teleostei"
47,102,"Argemiro de Figueredo reservoir","freshwater","reservoir",2014,2015,NA,-7.42972222222222,-35.5502777777778,"Apareiodon davisi","Apareiodon","Parodontidae","Characiformes","Teleostei"
48,102,"Argemiro de Figueredo reservoir","freshwater","reservoir",2014,2015,NA,-7.61416666666667,-35.6752777777778,"Apareiodon davisi","Apareiodon","Parodontidae","Characiformes","Teleostei"
49,135,"Argemiro de Figueredo reservoir","freshwater","reservoir",2014,2015,NA,-7.42972222222222,-35.5502777777778,"Crenicichla menezesi","Crenicichla","Cichlidae","Cichliformes","Teleostei"
50,135,"Argemiro de Figueredo reservoir","freshwater","reservoir",2014,2015,NA,-7.61416666666667,-35.6752777777778,"Crenicichla menezesi","Crenicichla","Cichlidae","Cichliformes","Teleostei"
51,135,"Argemiro de Figueredo reservoir","freshwater","reservoir",2014,2015,NA,-7.42972222222222,-35.5502777777778,"Crenicichla menezesi","Crenicichla","Cichlidae","Cichliformes","Teleostei"
52,135,"Argemiro de Figueredo reservoir","freshwater","reservoir",2014,2015,NA,-7.61416666666667,-35.6752777777778,"Crenicichla menezesi","Crenicichla","Cichlidae","Cichliformes","Teleostei"
53,92,"Argemiro de Figueredo reservoir","freshwater","reservoir",2014,2015,NA,-7.42972222222222,-35.5502777777778,"Geophagus brasiliensis","Geophagus","Cichlidae","Cichliformes","Teleostei"
54,92,"Argemiro de Figueredo reservoir","freshwater","reservoir",2014,2015,NA,-7.61416666666667,-35.6752777777778,"Geophagus brasiliensis","Geophagus","Cichlidae","Cichliformes","Teleostei"
55,92,"Argemiro de Figueredo reservoir","freshwater","reservoir",2014,2015,NA,-7.42972222222222,-35.5502777777778,"Geophagus brasiliensis","Geophagus","Cichlidae","Cichliformes","Teleostei"
56,92,"Argemiro de Figueredo reservoir","freshwater","reservoir",2014,2015,NA,-7.61416666666667,-35.6752777777778,"Geophagus brasiliensis","Geophagus","Cichlidae","Cichliformes","Teleostei"
57,9,"Argemiro de Figueredo reservoir","freshwater","reservoir",2014,2015,NA,-7.42972222222222,-35.5502777777778,"Hoplias malabaricus","Hoplias","Erythrinidae","Characiformes","Teleostei"
58,9,"Argemiro de Figueredo reservoir","freshwater","reservoir",2014,2015,NA,-7.61416666666667,-35.6752777777778,"Hoplias malabaricus","Hoplias","Erythrinidae","Characiformes","Teleostei"
59,9,"Argemiro de Figueredo reservoir","freshwater","reservoir",2014,2015,NA,-7.42972222222222,-35.5502777777778,"Hoplias malabaricus","Hoplias","Erythrinidae","Characiformes","Teleostei"
60,18,"Argemiro de Figueredo reservoir","freshwater","reservoir",2014,2015,NA,-7.61416666666667,-35.6752777777778,"Hypostomus pusarum","Hypostomus","Loricariidae","Siluriformes","Teleostei"
61,18,"Argemiro de Figueredo reservoir","freshwater","reservoir",2014,2015,NA,-7.42972222222222,-35.5502777777778,"Hypostomus pusarum","Hypostomus","Loricariidae","Siluriformes","Teleostei"
62,343,"Argemiro de Figueredo reservoir","freshwater","reservoir",2014,2015,NA,-7.61416666666667,-35.6752777777778,"Oreochromis niloticus","Oreochromis","Cichlidae","Cichliformes","Teleostei"
63,343,"Argemiro de Figueredo reservoir","freshwater","reservoir",2014,2015,NA,-7.42972222222222,-35.5502777777778,"Oreochromis niloticus","Oreochromis","Cichlidae","Cichliformes","Teleostei"
64,343,"Argemiro de Figueredo reservoir","freshwater","reservoir",2014,2015,NA,-7.61416666666667,-35.6752777777778,"Oreochromis niloticus","Oreochromis","Cichlidae","Cichliformes","Teleostei"
65,343,"Argemiro de Figueredo reservoir","freshwater","reservoir",2014,2015,NA,-7.42972222222222,-35.5502777777778,"Oreochromis niloticus","Oreochromis","Cichlidae","Cichliformes","Teleostei"
66,397,"Argemiro de Figueredo reservoir","freshwater","reservoir",2014,2015,NA,-7.61416666666667,-35.6752777777778,"Plagioscion squamosissimus","Plagioscion","Sciaenidae","Eupercaria/misc","Teleostei"
67,397,"Argemiro de Figueredo reservoir","freshwater","reservoir",2014,2015,NA,-7.42972222222222,-35.5502777777778,"Plagioscion squamosissimus","Plagioscion","Sciaenidae","Eupercaria/misc","Teleostei"
68,397,"Argemiro de Figueredo reservoir","freshwater","reservoir",2014,2015,NA,-7.61416666666667,-35.6752777777778,"Plagioscion squamosissimus","Plagioscion","Sciaenidae","Eupercaria/misc","Teleostei"
69,397,"Argemiro de Figueredo reservoir","freshwater","reservoir",2014,2015,NA,-7.42972222222222,-35.5502777777778,"Plagioscion squamosissimus","Plagioscion","Sciaenidae","Eupercaria/misc","Teleostei"
70,24,"Argemiro de Figueredo reservoir","freshwater","reservoir",2014,2015,NA,-7.61416666666667,-35.6752777777778,"Triportheus signatus","Triportheus","Triportheidae","Characiformes","Teleostei"
71,24,"Argemiro de Figueredo reservoir","freshwater","reservoir",2014,2015,NA,-7.42972222222222,-35.5502777777778,"Triportheus signatus","Triportheus","Triportheidae","Characiformes","Teleostei"
72,25,"Argemiro de Figueredo reservoir","freshwater","reservoir",2014,2015,NA,-7.61416666666667,-35.6752777777778,"Triportheus signatus","Triportheus","Triportheidae","Characiformes","Teleostei"
73,22,"Argemiro de Figueredo reservoir","freshwater","reservoir",2014,2015,NA,-7.42972222222222,-35.5502777777778,"Coptodon rendalli","Coptodon","Cichlidae","Cichliformes","Teleostei"
74,22,"Argemiro de Figueredo reservoir","freshwater","reservoir",2014,2015,NA,-7.61416666666667,-35.6752777777778,"Coptodon rendalli","Coptodon","Cichlidae","Cichliformes","Teleostei"
75,145,"rio Ipanema","freshwater","stream",2007,2008,4,-8.65722222222222,NA,"Hoplias malabaricus","Hoplias","Erythrinidae","Characiformes","Teleostei"
76,173,"rio Ipanema","freshwater","stream",2007,2008,4,-8.65722222222222,NA,"Geophagus brasiliensis","Geophagus","Cichlidae","Cichliformes","Teleostei"
77,116,"rio Ipanema","freshwater","stream",2007,2008,4,-8.65722222222222,NA,"Prochilodus brevis","Prochilodus","Prochilodontidae","Characiformes","Teleostei"
78,60,"Pernambuco state","freshwater","stream",2020,2020,1,-7.83555555555556,-38.1047222222222,"Astyanax lacustris","Astyanax","Acestrorhamphidae","Characiformes","Teleostei"
79,60,"Pernambuco state","freshwater","stream",2020,2020,1,-8,-38.2725,"Astyanax lacustris","Astyanax","Acestrorhamphidae","Characiformes","Teleostei"
80,60,"Pernambuco state","freshwater","reservoir",2020,2020,1,-7.59666666666667,-37.5322222222222,"Astyanax lacustris","Astyanax","Acestrorhamphidae","Characiformes","Teleostei"
81,50,"Pernambuco state","freshwater","reservoir",2020,2020,1,-7.86027777777778,-38.7597222222222,"Astyanax lacustris","Astyanax","Acestrorhamphidae","Characiformes","Teleostei"
82,254,"Galinhos, Rio Grande do Norte state","estuarine","estuary",2001,2002,23,-5.09055555555556,-36.2752777777778,"Centropomus undecimalis","Centropomus","Centropomidae","Carangaria/misc","Teleostei"
83,254,"Galinhos, Rio Grande do Norte state","estuarine","estuary",2001,2002,23,-5.09055555555556,-36.2752777777778,"Centropomus undecimalis","Centropomus","Centropomidae","Carangaria/misc","Teleostei"
84,254,"Galinhos, Rio Grande do Norte state","estuarine","estuary",2001,2002,23,-5.09055555555556,-36.2752777777778,"Centropomus undecimalis","Centropomus","Centropomidae","Carangaria/misc","Teleostei"
85,254,"Galinhos, Rio Grande do Norte state","estuarine","estuary",2001,2002,23,-5.09055555555556,-36.2752777777778,"Centropomus undecimalis","Centropomus","Centropomidae","Carangaria/misc","Teleostei"
86,254,"Galinhos, Rio Grande do Norte state","estuarine","estuary",2001,2002,23,-5.09055555555556,-36.2752777777778,"Centropomus undecimalis","Centropomus","Centropomidae","Carangaria/misc","Teleostei"
87,21,"Lagoa do Piato","freshwater","lagoon",2006,2007,NA,-5.5,-37,"Astyanax cf. lacustris","Astyanax","Acestrorhamphidae","Characiformes","Teleostei"
88,40,"Lagoa do Piato","freshwater","lagoon",2006,2007,NA,-5.5,-37,"Astyanax cf. lacustris","Astyanax","Acestrorhamphidae","Characiformes","Teleostei"
89,18,"Sobradinho, Bahia state","freshwater","reservoir",2006,2009,17,-9.42694444444444,-40.8197222222222,"Hoplias malabaricus","Hoplias","Erythrinidae","Characiformes","Teleostei"
90,18,"Sobradinho, Bahia state","freshwater","reservoir",2006,2009,17,-9.42694444444444,-40.8197222222222,"Hoplias malabaricus","Hoplias","Erythrinidae","Characiformes","Teleostei"
91,336,"Sobradinho, Bahia state","freshwater","reservoir",2006,2009,17,-9.42694444444444,-40.8197222222222,"Plagioscion squamosissimus","Plagioscion","Sciaenidae","Eupercaria/misc","Teleostei"
92,427,"Sobradinho, Bahia state","freshwater","reservoir",2006,2009,17,-9.42694444444444,-40.8197222222222,"Plagioscion squamosissimus","Plagioscion","Sciaenidae","Eupercaria/misc","Teleostei"
93,18,"Sobradinho, Bahia state","freshwater","reservoir",2006,2009,17,-9.42694444444444,-40.8197222222222,"Pygocentrus piraya","Pygocentrus","Serrasalmidae","Characiformes","Teleostei"
94,47,"Sobradinho, Bahia state","freshwater","reservoir",2006,2009,17,-9.42694444444444,-40.8197222222222,"Pygocentrus piraya","Pygocentrus","Serrasalmidae","Characiformes","Teleostei"
95,8,"Sobradinho, Bahia state","freshwater","reservoir",2006,2009,17,-9.42694444444444,-40.8197222222222,"Salminus franciscanus","Salminus","Bryconidae","Characiformes","Teleostei"
96,90,"Sobradinho, Bahia state","freshwater","reservoir",2006,2009,17,-9.42694444444444,-40.8197222222222,"Salminus franciscanus","Salminus","Bryconidae","Characiformes","Teleostei"
97,90,"Sobradinho, Bahia state","freshwater","reservoir",2006,2009,17,-9.42694444444444,-40.8197222222222,"Serrasalmus brandtii","Serrasalmus","Serrasalmidae","Characiformes","Teleostei"
98,62,"Sobradinho, Bahia state","freshwater","reservoir",2006,2009,17,-9.42694444444444,-40.8197222222222,"Serrasalmus brandtii","Serrasalmus","Serrasalmidae","Characiformes","Teleostei"
99,186,"Vale do Jequitinhonha, Minas Gerais state","freshwater","river",2008,2011,13,-16.5975,-42.8372222222222,"Wertheimeria maculata","Wertheimeria","Doradidae","Siluriformes","Teleostei"
100,114,"Vale do Jequitinhonha, Minas Gerais state","freshwater","river",2008,2011,13,-16.7711111111111,-42.6413888888889,"Trachelyopterus striatulus","Trachelyopterus","Auchenipteridae","Siluriformes","Teleostei"
101,97,"Vale do Jequitinhonha, Minas Gerais state","freshwater","river",2008,2011,13,-16.7197222222222,-42.6783333333333,"Prochilodus harttii","Prochilodus","Prochilodontidae","Characiformes","Teleostei"
102,91,"Vale do Jequitinhonha, Minas Gerais state","freshwater","river",2008,2011,13,-16.7352777777778,-42.5761111111111,"Megaleporinus elongatus","Megaleporinus","Anostomidae","Characiformes","Teleostei"
103,67,"Vale do Jequitinhonha, Minas Gerais state","freshwater","river",2008,2011,13,-16.5472222222222,-42.7861111111111,"Megaleporinus garmani","Megaleporinus","Anostomidae","Characiformes","Teleostei"
104,48,"Vale do Jequitinhonha, Minas Gerais state","freshwater","river",2008,2011,13,-17.3141666666667,-43.2083333333333,"Oligosarcus macrolepis","Oligosarcus","Acestrorhamphidae","Characiformes","Teleostei"
105,26,"Vale do Jequitinhonha, Minas Gerais state","freshwater","river",2008,2011,13,-16.7408333333333,-42.5702777777778,"Psalidodon fasciatus","Psalidodon","Acestrorhamphidae","Characiformes","Teleostei"
106,152,"Vale do Jequitinhonha, Minas Gerais state","freshwater","river",2008,2011,13,-16.7711111111111,-42.6413888888889,"Wertheimeria maculata","Wertheimeria","Doradidae","Siluriformes","Teleostei"
107,80,"Vale do Jequitinhonha, Minas Gerais state","freshwater","river",2008,2011,13,-16.7197222222222,-42.6783333333333,"Trachelyopterus striatulus","Trachelyopterus","Auchenipteridae","Siluriformes","Teleostei"
108,58,"Vale do Jequitinhonha, Minas Gerais state","freshwater","river",2008,2011,13,-16.7352777777778,-42.5761111111111,"Prochilodus harttii","Prochilodus","Prochilodontidae","Characiformes","Teleostei"
109,59,"Vale do Jequitinhonha, Minas Gerais state","freshwater","river",2008,2011,13,-16.5472222222222,-42.7861111111111,"Megaleporinus garmani","Megaleporinus","Anostomidae","Characiformes","Teleostei"
110,29,"Vale do Jequitinhonha, Minas Gerais state","freshwater","river",2008,2011,13,-17.3141666666667,-43.2083333333333,"Wertheimeria maculata","Wertheimeria","Doradidae","Siluriformes","Teleostei"
111,39,"Vale do Jequitinhonha, Minas Gerais state","freshwater","river",2008,2011,13,-16.7408333333333,-42.5702777777778,"Trachelyopterus striatulus","Trachelyopterus","Auchenipteridae","Siluriformes","Teleostei"
112,30,"Vale do Jequitinhonha, Minas Gerais state","freshwater","river",2008,2011,13,-16.6272222222222,-42.2702777777778,"Prochilodus harttii","Prochilodus","Prochilodontidae","Characiformes","Teleostei"
113,22,"Vale do Jequitinhonha, Minas Gerais state","freshwater","river",2008,2011,13,-16.3816666666667,-42.4769444444444,"Megaleporinus garmani","Megaleporinus","Anostomidae","Characiformes","Teleostei"
114,79,"Vale do Jequitinhonha, Minas Gerais state","freshwater","river",2008,2011,13,-16.5975,-42.8372222222222,"Wertheimeria maculata","Wertheimeria","Doradidae","Siluriformes","Teleostei"
115,61,"Vale do Jequitinhonha, Minas Gerais state","freshwater","river",2008,2011,13,-16.7711111111111,-42.6413888888889,"Trachelyopterus striatulus","Trachelyopterus","Auchenipteridae","Siluriformes","Teleostei"
116,44,"Vale do Jequitinhonha, Minas Gerais state","freshwater","river",2008,2011,13,-16.7197222222222,-42.6783333333333,"Prochilodus harttii","Prochilodus","Prochilodontidae","Characiformes","Teleostei"
117,12,"Vale do Jequitinhonha, Minas Gerais state","freshwater","river",2008,2011,13,-16.7352777777778,-42.5761111111111,"Megaleporinus elongatus","Megaleporinus","Anostomidae","Characiformes","Teleostei"
118,49,"Vale do Jequitinhonha, Minas Gerais state","freshwater","river",2008,2011,13,-16.5472222222222,-42.7861111111111,"Megaleporinus garmani","Megaleporinus","Anostomidae","Characiformes","Teleostei"
119,100,"Vale do Jequitinhonha, Minas Gerais state","freshwater","river",2008,2011,13,-17.3141666666667,-43.2083333333333,"Wertheimeria maculata","Wertheimeria","Doradidae","Siluriformes","Teleostei"
120,65,"Vale do Jequitinhonha, Minas Gerais state","freshwater","river",2008,2011,13,-16.7408333333333,-42.5702777777778,"Trachelyopterus striatulus","Trachelyopterus","Auchenipteridae","Siluriformes","Teleostei"
121,51,"Vale do Jequitinhonha, Minas Gerais state","freshwater","river",2008,2011,13,-16.7711111111111,-42.6413888888889,"Prochilodus harttii","Prochilodus","Prochilodontidae","Characiformes","Teleostei"
122,42,"Vale do Jequitinhonha, Minas Gerais state","freshwater","river",2008,2011,13,-16.7197222222222,-42.6783333333333,"Megaleporinus elongatus","Megaleporinus","Anostomidae","Characiformes","Teleostei"
123,31,"Vale do Jequitinhonha, Minas Gerais state","freshwater","river",2008,2011,13,-16.7352777777778,-42.5761111111111,"Megaleporinus garmani","Megaleporinus","Anostomidae","Characiformes","Teleostei"
124,40,"Parque Nacional da Chapada Diamantina","freshwater","river",2013,2014,4,-13,-42,"Astyanax gr. bimaculatus","Astyanax","Acestrorhamphidae","Characiformes","Teleostei"
125,40,"Parque Nacional da Chapada Diamantina","freshwater","river",2013,2014,4,-12.8333333333333,-41.5,"Astyanax aff. fasciatus","Astyanax","Acestrorhamphidae","Characiformes","Teleostei"
126,40,"Parque Nacional da Chapada Diamantina","freshwater","river",2013,2014,4,-13,-42,"Astyanax cf. rivularis","Astyanax","Acestrorhamphidae","Characiformes","Teleostei"
127,40,"Parque Nacional da Chapada Diamantina","freshwater","river",2013,2014,4,-12.8333333333333,-41.5,"Astyanax sp1","Astyanax","Acestrorhamphidae","Characiformes","Teleostei"
128,40,"Parque Nacional da Chapada Diamantina","freshwater","river",2013,2014,4,-13,-42,"Astyanax sp2","Astyanax","Acestrorhamphidae","Characiformes","Teleostei"
129,153,"Parque Nacional da Chapada Diamantina","freshwater","floodplain",2014,2015,6,-12.7872222222222,-41.2861111111111,"Trachelyopterus galeatus","Trachelyopterus","Auchenipteridae","Siluriformes","Teleostei"
130,81,"Parque Nacional da Chapada Diamantina","freshwater","floodplain",2015,2015,6,-12.7872222222222,-41.2861111111111,"Trachelyopterus galeatus","Trachelyopterus","Auchenipteridae","Siluriformes","Teleostei"
131,57,"Parque Nacional da Chapada Diamantina","freshwater","floodplain",2016,2015,6,-12.675,-41.3302777777778,"Trachelyopterus galeatus","Trachelyopterus","Auchenipteridae","Siluriformes","Teleostei"
132,45,"Parque Nacional da Chapada Diamantina","freshwater","floodplain",2017,2015,6,-12.675,-41.3302777777778,"Trachelyopterus galeatus","Trachelyopterus","Auchenipteridae","Siluriformes","Teleostei"
133,9,"Area de Protecao Ambiental Pandeiros, Minas Gerais state","freshwater","stream",2016,2016,1,-15.1666666666667,-45.25,"Acestrorhynchus lacustris","Acestrorhynchus","Acestrorhynchidae","Characiformes","Teleostei"
134,63,"Area de Protecao Ambiental Pandeiros, Minas Gerais state","freshwater","stream",2016,2016,1,-15.3333333333333,-45.3333333333333,"Astyanax lacustris","Astyanax","Acestrorhamphidae","Characiformes","Teleostei"
135,34,"Area de Protecao Ambiental Pandeiros, Minas Gerais state","freshwater","stream",2016,2016,1,-15.1666666666667,-45.25,"Bryconops sp.","Bryconops","Iguanodectidae","Characiformes","Teleostei"
136,25,"Area de Protecao Ambiental Pandeiros, Minas Gerais state","freshwater","stream",2016,2016,1,-15.3333333333333,-45.3333333333333,"Hemigrammus marginatus","Hemigrammus","Acestrorhamphidae","Characiformes","Teleostei"
137,74,"Area de Protecao Ambiental Pandeiros, Minas Gerais state","freshwater","stream",2016,2016,1,-15.1666666666667,-45.25,"Lepidocharax burnsi","Lepidocharax","Stevardiidae","Characiformes","Teleostei"
138,1,"Area de Protecao Ambiental Pandeiros, Minas Gerais state","freshwater","stream",2016,2016,1,-15.3333333333333,-45.3333333333333,"Bario sanctaefilomenae","Bario","Acestrorhamphidae","Characiformes","Teleostei"
139,10,"Area de Protecao Ambiental Pandeiros, Minas Gerais state","freshwater","stream",2016,2016,1,-15.1666666666667,-45.25,"Myleus micans","Myleus","Serrasalmidae","Characiformes","Teleostei"
140,12,"Area de Protecao Ambiental Pandeiros, Minas Gerais state","freshwater","stream",2016,2016,1,-15.3333333333333,-45.3333333333333,"Phenacogaster franciscoensis","Phenacogaster","Characidae","Characiformes","Teleostei"
141,17,"Area de Protecao Ambiental Pandeiros, Minas Gerais state","freshwater","stream",2016,2016,1,-15.1666666666667,-45.25,"Piabina argentea","Piabina","Stevardiidae","Characiformes","Teleostei"
142,24,"Area de Protecao Ambiental Pandeiros, Minas Gerais state","freshwater","stream",2016,2016,1,-15.3333333333333,-45.3333333333333,"Serrapinnus heterodon","Serrapinnus","Characidae","Characiformes","Teleostei"
143,19,"Area de Protecao Ambiental Pandeiros, Minas Gerais state","freshwater","stream",2016,2016,1,-15.1666666666667,-45.25,"Serrapinnus piaba","Serrapinnus","Characidae","Characiformes","Teleostei"
144,81,"Area de Protecao Ambiental Pandeiros, Minas Gerais state","freshwater","stream",2016,2016,1,-15.3333333333333,-45.3333333333333,"Characidium aff. zebra","Characidium","Crenuchidae","Characiformes","Teleostei"
145,55,"Area de Protecao Ambiental Pandeiros, Minas Gerais state","freshwater","stream",2016,2016,1,-15.1666666666667,-45.25,"Characidium fasciatum","Characidium","Crenuchidae","Characiformes","Teleostei"
146,23,"Area de Protecao Ambiental Pandeiros, Minas Gerais state","freshwater","stream",2016,2016,1,-15.3333333333333,-45.3333333333333,"Hoplias intermedius","Hoplias","Erythrinidae","Characiformes","Teleostei"
147,12,"Area de Protecao Ambiental Pandeiros, Minas Gerais state","freshwater","stream",2016,2016,1,-15.1666666666667,-45.25,"Parodon hilarii","Parodon","Parodontidae","Characiformes","Teleostei"
148,16,"Area de Protecao Ambiental Pandeiros, Minas Gerais state","freshwater","stream",2016,2016,1,-15.3333333333333,-45.3333333333333,"Steindachnerina elegans","Steindachnerina","Curimatidae","Characiformes","Teleostei"
149,1,"Area de Protecao Ambiental Pandeiros, Minas Gerais state","freshwater","stream",2016,2016,1,-15.1666666666667,-45.25,"Gymnotus sp.","Gymnotus","Gymnotidae","Gymnotiformes","Teleostei"
150,15,"Area de Protecao Ambiental Pandeiros, Minas Gerais state","freshwater","stream",2016,2016,1,-15.3333333333333,-45.3333333333333,"Eigenmannia besouro","Eigenmannia","Sternopygidae","Gymnotiformes","Teleostei"
151,8,"Area de Protecao Ambiental Pandeiros, Minas Gerais state","freshwater","stream",2016,2016,1,-15.1666666666667,-45.25,"Sternopygus macrurus","Sternopygus","Sternopygidae","Gymnotiformes","Teleostei"
152,33,"Area de Protecao Ambiental Pandeiros, Minas Gerais state","freshwater","stream",2016,2016,1,-15.3333333333333,-45.3333333333333,"Cetopsorhamdia iheringi","Cetopsorhamdia","Heptapteridae","Siluriformes","Teleostei"
153,30,"Area de Protecao Ambiental Pandeiros, Minas Gerais state","freshwater","stream",2016,2016,1,-15.1666666666667,-45.25,"Phenacorhamdia tenebrosa","Phenacorhamdia","Heptapteridae","Siluriformes","Teleostei"
154,27,"Area de Protecao Ambiental Pandeiros, Minas Gerais state","freshwater","stream",2016,2016,1,-15.3333333333333,-45.3333333333333,"Pimelodella sp.","Pimelodella","Heptapteridae","Siluriformes","Teleostei"
155,43,"Area de Protecao Ambiental Pandeiros, Minas Gerais state","freshwater","stream",2016,2016,1,-15.1666666666667,-45.25,"Rhamdia quelen","Rhamdia","Heptapteridae","Siluriformes","Teleostei"
156,5,"Area de Protecao Ambiental Pandeiros, Minas Gerais state","freshwater","stream",2016,2016,1,-15.3333333333333,-45.3333333333333,"Hoplisoma multimaculatum","Hoplisoma","Callichthyidae","Siluriformes","Teleostei"
157,16,"Area de Protecao Ambiental Pandeiros, Minas Gerais state","freshwater","stream",2016,2016,1,-15.1666666666667,-45.25,"Harttia sp.","Harttia","Loricariidae","Siluriformes","Teleostei"
158,48,"Area de Protecao Ambiental Pandeiros, Minas Gerais state","freshwater","stream",2016,2016,1,-15.3333333333333,-45.3333333333333,"Hisonotus sp.","Hisonotus","Loricariidae","Siluriformes","Teleostei"
159,79,"Area de Protecao Ambiental Pandeiros, Minas Gerais state","freshwater","stream",2016,2016,1,-15.1666666666667,-45.25,"Hypostomus cf. macrops","Hypostomus","Loricariidae","Siluriformes","Teleostei"
160,15,"Area de Protecao Ambiental Pandeiros, Minas Gerais state","freshwater","stream",2016,2016,1,-15.3333333333333,-45.3333333333333,"Poecilia hollandi","Poecilia","Poeciliidae","Cyprinodontiformes","Teleostei"
161,24,"Area de Protecao Ambiental Pandeiros, Minas Gerais state","freshwater","stream",2016,2016,1,-15.1666666666667,-45.25,"Cichlasoma sanctifranciscense","Cichlasoma","Cichlidae","Cichliformes","Teleostei"
162,113,"Santa Cruz reservoir, Rio Grande do Norte state","freshwater","reservoir",2011,2017,12,-5.6725,-37.8063888888889,"Hypostomus pusarum","Hypostomus","Loricariidae","Siluriformes","Teleostei"
163,113,"Santa Cruz reservoir, Rio Grande do Norte state","freshwater","reservoir",2011,2017,12,-5.6725,-37.8063888888889,"Hypostomus pusarum","Hypostomus","Loricariidae","Siluriformes","Teleostei"
164,113,"Santa Cruz reservoir, Rio Grande do Norte state","freshwater","reservoir",2011,2017,12,-5.6725,-37.8063888888889,"Hypostomus pusarum","Hypostomus","Loricariidae","Siluriformes","Teleostei"
165,113,"Santa Cruz reservoir, Rio Grande do Norte state","freshwater","reservoir",2011,2017,12,-5.6725,-37.8063888888889,"Hypostomus pusarum","Hypostomus","Loricariidae","Siluriformes","Teleostei"
166,113,"Santa Cruz reservoir, Rio Grande do Norte state","freshwater","reservoir",2011,2017,12,-5.6725,-37.8063888888889,"Hypostomus pusarum","Hypostomus","Loricariidae","Siluriformes","Teleostei"
167,113,"Santa Cruz reservoir, Rio Grande do Norte state","freshwater","reservoir",2011,2017,12,-5.6725,-37.8063888888889,"Hypostomus pusarum","Hypostomus","Loricariidae","Siluriformes","Teleostei"
168,113,"Santa Cruz reservoir, Rio Grande do Norte state","freshwater","reservoir",2011,2017,12,-5.6725,-37.8063888888889,"Hypostomus pusarum","Hypostomus","Loricariidae","Siluriformes","Teleostei"
169,113,"Santa Cruz reservoir, Rio Grande do Norte state","freshwater","reservoir",2011,2017,12,-5.6725,-37.8063888888889,"Hypostomus pusarum","Hypostomus","Loricariidae","Siluriformes","Teleostei"
170,129,"Santa Cruz reservoir, Rio Grande do Norte state","freshwater","reservoir",2011,2017,12,-5.6725,-37.8063888888889,"Hypostomus pusarum","Hypostomus","Loricariidae","Siluriformes","Teleostei"
171,129,"Santa Cruz reservoir, Rio Grande do Norte state","freshwater","reservoir",2011,2017,12,-5.6725,-37.8063888888889,"Hypostomus pusarum","Hypostomus","Loricariidae","Siluriformes","Teleostei"
172,129,"Santa Cruz reservoir, Rio Grande do Norte state","freshwater","reservoir",2011,2017,12,-5.6725,-37.8063888888889,"Hypostomus pusarum","Hypostomus","Loricariidae","Siluriformes","Teleostei"
173,129,"Santa Cruz reservoir, Rio Grande do Norte state","freshwater","reservoir",2011,2017,12,-5.6725,-37.8063888888889,"Hypostomus pusarum","Hypostomus","Loricariidae","Siluriformes","Teleostei"
174,2,"Baixo Sao Francisco","freshwater","river",2015,2016,6,-10.2275,-36.7630555555556,"Characidium zebra","Characidium","Crenuchidae","Characiformes","Teleostei"
175,3,"Baixo Sao Francisco","freshwater","river",2015,2016,6,-10.2275,-36.7630555555556,"Hoplias malabaricus","Hoplias","Erythrinidae","Characiformes","Teleostei"
176,5,"Baixo Sao Francisco","freshwater","river",2015,2016,6,-10.2275,-36.7630555555556,"Metynnis lippincottianus","Metynnis","Serrasalmidae","Characiformes","Teleostei"
177,5,"Baixo Sao Francisco","freshwater","river",2015,2016,6,-10.2275,-36.7630555555556,"Myleus micans","Myleus","Serrasalmidae","Characiformes","Teleostei"
178,24,"Baixo Sao Francisco","freshwater","river",2015,2016,6,-10.2275,-36.7630555555556,"Serrasalmus brandtii","Serrasalmus","Serrasalmidae","Characiformes","Teleostei"
179,9,"Baixo Sao Francisco","freshwater","river",2015,2016,6,-10.2275,-36.7630555555556,"Curimatella lepidura","Curimatella","Curimatidae","Characiformes","Teleostei"
180,67,"Baixo Sao Francisco","freshwater","river",2015,2016,6,-10.2275,-36.7630555555556,"Bryconops affinis","Bryconops","Iguanodectidae","Characiformes","Teleostei"
181,1111,"Baixo Sao Francisco","freshwater","river",2015,2016,6,-10.2275,-36.7630555555556,"Psalidodon fasciatus","Psalidodon","Acestrorhamphidae","Characiformes","Teleostei"
182,126,"Baixo Sao Francisco","freshwater","river",2015,2016,6,-10.2275,-36.7630555555556,"Astyanax lacustris","Astyanax","Acestrorhamphidae","Characiformes","Teleostei"
183,10,"Baixo Sao Francisco","freshwater","river",2015,2016,6,-10.2275,-36.7630555555556,"Compsura heterura","Compsura","Characidae","Characiformes","Teleostei"
184,944,"Baixo Sao Francisco","freshwater","river",2015,2016,6,-10.2275,-36.7630555555556,"Hemigrammus brevis","Hemigrammus","Acestrorhamphidae","Characiformes","Teleostei"
185,7152,"Baixo Sao Francisco","freshwater","river",2015,2016,6,-10.2275,-36.7630555555556,"Hemigrammus marginatus","Hemigrammus","Acestrorhamphidae","Characiformes","Teleostei"
186,7,"Baixo Sao Francisco","freshwater","river",2015,2016,6,-10.2275,-36.7630555555556,"Megalamphodus micropterus","Megalamphodus","Acestrorhamphidae","Characiformes","Teleostei"
187,6,"Baixo Sao Francisco","freshwater","river",2015,2016,6,-10.2275,-36.7630555555556,"Moenkhausia costae","Moenkhausia","Acestrorhamphidae","Characiformes","Teleostei"
188,405,"Baixo Sao Francisco","freshwater","river",2015,2016,6,-10.2275,-36.7630555555556,"Phenacogaster franciscoensis","Phenacogaster","Characidae","Characiformes","Teleostei"
189,7,"Baixo Sao Francisco","freshwater","river",2015,2016,6,-10.2275,-36.7630555555556,"Roeboides xenodon","Roeboides","Characidae","Characiformes","Teleostei"
190,3,"Baixo Sao Francisco","freshwater","river",2015,2016,6,-10.2275,-36.7630555555556,"Serrapinnus heterodon","Serrapinnus","Characidae","Characiformes","Teleostei"
191,951,"Baixo Sao Francisco","freshwater","river",2015,2016,6,-10.2275,-36.7630555555556,"Serrapinnus piaba","Serrapinnus","Characidae","Characiformes","Teleostei"
192,13,"Baixo Sao Francisco","freshwater","river",2015,2016,6,-10.2275,-36.7630555555556,"Tetragonopterus chalceus","Tetragonopterus","Characidae","Characiformes","Teleostei"
193,2,"Baixo Sao Francisco","freshwater","river",2015,2016,6,-10.2275,-36.7630555555556,"Microphis brachyurus","Microphis","Syngnathidae","Syngnathiformes","Teleostei"
194,9,"Baixo Sao Francisco","freshwater","river",2015,2016,6,-10.2275,-36.7630555555556,"Awaous tajasica","Awaous","Gobiidae","Gobiiformes","Teleostei"
195,3,"Baixo Sao Francisco","freshwater","river",2015,2016,6,-10.2275,-36.7630555555556,"Astronotus ocellatus","Astronotus","Cichlidae","Cichliformes","Teleostei"
196,7,"Baixo Sao Francisco","freshwater","river",2015,2016,6,-10.2275,-36.7630555555556,"Cichlasoma sanctifranciscense","Cichlasoma","Cichlidae","Cichliformes","Teleostei"
197,19,"Baixo Sao Francisco","freshwater","river",2015,2016,6,-10.2275,-36.7630555555556,"Crenicichla sp.","Crenicichla","Cichlidae","Cichliformes","Teleostei"
198,327,"Baixo Sao Francisco","freshwater","river",2015,2016,6,-10.2275,-36.7630555555556,"Oreochromis niloticus","Oreochromis","Cichlidae","Cichliformes","Teleostei"
199,342,"Baixo Sao Francisco","freshwater","river",2015,2016,6,-10.2275,-36.7630555555556,"Poecilia hollandi","Poecilia","Poeciliidae","Cyprinodontiformes","Teleostei"
200,83,"Baixo Sao Francisco","freshwater","river",2015,2016,6,-10.2275,-36.7630555555556,"Poecilia vivipara","Poecilia","Poeciliidae","Cyprinodontiformes","Teleostei"
201,2,"Baixo Sao Francisco","freshwater","river",2015,2016,6,-10.2275,-36.7630555555556,"Caranx sp.","Caranx","Carangidae","Carangiformes","Teleostei"
202,33,"Jaguaribe river basin","freshwater","river",2019,2020,2,-7.12472222222222,-38.0505555555556,"Astyanax bimaculatus","Astyanax","Acestrorhamphidae","Characiformes","Teleostei"
203,24,"Jaguaribe river basin","freshwater","river",2019,2020,2,-4.87666666666667,-37.7891666666667,"Psalidodon fasciatus","Psalidodon","Acestrorhamphidae","Characiformes","Teleostei"
204,24,"Jaguaribe river basin","freshwater","river",2019,2020,2,-7.65111111111111,-38.9247222222222,"Crenicichla brasiliensis","Crenicichla","Cichlidae","Cichliformes","Teleostei"
205,24,"Jaguaribe river basin","freshwater","river",2019,2020,2,-7.12472222222222,-38.0505555555556,"Cichla monoculus","Cichla","Cichlidae","Cichliformes","Teleostei"
206,24,"Jaguaribe river basin","freshwater","river",2019,2020,2,-4.87666666666667,-37.7891666666667,"Cichlasoma orientale","Cichlasoma","Cichlidae","Cichliformes","Teleostei"
207,24,"Jaguaribe river basin","freshwater","river",2019,2020,2,-7.65111111111111,-38.9247222222222,"Cichla temensis","Cichla","Cichlidae","Cichliformes","Teleostei"
208,24,"Jaguaribe river basin","freshwater","river",2019,2020,2,-7.12472222222222,-38.0505555555556,"Hemigrammus jaguaribensis","Hemigrammus","Acestrorhamphidae","Characiformes","Teleostei"
209,24,"Jaguaribe river basin","freshwater","river",2019,2020,2,-4.87666666666667,-37.7891666666667,"Hypostomus jaguribensis","Hypostomus","Loricariidae","Siluriformes","Teleostei"
210,24,"Jaguaribe river basin","freshwater","river",2019,2020,2,-7.65111111111111,-38.9247222222222,"Hemigrammus marginatus","Hemigrammus","Acestrorhamphidae","Characiformes","Teleostei"
211,24,"Jaguaribe river basin","freshwater","river",2019,2020,2,-7.12472222222222,-38.0505555555556,"Hemigrammus rodwayi","Hemigrammus","Acestrorhamphidae","Characiformes","Teleostei"
212,24,"Jaguaribe river basin","freshwater","river",2019,2020,2,-4.87666666666667,-37.7891666666667,"Hypostomus sertanejo","Hypostomus","Loricariidae","Siluriformes","Teleostei"
213,24,"Jaguaribe river basin","freshwater","river",2019,2020,2,-7.65111111111111,-38.9247222222222,"Loricariichthys platymetopon","Loricariichthys","Loricariidae","Siluriformes","Teleostei"
214,24,"Jaguaribe river basin","freshwater","river",2019,2020,2,-7.12472222222222,-38.0505555555556,"Leporinus taeniatus","Leporinus","Anostomidae","Characiformes","Teleostei"
215,24,"Jaguaribe river basin","freshwater","river",2019,2020,2,-4.87666666666667,-37.7891666666667,"Moenkhausia intermedia","Moenkhausia","Acestrorhamphidae","Characiformes","Teleostei"
216,24,"Jaguaribe river basin","freshwater","river",2019,2020,2,-7.65111111111111,-38.9247222222222,"Oreochromis niloticus","Oreochromis","Cichlidae","Cichliformes","Teleostei"
217,24,"Jaguaribe river basin","freshwater","river",2019,2020,2,-7.12472222222222,-38.0505555555556,"Prochilodus brevis","Prochilodus","Prochilodontidae","Characiformes","Teleostei"
218,24,"Jaguaribe river basin","freshwater","river",2019,2020,2,-4.87666666666667,-37.7891666666667,"Ctenobrycon kennedyi","Ctenobrycon","Acestrorhamphidae","Characiformes","Teleostei"
219,24,"Jaguaribe river basin","freshwater","river",2019,2020,2,-7.65111111111111,-38.9247222222222,"Poecilia vivipara","Poecilia","Poeciliidae","Cyprinodontiformes","Teleostei"
220,24,"Jaguaribe river basin","freshwater","river",2019,2020,2,-7.12472222222222,-38.0505555555556,"Serrasalmus brandtii","Serrasalmus","Serrasalmidae","Characiformes","Teleostei"
221,24,"Jaguaribe river basin","freshwater","river",2019,2020,2,-4.87666666666667,-37.7891666666667,"Serrapinnus heterodon","Serrapinnus","Characidae","Characiformes","Teleostei"
222,24,"Jaguaribe river basin","freshwater","river",2019,2020,2,-7.65111111111111,-38.9247222222222,"Steindachnerina notonota","Steindachnerina","Curimatidae","Characiformes","Teleostei"
223,24,"Jaguaribe river basin","freshwater","river",2019,2020,2,-7.12472222222222,-38.0505555555556,"Serrapinnus piaba","Serrapinnus","Characidae","Characiformes","Teleostei"
224,24,"Jaguaribe river basin","freshwater","river",2019,2020,2,-4.87666666666667,-37.7891666666667,"Triportheus signatus","Triportheus","Triportheidae","Characiformes","Teleostei"
225,20,"Jaguaribe river basin","freshwater","river",2019,2020,2,-7.65111111111111,-38.9247222222222,"Astyanax bimaculatus","Astyanax","Acestrorhamphidae","Characiformes","Teleostei"
226,20,"Jaguaribe river basin","freshwater","river",2019,2020,2,-7.12472222222222,-38.0505555555556,"Psalidodon fasciatus","Psalidodon","Acestrorhamphidae","Characiformes","Teleostei"
227,20,"Jaguaribe river basin","freshwater","river",2019,2020,2,-4.87666666666667,-37.7891666666667,"Crenicichla brasiliensis","Crenicichla","Cichlidae","Cichliformes","Teleostei"
228,20,"Jaguaribe river basin","freshwater","river",2019,2020,2,-7.65111111111111,-38.9247222222222,"Cichla monoculus","Cichla","Cichlidae","Cichliformes","Teleostei"
229,20,"Jaguaribe river basin","freshwater","river",2019,2020,2,-7.12472222222222,-38.0505555555556,"Cichlasoma orientale","Cichlasoma","Cichlidae","Cichliformes","Teleostei"
230,20,"Jaguaribe river basin","freshwater","river",2019,2020,2,-4.87666666666667,-37.7891666666667,"Hemigrammus jaguaribensis","Hemigrammus","Acestrorhamphidae","Characiformes","Teleostei"
231,20,"Jaguaribe river basin","freshwater","river",2019,2020,2,-7.65111111111111,-38.9247222222222,"Hypostomus jaguribensis","Hypostomus","Loricariidae","Siluriformes","Teleostei"
232,20,"Jaguaribe river basin","freshwater","river",2019,2020,2,-7.12472222222222,-38.0505555555556,"Hemigrammus marginatus","Hemigrammus","Acestrorhamphidae","Characiformes","Teleostei"
233,20,"Jaguaribe river basin","freshwater","river",2019,2020,2,-4.87666666666667,-37.7891666666667,"Hypostomus sertanejo","Hypostomus","Loricariidae","Siluriformes","Teleostei"
234,1,"Jaguaribe river basin","freshwater","river",2019,2020,2,-7.65111111111111,-38.9247222222222,"Loricariichthys derbyi","Loricariichthys","Loricariidae","Siluriformes","Teleostei"
235,20,"Jaguaribe river basin","freshwater","river",2019,2020,2,-7.12472222222222,-38.0505555555556,"Loricariichthys platymetopon","Loricariichthys","Loricariidae","Siluriformes","Teleostei"
236,20,"Jaguaribe river basin","freshwater","river",2019,2020,2,-4.87666666666667,-37.7891666666667,"Leporinus taeniatus","Leporinus","Anostomidae","Characiformes","Teleostei"
237,20,"Jaguaribe river basin","freshwater","river",2019,2020,2,-7.65111111111111,-38.9247222222222,"Moenkhausia costae","Moenkhausia","Acestrorhamphidae","Characiformes","Teleostei"
238,20,"Jaguaribe river basin","freshwater","river",2019,2020,2,-7.12472222222222,-38.0505555555556,"Moenkhausia intermedia","Moenkhausia","Acestrorhamphidae","Characiformes","Teleostei"
239,20,"Jaguaribe river basin","freshwater","river",2019,2020,2,-4.87666666666667,-37.7891666666667,"Oreochromis niloticus","Oreochromis","Cichlidae","Cichliformes","Teleostei"
240,20,"Jaguaribe river basin","freshwater","river",2019,2020,2,-7.65111111111111,-38.9247222222222,"Prochilodus brevis","Prochilodus","Prochilodontidae","Characiformes","Teleostei"
241,20,"Jaguaribe river basin","freshwater","river",2019,2020,2,-7.12472222222222,-38.0505555555556,"Ctenobrycon kennedyi","Ctenobrycon","Acestrorhamphidae","Characiformes","Teleostei"
242,20,"Jaguaribe river basin","freshwater","river",2019,2020,2,-4.87666666666667,-37.7891666666667,"Poecilia vivipara","Poecilia","Poeciliidae","Cyprinodontiformes","Teleostei"
243,20,"Jaguaribe river basin","freshwater","river",2019,2020,2,-7.65111111111111,-38.9247222222222,"Serrasalmus brandtii","Serrasalmus","Serrasalmidae","Characiformes","Teleostei"
244,20,"Jaguaribe river basin","freshwater","river",2019,2020,2,-7.12472222222222,-38.0505555555556,"Serrapinnus heterodon","Serrapinnus","Characidae","Characiformes","Teleostei"
245,20,"Jaguaribe river basin","freshwater","river",2019,2020,2,-4.87666666666667,-37.7891666666667,"Steindachnerina notonota","Steindachnerina","Curimatidae","Characiformes","Teleostei"
246,20,"Jaguaribe river basin","freshwater","river",2019,2020,2,-7.12472222222222,-38.0505555555556,"Serrapinnus piaba","Serrapinnus","Characidae","Characiformes","Teleostei"
247,20,"Jaguaribe river basin","freshwater","river",2019,2020,2,-4.87666666666667,-37.7891666666667,"Triportheus signatus","Triportheus","Triportheidae","Characiformes","Teleostei"
248,53,"Jaguaribe river basin","freshwater","river",2019,2020,2,-7.65111111111111,-38.9247222222222,"Astyanax bimaculatus","Astyanax","Acestrorhamphidae","Characiformes","Teleostei"
249,44,"Jaguaribe river basin","freshwater","river",2019,2020,2,-7.65111111111111,-38.9247222222222,"Crenicichla brasiliensis","Crenicichla","Cichlidae","Cichliformes","Teleostei"
250,44,"Jaguaribe river basin","freshwater","river",2019,2020,2,-7.65111111111111,-38.9247222222222,"Cichla monoculus","Cichla","Cichlidae","Cichliformes","Teleostei"
251,24,"Jaguaribe river basin","freshwater","river",2019,2020,2,-7.65111111111111,-38.9247222222222,"Cichla temensis","Cichla","Cichlidae","Cichliformes","Teleostei"
252,44,"Jaguaribe river basin","freshwater","river",2019,2020,2,-7.65111111111111,-38.9247222222222,"Hemigrammus rodwayi","Hemigrammus","Acestrorhamphidae","Characiformes","Teleostei"
253,44,"Jaguaribe river basin","freshwater","river",2019,2020,2,-7.65111111111111,-38.9247222222222,"Loricariichthys platymetopon","Loricariichthys","Loricariidae","Siluriformes","Teleostei"
254,44,"Jaguaribe river basin","freshwater","river",2019,2020,2,-7.65111111111111,-38.9247222222222,"Leporinus taeniatus","Leporinus","Anostomidae","Characiformes","Teleostei"
255,20,"Jaguaribe river basin","freshwater","river",2019,2020,2,-7.65111111111111,-38.9247222222222,"Moenkhausia costae","Moenkhausia","Acestrorhamphidae","Characiformes","Teleostei"
256,44,"Jaguaribe river basin","freshwater","river",2019,2020,2,-7.65111111111111,-38.9247222222222,"Moenkhausia intermedia","Moenkhausia","Acestrorhamphidae","Characiformes","Teleostei"
257,44,"Jaguaribe river basin","freshwater","river",2019,2020,2,-7.65111111111111,-38.9247222222222,"Oreochromis niloticus","Oreochromis","Cichlidae","Cichliformes","Teleostei"
258,44,"Jaguaribe river basin","freshwater","river",2019,2020,2,-7.65111111111111,-38.9247222222222,"Prochilodus brevis","Prochilodus","Prochilodontidae","Characiformes","Teleostei"
259,44,"Jaguaribe river basin","freshwater","river",2019,2020,2,-7.65111111111111,-38.9247222222222,"Serrasalmus brandtii","Serrasalmus","Serrasalmidae","Characiformes","Teleostei"
260,44,"Jaguaribe river basin","freshwater","river",2019,2020,2,-7.65111111111111,-38.9247222222222,"Serrapinnus heterodon","Serrapinnus","Characidae","Characiformes","Teleostei"
261,44,"Jaguaribe river basin","freshwater","river",2019,2020,2,-7.65111111111111,-38.9247222222222,"Serrapinnus piaba","Serrapinnus","Characidae","Characiformes","Teleostei"
262,44,"Jaguaribe river basin","freshwater","river",2019,2020,2,-7.65111111111111,-38.9247222222222,"Triportheus signatus","Triportheus","Triportheidae","Characiformes","Teleostei"
263,53,"Jaguaribe river basin","freshwater","river",2019,2020,2,-7.12472222222222,-38.0505555555556,"Astyanax bimaculatus","Astyanax","Acestrorhamphidae","Characiformes","Teleostei"
264,44,"Jaguaribe river basin","freshwater","river",2019,2020,2,-7.12472222222222,-38.0505555555556,"Psalidodon fasciatus","Psalidodon","Acestrorhamphidae","Characiformes","Teleostei"
265,44,"Jaguaribe river basin","freshwater","river",2019,2020,2,-7.12472222222222,-38.0505555555556,"Crenicichla brasiliensis","Crenicichla","Cichlidae","Cichliformes","Teleostei"
266,44,"Jaguaribe river basin","freshwater","river",2019,2020,2,-7.12472222222222,-38.0505555555556,"Cichla monoculus","Cichla","Cichlidae","Cichliformes","Teleostei"
267,44,"Jaguaribe river basin","freshwater","river",2019,2020,2,-7.12472222222222,-38.0505555555556,"Cichlasoma orientale","Cichlasoma","Cichlidae","Cichliformes","Teleostei"
268,24,"Jaguaribe river basin","freshwater","river",2019,2020,2,-7.12472222222222,-38.0505555555556,"Cichla temensis","Cichla","Cichlidae","Cichliformes","Teleostei"
269,44,"Jaguaribe river basin","freshwater","river",2019,2020,2,-7.12472222222222,-38.0505555555556,"Hemigrammus jaguaribensis","Hemigrammus","Acestrorhamphidae","Characiformes","Teleostei"
270,44,"Jaguaribe river basin","freshwater","river",2019,2020,2,-7.12472222222222,-38.0505555555556,"Hemigrammus marginatus","Hemigrammus","Acestrorhamphidae","Characiformes","Teleostei"
271,24,"Jaguaribe river basin","freshwater","river",2019,2020,2,-7.12472222222222,-38.0505555555556,"Hemigrammus rodwayi","Hemigrammus","Acestrorhamphidae","Characiformes","Teleostei"
272,44,"Jaguaribe river basin","freshwater","river",2019,2020,2,-7.12472222222222,-38.0505555555556,"Hypostomus sertanejo","Hypostomus","Loricariidae","Siluriformes","Teleostei"
273,44,"Jaguaribe river basin","freshwater","river",2019,2020,2,-7.12472222222222,-38.0505555555556,"Loricariichthys platymetopon","Loricariichthys","Loricariidae","Siluriformes","Teleostei"
274,44,"Jaguaribe river basin","freshwater","river",2019,2020,2,-7.12472222222222,-38.0505555555556,"Leporinus taeniatus","Leporinus","Anostomidae","Characiformes","Teleostei"
275,44,"Jaguaribe river basin","freshwater","river",2019,2020,2,-7.12472222222222,-38.0505555555556,"Moenkhausia intermedia","Moenkhausia","Acestrorhamphidae","Characiformes","Teleostei"
276,44,"Jaguaribe river basin","freshwater","river",2019,2020,2,-7.12472222222222,-38.0505555555556,"Oreochromis niloticus","Oreochromis","Cichlidae","Cichliformes","Teleostei"
277,44,"Jaguaribe river basin","freshwater","river",2019,2020,2,-7.12472222222222,-38.0505555555556,"Poecilia vivipara","Poecilia","Poeciliidae","Cyprinodontiformes","Teleostei"
278,44,"Jaguaribe river basin","freshwater","river",2019,2020,2,-7.12472222222222,-38.0505555555556,"Serrasalmus brandtii","Serrasalmus","Serrasalmidae","Characiformes","Teleostei"
279,44,"Jaguaribe river basin","freshwater","river",2019,2020,2,-7.12472222222222,-38.0505555555556,"Serrapinnus heterodon","Serrapinnus","Characidae","Characiformes","Teleostei"
280,44,"Jaguaribe river basin","freshwater","river",2019,2020,2,-7.12472222222222,-38.0505555555556,"Serrapinnus piaba","Serrapinnus","Characidae","Characiformes","Teleostei"
281,44,"Jaguaribe river basin","freshwater","river",2019,2020,2,-7.12472222222222,-38.0505555555556,"Triportheus signatus","Triportheus","Triportheidae","Characiformes","Teleostei"
282,53,"Jaguaribe river basin","freshwater","river",2019,2020,2,-4.87666666666667,-37.7891666666667,"Astyanax bimaculatus","Astyanax","Acestrorhamphidae","Characiformes","Teleostei"
283,44,"Jaguaribe river basin","freshwater","river",2019,2020,2,-4.87666666666667,-37.7891666666667,"Psalidodon fasciatus","Psalidodon","Acestrorhamphidae","Characiformes","Teleostei"
284,44,"Jaguaribe river basin","freshwater","river",2019,2020,2,-4.87666666666667,-37.7891666666667,"Crenicichla brasiliensis","Crenicichla","Cichlidae","Cichliformes","Teleostei"
285,44,"Jaguaribe river basin","freshwater","river",2019,2020,2,-4.87666666666667,-37.7891666666667,"Cichla monoculus","Cichla","Cichlidae","Cichliformes","Teleostei"
286,44,"Jaguaribe river basin","freshwater","river",2019,2020,2,-4.87666666666667,-37.7891666666667,"Cichlasoma orientale","Cichlasoma","Cichlidae","Cichliformes","Teleostei"
287,44,"Jaguaribe river basin","freshwater","river",2019,2020,2,-4.87666666666667,-37.7891666666667,"Hemigrammus jaguaribensis","Hemigrammus","Acestrorhamphidae","Characiformes","Teleostei"
288,44,"Jaguaribe river basin","freshwater","river",2019,2020,2,-4.87666666666667,-37.7891666666667,"Hypostomus jaguribensis","Hypostomus","Loricariidae","Siluriformes","Teleostei"
289,44,"Jaguaribe river basin","freshwater","river",2019,2020,2,-4.87666666666667,-37.7891666666667,"Hemigrammus marginatus","Hemigrammus","Acestrorhamphidae","Characiformes","Teleostei"
290,1,"Jaguaribe river basin","freshwater","river",2019,2020,2,-4.87666666666667,-37.7891666666667,"Loricariichthys derbyi","Loricariichthys","Loricariidae","Siluriformes","Teleostei"
291,44,"Jaguaribe river basin","freshwater","river",2019,2020,2,-4.87666666666667,-37.7891666666667,"Loricariichthys platymetopon","Loricariichthys","Loricariidae","Siluriformes","Teleostei"
292,44,"Jaguaribe river basin","freshwater","river",2019,2020,2,-4.87666666666667,-37.7891666666667,"Leporinus taeniatus","Leporinus","Anostomidae","Characiformes","Teleostei"
293,20,"Jaguaribe river basin","freshwater","river",2019,2020,2,-4.87666666666667,-37.7891666666667,"Moenkhausia costae","Moenkhausia","Acestrorhamphidae","Characiformes","Teleostei"
294,44,"Jaguaribe river basin","freshwater","river",2019,2020,2,-4.87666666666667,-37.7891666666667,"Moenkhausia intermedia","Moenkhausia","Acestrorhamphidae","Characiformes","Teleostei"
295,44,"Jaguaribe river basin","freshwater","river",2019,2020,2,-4.87666666666667,-37.7891666666667,"Oreochromis niloticus","Oreochromis","Cichlidae","Cichliformes","Teleostei"
296,44,"Jaguaribe river basin","freshwater","river",2019,2020,2,-4.87666666666667,-37.7891666666667,"Prochilodus brevis","Prochilodus","Prochilodontidae","Characiformes","Teleostei"
297,44,"Jaguaribe river basin","freshwater","river",2019,2020,2,-4.87666666666667,-37.7891666666667,"Ctenobrycon kennedyi","Ctenobrycon","Acestrorhamphidae","Characiformes","Teleostei"
298,44,"Jaguaribe river basin","freshwater","river",2019,2020,2,-4.87666666666667,-37.7891666666667,"Poecilia vivipara","Poecilia","Poeciliidae","Cyprinodontiformes","Teleostei"
299,44,"Jaguaribe river basin","freshwater","river",2019,2020,2,-4.87666666666667,-37.7891666666667,"Serrasalmus brandtii","Serrasalmus","Serrasalmidae","Characiformes","Teleostei"
300,44,"Jaguaribe river basin","freshwater","river",2019,2020,2,-4.87666666666667,-37.7891666666667,"Serrapinnus heterodon","Serrapinnus","Characidae","Characiformes","Teleostei"
301,44,"Jaguaribe river basin","freshwater","river",2019,2020,2,-4.87666666666667,-37.7891666666667,"Steindachnerina notonota","Steindachnerina","Curimatidae","Characiformes","Teleostei"
302,44,"Jaguaribe river basin","freshwater","river",2019,2020,2,-4.87666666666667,-37.7891666666667,"Serrapinnus piaba","Serrapinnus","Characidae","Characiformes","Teleostei"
303,44,"Jaguaribe river basin","freshwater","river",2019,2020,2,-4.87666666666667,-37.7891666666667,"Triportheus signatus","Triportheus","Triportheidae","Characiformes","Teleostei"
304,89,"Acude Pereira de Miranda","freshwater","reservoir",1994,1995,12,-3.81611111111111,-39.2480555555556,"Cichla ocellaris","Cichla","Cichlidae","Cichliformes","Teleostei"
305,35,"Acude Pereira de Miranda","freshwater","reservoir",1994,1995,12,-3.81611111111111,-39.2480555555556,"Cichla ocellaris","Cichla","Cichlidae","Cichliformes","Teleostei"
306,3,"Acude Pereira de Miranda","freshwater","reservoir",1994,1995,12,-3.81611111111111,-39.2480555555556,"Cichla ocellaris","Cichla","Cichlidae","Cichliformes","Teleostei"
307,10,"Acude Pereira de Miranda","freshwater","reservoir",1994,1995,12,-3.81611111111111,-39.2480555555556,"Cichla ocellaris","Cichla","Cichlidae","Cichliformes","Teleostei"
308,4,"Acude Pereira de Miranda","freshwater","reservoir",1994,1995,12,-3.81611111111111,-39.2480555555556,"Cichla ocellaris","Cichla","Cichlidae","Cichliformes","Teleostei"
309,13,"Acude Pereira de Miranda","freshwater","reservoir",1994,1995,12,-3.81611111111111,-39.2480555555556,"Cichla ocellaris","Cichla","Cichlidae","Cichliformes","Teleostei"
310,21,"Acude Pereira de Miranda","freshwater","reservoir",1994,1995,12,-3.81611111111111,-39.2480555555556,"Cichla ocellaris","Cichla","Cichlidae","Cichliformes","Teleostei"
311,11,"Acude Pereira de Miranda","freshwater","reservoir",1994,1995,12,-3.81611111111111,-39.2480555555556,"Cichla ocellaris","Cichla","Cichlidae","Cichliformes","Teleostei"
312,16,"Acude Pereira de Miranda","freshwater","reservoir",1994,1995,12,-3.81611111111111,-39.2480555555556,"Cichla ocellaris","Cichla","Cichlidae","Cichliformes","Teleostei"
313,15,"Acude Pereira de Miranda","freshwater","reservoir",1994,1995,12,-3.81611111111111,-39.2480555555556,"Cichla ocellaris","Cichla","Cichlidae","Cichliformes","Teleostei"
314,16,"Acude Pereira de Miranda","freshwater","reservoir",1994,1995,12,-3.81611111111111,-39.2480555555556,"Cichla ocellaris","Cichla","Cichlidae","Cichliformes","Teleostei"
315,5,"Acude Pereira de Miranda","freshwater","reservoir",1994,1995,12,-3.81611111111111,-39.2480555555556,"Cichla ocellaris","Cichla","Cichlidae","Cichliformes","Teleostei"
316,5,"Acude Pereira de Miranda","freshwater","reservoir",1994,1995,12,-3.81611111111111,-39.2480555555556,"Cichla ocellaris","Cichla","Cichlidae","Cichliformes","Teleostei"
317,5,"Acude Pereira de Miranda","freshwater","reservoir",1994,1995,12,-3.81611111111111,-39.2480555555556,"Cichla ocellaris","Cichla","Cichlidae","Cichliformes","Teleostei"
318,95,"Acude Pereira de Miranda","freshwater","reservoir",1994,1995,12,-3.81611111111111,-39.2480555555556,"Pterengraulis atherinoides","Pterengraulis","Engraulidae","Clupeiformes","Teleostei"
319,112,"Acude Pereira de Miranda","freshwater","reservoir",1994,1995,12,-3.81611111111111,-39.2480555555556,"Pterengraulis atherinoides","Pterengraulis","Engraulidae","Clupeiformes","Teleostei"
320,24,"Acude Pereira de Miranda","freshwater","reservoir",1994,1995,12,-3.81611111111111,-39.2480555555556,"Pterengraulis atherinoides","Pterengraulis","Engraulidae","Clupeiformes","Teleostei"
321,28,"Acude Pereira de Miranda","freshwater","reservoir",1994,1995,12,-3.81611111111111,-39.2480555555556,"Pterengraulis atherinoides","Pterengraulis","Engraulidae","Clupeiformes","Teleostei"
322,30,"Acude Pereira de Miranda","freshwater","reservoir",1994,1995,12,-3.81611111111111,-39.2480555555556,"Pterengraulis atherinoides","Pterengraulis","Engraulidae","Clupeiformes","Teleostei"
323,16,"Acude Pereira de Miranda","freshwater","reservoir",1994,1995,12,-3.81611111111111,-39.2480555555556,"Pterengraulis atherinoides","Pterengraulis","Engraulidae","Clupeiformes","Teleostei"
324,25,"Acude Pereira de Miranda","freshwater","reservoir",1994,1995,12,-3.81611111111111,-39.2480555555556,"Pterengraulis atherinoides","Pterengraulis","Engraulidae","Clupeiformes","Teleostei"
325,24,"Acude Pereira de Miranda","freshwater","reservoir",1994,1995,12,-3.81611111111111,-39.2480555555556,"Pterengraulis atherinoides","Pterengraulis","Engraulidae","Clupeiformes","Teleostei"
326,18,"Acude Pereira de Miranda","freshwater","reservoir",1994,1995,12,-3.81611111111111,-39.2480555555556,"Pterengraulis atherinoides","Pterengraulis","Engraulidae","Clupeiformes","Teleostei"
327,24,"Acude Pereira de Miranda","freshwater","reservoir",1994,1995,12,-3.81611111111111,-39.2480555555556,"Pterengraulis atherinoides","Pterengraulis","Engraulidae","Clupeiformes","Teleostei"
328,1,"Acude Pereira de Miranda","freshwater","reservoir",1994,1995,12,-3.81611111111111,-39.2480555555556,"Pterengraulis atherinoides","Pterengraulis","Engraulidae","Clupeiformes","Teleostei"
329,6,"Acude Pereira de Miranda","freshwater","reservoir",1994,1995,12,-3.81611111111111,-39.2480555555556,"Pterengraulis atherinoides","Pterengraulis","Engraulidae","Clupeiformes","Teleostei"
330,1,"Acude Pereira de Miranda","freshwater","reservoir",1994,1995,12,-3.81611111111111,-39.2480555555556,"Pterengraulis atherinoides","Pterengraulis","Engraulidae","Clupeiformes","Teleostei"
331,8,"Acude Pereira de Miranda","freshwater","reservoir",1994,1995,12,-3.81611111111111,-39.2480555555556,"Pterengraulis atherinoides","Pterengraulis","Engraulidae","Clupeiformes","Teleostei"
332,67,"Acude Pereira de Miranda","freshwater","reservoir",1994,1995,12,-3.81611111111111,-39.2480555555556,"Hoplias malabaricus","Hoplias","Erythrinidae","Characiformes","Teleostei"
333,35,"Acude Pereira de Miranda","freshwater","reservoir",1994,1995,12,-3.81611111111111,-39.2480555555556,"Hoplias malabaricus","Hoplias","Erythrinidae","Characiformes","Teleostei"
334,2,"Acude Pereira de Miranda","freshwater","reservoir",1994,1995,12,-3.81611111111111,-39.2480555555556,"Hoplias malabaricus","Hoplias","Erythrinidae","Characiformes","Teleostei"
335,3,"Acude Pereira de Miranda","freshwater","reservoir",1994,1995,12,-3.81611111111111,-39.2480555555556,"Hoplias malabaricus","Hoplias","Erythrinidae","Characiformes","Teleostei"
336,2,"Acude Pereira de Miranda","freshwater","reservoir",1994,1995,12,-3.81611111111111,-39.2480555555556,"Hoplias malabaricus","Hoplias","Erythrinidae","Characiformes","Teleostei"
337,9,"Acude Pereira de Miranda","freshwater","reservoir",1994,1995,12,-3.81611111111111,-39.2480555555556,"Hoplias malabaricus","Hoplias","Erythrinidae","Characiformes","Teleostei"
338,8,"Acude Pereira de Miranda","freshwater","reservoir",1994,1995,12,-3.81611111111111,-39.2480555555556,"Hoplias malabaricus","Hoplias","Erythrinidae","Characiformes","Teleostei"
339,7,"Acude Pereira de Miranda","freshwater","reservoir",1994,1995,12,-3.81611111111111,-39.2480555555556,"Hoplias malabaricus","Hoplias","Erythrinidae","Characiformes","Teleostei"
340,11,"Acude Pereira de Miranda","freshwater","reservoir",1994,1995,12,-3.81611111111111,-39.2480555555556,"Hoplias malabaricus","Hoplias","Erythrinidae","Characiformes","Teleostei"
341,21,"Acude Pereira de Miranda","freshwater","reservoir",1994,1995,12,-3.81611111111111,-39.2480555555556,"Hoplias malabaricus","Hoplias","Erythrinidae","Characiformes","Teleostei"
342,15,"Acude Pereira de Miranda","freshwater","reservoir",1994,1995,12,-3.81611111111111,-39.2480555555556,"Hoplias malabaricus","Hoplias","Erythrinidae","Characiformes","Teleostei"
343,9,"Acude Pereira de Miranda","freshwater","reservoir",1994,1995,12,-3.81611111111111,-39.2480555555556,"Hoplias malabaricus","Hoplias","Erythrinidae","Characiformes","Teleostei"
344,3,"Acude Pereira de Miranda","freshwater","reservoir",1994,1995,12,-3.81611111111111,-39.2480555555556,"Hoplias malabaricus","Hoplias","Erythrinidae","Characiformes","Teleostei"
345,12,"Acude Pereira de Miranda","freshwater","reservoir",1994,1995,12,-3.81611111111111,-39.2480555555556,"Hoplias malabaricus","Hoplias","Erythrinidae","Characiformes","Teleostei"
346,179,"Acude Pereira de Miranda","freshwater","reservoir",1994,1995,12,-3.81611111111111,-39.2480555555556,"Plagioscion squamosissimus","Plagioscion","Sciaenidae","Eupercaria/misc","Teleostei"
347,64,"Acude Pereira de Miranda","freshwater","reservoir",1994,1995,12,-3.81611111111111,-39.2480555555556,"Plagioscion squamosissimus","Plagioscion","Sciaenidae","Eupercaria/misc","Teleostei"
348,21,"Acude Pereira de Miranda","freshwater","reservoir",1994,1995,12,-3.81611111111111,-39.2480555555556,"Plagioscion squamosissimus","Plagioscion","Sciaenidae","Eupercaria/misc","Teleostei"
349,29,"Acude Pereira de Miranda","freshwater","reservoir",1994,1995,12,-3.81611111111111,-39.2480555555556,"Plagioscion squamosissimus","Plagioscion","Sciaenidae","Eupercaria/misc","Teleostei"
350,21,"Acude Pereira de Miranda","freshwater","reservoir",1994,1995,12,-3.81611111111111,-39.2480555555556,"Plagioscion squamosissimus","Plagioscion","Sciaenidae","Eupercaria/misc","Teleostei"
351,36,"Acude Pereira de Miranda","freshwater","reservoir",1994,1995,12,-3.81611111111111,-39.2480555555556,"Plagioscion squamosissimus","Plagioscion","Sciaenidae","Eupercaria/misc","Teleostei"
352,25,"Acude Pereira de Miranda","freshwater","reservoir",1994,1995,12,-3.81611111111111,-39.2480555555556,"Plagioscion squamosissimus","Plagioscion","Sciaenidae","Eupercaria/misc","Teleostei"
353,48,"Acude Pereira de Miranda","freshwater","reservoir",1994,1995,12,-3.81611111111111,-39.2480555555556,"Plagioscion squamosissimus","Plagioscion","Sciaenidae","Eupercaria/misc","Teleostei"
354,27,"Acude Pereira de Miranda","freshwater","reservoir",1994,1995,12,-3.81611111111111,-39.2480555555556,"Plagioscion squamosissimus","Plagioscion","Sciaenidae","Eupercaria/misc","Teleostei"
355,27,"Acude Pereira de Miranda","freshwater","reservoir",1994,1995,12,-3.81611111111111,-39.2480555555556,"Plagioscion squamosissimus","Plagioscion","Sciaenidae","Eupercaria/misc","Teleostei"
356,8,"Acude Pereira de Miranda","freshwater","reservoir",1994,1995,12,-3.81611111111111,-39.2480555555556,"Plagioscion squamosissimus","Plagioscion","Sciaenidae","Eupercaria/misc","Teleostei"
357,1,"Acude Pereira de Miranda","freshwater","reservoir",1994,1995,12,-3.81611111111111,-39.2480555555556,"Plagioscion squamosissimus","Plagioscion","Sciaenidae","Eupercaria/misc","Teleostei"
358,28,"Gurjao reservoir","freshwater","reservoir",2006,2006,2,-8.70361111111111,-36.6097222222222,"Oreochromis niloticus","Oreochromis","Cichlidae","Cichliformes","Teleostei"
359,16,"Gurjao reservoir","freshwater","reservoir",2006,2006,2,-8.70361111111111,-36.6097222222222,"Parachromis managuensis","Parachromis","Cichlidae","Cichliformes","Teleostei"
360,20,"Gurjao reservoir","freshwater","reservoir",2006,2006,2,-8.70361111111111,-36.6097222222222,"Geophagus brasiliensis","Geophagus","Cichlidae","Cichliformes","Teleostei"
361,56,"Picos; Valenca do Piaui; Santa Cruz dos Milagres; Urucui","freshwater","river",2009,2010,4,NA,-41.6,"Potamotrygon signata","Potamotrygon","Potamotrygonidae","Myliobatiformes","Elasmobranchii"
362,148,"Chapada Diamantina caves, Bahia, Brazil","freshwater","cave lentic system",2004,2009,NA,NA,NA,"Rhamdiopsis krugi","Rhamdiopsis","Heptapteridae","Siluriformes","Teleostei"
363,6,"Taperoa, Paraiba","freshwater","reservoir",2005,2006,3,-7.19555555555556,-36.8675,"Hoplias aff. malabaricus","Hoplias","Erythrinidae","Characiformes","Teleostei"
364,23,"Taperoa, Paraiba","freshwater","reservoir",2005,2006,3,-7.19555555555556,-36.8675,"Hoplias aff. malabaricus","Hoplias","Erythrinidae","Characiformes","Teleostei"
365,9,"Taperoa, Paraiba","freshwater","reservoir",2005,2006,3,-7.19555555555556,-36.8675,"Hoplias aff. malabaricus","Hoplias","Erythrinidae","Characiformes","Teleostei"
366,7,"Taperoa, Paraiba","freshwater","reservoir",2005,2006,3,-7.19555555555556,-36.8675,"Hoplias aff. malabaricus","Hoplias","Erythrinidae","Characiformes","Teleostei"
367,7,"Taperoa, Paraiba","freshwater","reservoir",2005,2006,3,-7.19555555555556,-36.8675,"Hoplias aff. malabaricus","Hoplias","Erythrinidae","Characiformes","Teleostei"
368,7,"Taperoa, Paraiba","freshwater","reservoir",2005,2006,3,-7.19555555555556,-36.8675,"Hoplias aff. malabaricus","Hoplias","Erythrinidae","Characiformes","Teleostei"
369,88,"Taperoa","freshwater","reservoir",2005,2005,3,-7.20111111111111,-36.8388888888889,"Steindachnerina notonota","Steindachnerina","Curimatidae","Characiformes","Teleostei"
370,27,"Taperoa","freshwater","reservoir",2006,2006,3,-7.20111111111111,-36.8388888888889,"Steindachnerina notonota","Steindachnerina","Curimatidae","Characiformes","Teleostei"
371,5,"Taperoa","freshwater","reservoir",2006,2006,3,-7.20111111111111,-36.8388888888889,"Steindachnerina notonota","Steindachnerina","Curimatidae","Characiformes","Teleostei"
372,1,"Parque municipal Cachoeira do Bota fora","freshwater","stream",2007,2007,1,-4.26666666666667,-41.7666666666667,"Hoplias malabaricus","Hoplias","Erythrinidae","Characiformes","Teleostei"
373,50,"Sao Francisco River basin","freshwater","reservoir",2002,2002,4,-16.75,-43.6833333333333,"Curimatella lepidura","Curimatella","Curimatidae","Characiformes","Teleostei"
374,50,"Sao Francisco River basin","freshwater","reservoir",2002,2002,4,-16.75,-43.6833333333333,"Curimatella lepidura","Curimatella","Curimatidae","Characiformes","Teleostei"
375,122,"Tubarao","freshwater","estuary",2012,2012,4,-5.07694444444444,-36.4566666666667,"Lutjanus analis","Lutjanus","Lutjanidae","Eupercaria/misc","Teleostei"
376,56,"Tubarao","freshwater","estuary",2012,2012,4,-5.07694444444444,-36.4566666666667,"Lutjanus analis","Lutjanus","Lutjanidae","Eupercaria/misc","Teleostei"
377,41,"Tubarao","freshwater","estuary",2012,2012,4,-5.07694444444444,-36.4566666666667,"Lutjanus analis","Lutjanus","Lutjanidae","Eupercaria/misc","Teleostei"
378,7,"Tubarao","freshwater","estuary",2012,2012,4,-5.07694444444444,-36.4566666666667,"Lutjanus analis","Lutjanus","Lutjanidae","Eupercaria/misc","Teleostei"
379,79,"Tubarao","freshwater","estuary",2012,2012,4,-5.07694444444444,-36.4566666666667,"Lutjanus analis","Lutjanus","Lutjanidae","Eupercaria/misc","Teleostei"
380,83,"Tubarao","freshwater","estuary",2012,2012,4,-5.07694444444444,-36.4566666666667,"Lutjanus analis","Lutjanus","Lutjanidae","Eupercaria/misc","Teleostei"
381,8,"Tubarao","freshwater","estuary",2012,2012,4,-5.07694444444444,-36.4566666666667,"Lutjanus analis","Lutjanus","Lutjanidae","Eupercaria/misc","Teleostei"
382,5,"Tubarao","freshwater","estuary",2012,2012,4,-5.07694444444444,-36.4566666666667,"Lutjanus analis","Lutjanus","Lutjanidae","Eupercaria/misc","Teleostei"
383,49,"Tubarao","freshwater","estuary",2012,2012,4,-5.07694444444444,-36.4566666666667,"Lutjanus jocu","Lutjanus","Lutjanidae","Eupercaria/misc","Teleostei"
384,49,"Tubarao","freshwater","estuary",2012,2012,4,-5.07694444444444,-36.4566666666667,"Lutjanus jocu","Lutjanus","Lutjanidae","Eupercaria/misc","Teleostei"
385,49,"Tubarao","freshwater","estuary",2012,2012,4,-5.07694444444444,-36.4566666666667,"Lutjanus jocu","Lutjanus","Lutjanidae","Eupercaria/misc","Teleostei"
386,49,"Tubarao","freshwater","estuary",2012,2012,4,-5.07694444444444,-36.4566666666667,"Lutjanus jocu","Lutjanus","Lutjanidae","Eupercaria/misc","Teleostei"
387,49,"Tubarao","freshwater","estuary",2012,2012,4,-5.07694444444444,-36.4566666666667,"Lutjanus jocu","Lutjanus","Lutjanidae","Eupercaria/misc","Teleostei"
388,49,"Tubarao","freshwater","estuary",2012,2012,4,-5.07694444444444,-36.4566666666667,"Lutjanus jocu","Lutjanus","Lutjanidae","Eupercaria/misc","Teleostei"
389,34,"Tubarao","freshwater","estuary",2012,2012,4,-5.07694444444444,-36.4566666666667,"Lutjanus alexandrei","Lutjanus","Lutjanidae","Eupercaria/misc","Teleostei"
390,22,"Tubarao","freshwater","estuary",2012,2012,4,-5.07694444444444,-36.4566666666667,"Lutjanus alexandrei","Lutjanus","Lutjanidae","Eupercaria/misc","Teleostei"
391,12,"Tubarao","freshwater","estuary",2012,2012,4,-5.07694444444444,-36.4566666666667,"Lutjanus alexandrei","Lutjanus","Lutjanidae","Eupercaria/misc","Teleostei"
392,3,"Tubarao","freshwater","estuary",2012,2012,4,-5.07694444444444,-36.4566666666667,"Lutjanus alexandrei","Lutjanus","Lutjanidae","Eupercaria/misc","Teleostei"
393,15,"Tubarao","freshwater","estuary",2012,2012,4,-5.07694444444444,-36.4566666666667,"Lutjanus alexandrei","Lutjanus","Lutjanidae","Eupercaria/misc","Teleostei"
394,26,"Tubarao","freshwater","estuary",2012,2012,4,-5.07694444444444,-36.4566666666667,"Lutjanus alexandrei","Lutjanus","Lutjanidae","Eupercaria/misc","Teleostei"
395,41,"Tubarao","freshwater","estuary",2012,2012,4,-5.07694444444444,-36.4566666666667,"Lutjanus synagris","Lutjanus","Lutjanidae","Eupercaria/misc","Teleostei"
396,4,"Tubarao","freshwater","estuary",2012,2012,4,-5.07694444444444,-36.4566666666667,"Lutjanus synagris","Lutjanus","Lutjanidae","Eupercaria/misc","Teleostei"
397,32,"Tubarao","freshwater","estuary",2012,2012,4,-5.07694444444444,-36.4566666666667,"Lutjanus synagris","Lutjanus","Lutjanidae","Eupercaria/misc","Teleostei"
398,20,"Tubarao","freshwater","estuary",2012,2012,4,-5.07694444444444,-36.4566666666667,"Lutjanus synagris","Lutjanus","Lutjanidae","Eupercaria/misc","Teleostei"
399,9,"Tubarao","freshwater","estuary",2012,2012,4,-5.07694444444444,-36.4566666666667,"Lutjanus synagris","Lutjanus","Lutjanidae","Eupercaria/misc","Teleostei"
400,12,"Bacia do rio Cachoeira (rios Colonia, Piabanha e Salgado)","freshwater","river",2007,2007,1,-14.3833333333333,-38.9333333333333,"Characidium aff. zebra","Characidium","Crenuchidae","Characiformes","Teleostei"
401,12,"Bacia do rio Cachoeira (rios Colonia, Piabanha e Salgado)","freshwater","river",2007,2007,1,-14.3833333333333,-38.9333333333333,"Trichomycterus bahianus","Trichomycterus","Trichomycteridae","Siluriformes","Teleostei"
402,12,"Bacia do rio Cachoeira (rios Colonia, Piabanha e Salgado)","freshwater","river",2007,2007,1,-14.3833333333333,-38.9333333333333,"Trichomycterus bahianus","Trichomycterus","Trichomycteridae","Siluriformes","Teleostei"
403,30,"Santa Cruz Reservoir","freshwater","reservoir",2011,2014,16,-5.77138888888889,-37.8125,"Plagioscion squamosissimus","Plagioscion","Sciaenidae","Eupercaria/misc","Teleostei"
404,44,"Santa Cruz Reservoir","freshwater","reservoir",2011,2014,16,-5.77138888888889,-37.8125,"Plagioscion squamosissimus","Plagioscion","Sciaenidae","Eupercaria/misc","Teleostei"
405,36,"Santa Cruz Reservoir","freshwater","reservoir",2011,2014,16,-5.77138888888889,-37.8125,"Plagioscion squamosissimus","Plagioscion","Sciaenidae","Eupercaria/misc","Teleostei"
406,9,"Santa Cruz Reservoir","freshwater","reservoir",2011,2014,16,-5.77138888888889,-37.8125,"Plagioscion squamosissimus","Plagioscion","Sciaenidae","Eupercaria/misc","Teleostei"
407,10,"Santa Cruz Reservoir","freshwater","reservoir",2011,2014,16,-5.77138888888889,-37.8125,"Plagioscion squamosissimus","Plagioscion","Sciaenidae","Eupercaria/misc","Teleostei"
408,34,"Santa Cruz Reservoir","freshwater","reservoir",2011,2014,16,-5.77138888888889,-37.8125,"Plagioscion squamosissimus","Plagioscion","Sciaenidae","Eupercaria/misc","Teleostei"
409,20,"Santa Cruz Reservoir","freshwater","reservoir",2011,2014,16,-5.77138888888889,-37.8125,"Plagioscion squamosissimus","Plagioscion","Sciaenidae","Eupercaria/misc","Teleostei"
410,23,"Santa Cruz Reservoir","freshwater","reservoir",2011,2014,16,-5.77138888888889,-37.8125,"Plagioscion squamosissimus","Plagioscion","Sciaenidae","Eupercaria/misc","Teleostei"
411,19,"Santa Cruz Reservoir","freshwater","reservoir",2011,2014,16,-5.77138888888889,-37.8125,"Plagioscion squamosissimus","Plagioscion","Sciaenidae","Eupercaria/misc","Teleostei"
412,19,"Santa Cruz Reservoir","freshwater","reservoir",2011,2014,16,-5.77138888888889,-37.8125,"Plagioscion squamosissimus","Plagioscion","Sciaenidae","Eupercaria/misc","Teleostei"
413,8,"Santa Cruz Reservoir","freshwater","reservoir",2011,2014,16,-5.77138888888889,-37.8125,"Plagioscion squamosissimus","Plagioscion","Sciaenidae","Eupercaria/misc","Teleostei"
414,12,"Santa Cruz Reservoir","freshwater","reservoir",2011,2014,16,-5.77138888888889,-37.8125,"Plagioscion squamosissimus","Plagioscion","Sciaenidae","Eupercaria/misc","Teleostei"
415,5,"Santa Cruz Reservoir","freshwater","reservoir",2011,2014,16,-5.77138888888889,-37.8125,"Plagioscion squamosissimus","Plagioscion","Sciaenidae","Eupercaria/misc","Teleostei"
416,40,"Santa Cruz Reservoir","freshwater","reservoir",2011,2014,16,-5.77138888888889,-37.8125,"Plagioscion squamosissimus","Plagioscion","Sciaenidae","Eupercaria/misc","Teleostei"
417,6,"Santa Cruz Reservoir","freshwater","reservoir",2011,2014,16,-5.77138888888889,-37.8125,"Plagioscion squamosissimus","Plagioscion","Sciaenidae","Eupercaria/misc","Teleostei"
418,60,"Santa Cruz Reservoir","freshwater","reservoir",2011,2014,16,-5.77138888888889,-37.8125,"Plagioscion squamosissimus","Plagioscion","Sciaenidae","Eupercaria/misc","Teleostei"
419,110,"Tubarao River estuary","freshwater","river",2012,2012,4,-5.07694444444444,-36.4566666666667,"Sphoeroides greeleyi","Sphoeroides","Tetraodontidae","Tetraodontiformes","Teleostei"
420,284,"Tubarao River estuary","freshwater","river",2012,2012,4,-5.07694444444444,-36.4566666666667,"Sphoeroides greeleyi","Sphoeroides","Tetraodontidae","Tetraodontiformes","Teleostei"
421,380,"Tubarao River estuary","freshwater","river",2012,2012,4,-5.07694444444444,-36.4566666666667,"Sphoeroides greeleyi","Sphoeroides","Tetraodontidae","Tetraodontiformes","Teleostei"
422,33,"Tubarao River estuary","freshwater","river",2012,2012,4,-5.07694444444444,-36.4566666666667,"Sphoeroides testudineus","Sphoeroides","Tetraodontidae","Tetraodontiformes","Teleostei"
423,36,"Tubarao River estuary","freshwater","river",2012,2012,4,-5.07694444444444,-36.4566666666667,"Sphoeroides testudineus","Sphoeroides","Tetraodontidae","Tetraodontiformes","Teleostei"
424,103,"Tubarao River estuary","freshwater","river",2012,2012,4,-5.07694444444444,-36.4566666666667,"Sphoeroides testudineus","Sphoeroides","Tetraodontidae","Tetraodontiformes","Teleostei"
425,14,"Sao Francisco river basin, Minas Gerais state","freshwater","river",1998,2000,13,-17.3333333333333,-44.9333333333333,"Brycon orthotaenia","Brycon","Bryconidae","Characiformes","Teleostei"
426,5,"Sao Francisco river basin, Minas Gerais state","freshwater","river",1998,2000,13,-17.3333333333333,-44.9333333333333,"Brycon orthotaenia","Brycon","Bryconidae","Characiformes","Teleostei"
427,1124,"Mamanguape","freshwater","estuary",2012,2012,4,-6.71722222222222,-36.1294444444444,"Atherinella brasiliensis","Atherinella","Atherinopsidae","Atheriniformes","Teleostei"
428,1124,"Mamanguape","freshwater","estuary",2012,2012,4,-6.71722222222222,-36.1294444444444,"Atherinella brasiliensis","Atherinella","Atherinopsidae","Atheriniformes","Teleostei"
429,1124,"Mamanguape","freshwater","estuary",2012,2012,4,-6.71722222222222,-36.1294444444444,"Atherinella brasiliensis","Atherinella","Atherinopsidae","Atheriniformes","Teleostei"
430,1124,"Mamanguape","freshwater","estuary",2012,2012,4,-6.71722222222222,-36.1294444444444,"Atherinella brasiliensis","Atherinella","Atherinopsidae","Atheriniformes","Teleostei"
431,1425,"Tubarao","freshwater","estuary",2012,2012,4,-5.07694444444444,-36.4566666666667,"Atherinella brasiliensis","Atherinella","Atherinopsidae","Atheriniformes","Teleostei"
432,1425,"Tubarao","freshwater","estuary",2012,2012,4,-5.07694444444444,-36.4566666666667,"Atherinella brasiliensis","Atherinella","Atherinopsidae","Atheriniformes","Teleostei"
433,1425,"Tubarao","freshwater","estuary",2012,2012,4,-5.07694444444444,-36.4566666666667,"Atherinella brasiliensis","Atherinella","Atherinopsidae","Atheriniformes","Teleostei"
434,1425,"Tubarao","freshwater","estuary",2012,2012,4,-5.07694444444444,-36.4566666666667,"Atherinella brasiliensis","Atherinella","Atherinopsidae","Atheriniformes","Teleostei"
435,46,"Fortaleza","freshwater","river",2011,2012,NA,-7.49361111111111,-39.3675,"Hoplias malabaricus","Hoplias","Erythrinidae","Characiformes","Teleostei"
436,24,"Flechas","freshwater","reservoir",2011,2012,6,-6.30527777777778,-38.2505555555556,"Curimatella lepidura","Curimatella","Curimatidae","Characiformes","Teleostei"
437,19,"Pau dos Ferros","freshwater","reservoir",2011,2012,6,-6.14611111111111,-38.1905555555556,"Curimatella lepidura","Curimatella","Curimatidae","Characiformes","Teleostei"
438,24,"Santa Cruz","freshwater","reservoir",2011,2012,6,-5.76444444444444,-37.8002777777778,"Curimatella lepidura","Curimatella","Curimatidae","Characiformes","Teleostei"
439,12,"Angico","freshwater","reservoir",2011,2012,6,-6.35583333333333,-38.2763888888889,"Prochilodus brevis","Prochilodus","Prochilodontidae","Characiformes","Teleostei"
440,10,"Flechas","freshwater","reservoir",2011,2012,6,-6.30527777777778,-38.2505555555556,"Prochilodus brevis","Prochilodus","Prochilodontidae","Characiformes","Teleostei"
441,8,"Pau dos Ferros","freshwater","reservoir",2011,2012,6,-6.14611111111111,-38.1905555555556,"Prochilodus brevis","Prochilodus","Prochilodontidae","Characiformes","Teleostei"
442,15,"Santa Cruz","freshwater","reservoir",2011,2012,6,-5.76444444444444,-37.8002777777778,"Prochilodus brevis","Prochilodus","Prochilodontidae","Characiformes","Teleostei"
443,6,"Contas River basin","freshwater","river",2013,2013,2,-13.5,-41.85,"Apareiodon cf. itapicuruensis","Apareiodon","Parodontidae","Characiformes","Teleostei"
444,52,"Contas River basin","freshwater","river",2013,2013,2,-13.5,-41.85,"Psalidodon gr. fasciatus","Psalidodon","Acestrorhamphidae","Characiformes","Teleostei"
445,12,"Contas River basin","freshwater","river",2013,2013,2,-13.5,-41.85,"Astyanax gr. bimaculatus","Astyanax","Acestrorhamphidae","Characiformes","Teleostei"
446,84,"Contas River basin","freshwater","river",2013,2013,2,-13.5,-41.85,"Deuterodon aff. burgerai","Deuterodon","Acestrorhamphidae","Characiformes","Teleostei"
447,17,"Contas River basin","freshwater","river",2013,2013,2,-13.5,-41.85,"Cetopsorhamdia sp","Cetopsorhamdia","Heptapteridae","Siluriformes","Teleostei"
448,30,"Contas River basin","freshwater","river",2013,2013,2,-13.5,-41.85,"Characidium sp1","Characidium","Crenuchidae","Characiformes","Teleostei"
449,35,"Contas River basin","freshwater","river",2013,2013,2,-13.5,-41.85,"Characidium sp2","Characidium","Crenuchidae","Characiformes","Teleostei"
450,6,"Contas River basin","freshwater","river",2013,2013,2,-13.5,-41.85,"Cyphocharax pinnilepis","Cyphocharax","Curimatidae","Characiformes","Teleostei"
451,12,"Contas River basin","freshwater","river",2013,2013,2,-13.5,-41.85,"Geophagus gr. brasiliensis","Geophagus","Cichlidae","Cichliformes","Teleostei"
452,9,"Contas River basin","freshwater","river",2013,2013,2,-13.5,-41.85,"Hemigrammus marginatus","Hemigrammus","Acestrorhamphidae","Characiformes","Teleostei"
453,11,"Contas River basin","freshwater","river",2013,2013,2,-13.5,-41.85,"Hoplias gr. malabaricus","Hoplias","Erythrinidae","Characiformes","Teleostei"
454,14,"Contas River basin","freshwater","river",2013,2013,2,-13.5,-41.85,"Hyphessobrycon brumado","Hyphessobrycon","Acestrorhamphidae","Characiformes","Teleostei"
455,138,"Contas River basin","freshwater","river",2013,2013,2,-13.5,-41.85,"Hypostomus sp1","Hypostomus","Loricariidae","Siluriformes","Teleostei"
456,28,"Contas River basin","freshwater","river",2013,2013,2,-13.5,-41.85,"Hypostomus sp2","Hypostomus","Loricariidae","Siluriformes","Teleostei"
457,80,"Contas River basin","freshwater","river",2013,2013,2,-13.5,-41.85,"Hypostomus sp3","Hypostomus","Loricariidae","Siluriformes","Teleostei"
458,29,"Contas River basin","freshwater","river",2013,2013,2,-13.5,-41.85,"Pareiorhaphis sp1","Pareiorhaphis","Loricariidae","Siluriformes","Teleostei"
459,97,"Contas River basin","freshwater","river",2013,2013,2,-13.5,-41.85,"Pareiorhaphis sp2","Pareiorhaphis","Loricariidae","Siluriformes","Teleostei"
460,94,"Contas River basin","freshwater","river",2013,2013,2,-13.5,-41.85,"Parotocinclus cf. jimi","Parotocinclus","Loricariidae","Siluriformes","Teleostei"
461,37,"Contas River basin","freshwater","river",2013,2013,2,-13.5,-41.85,"Parotocinclus cristatus","Parotocinclus","Loricariidae","Siluriformes","Teleostei"
462,22,"Contas River basin","freshwater","river",2013,2013,2,-13.5,-41.85,"Poecilia reticulata","Poecilia","Poeciliidae","Cyprinodontiformes","Teleostei"
463,8,"Contas River basin","freshwater","river",2013,2013,2,-13.5,-41.85,"Rhamdia gr. quelen","Rhamdia","Heptapteridae","Siluriformes","Teleostei"
464,130,"Contas River basin","freshwater","river",2013,2013,2,-13.5,-41.85,"Serrapinnus heterodon","Serrapinnus","Characidae","Characiformes","Teleostei"
465,11,"Contas River basin","freshwater","river",2013,2013,2,-13.5,-41.85,"Serrapinnus piaba","Serrapinnus","Characidae","Characiformes","Teleostei"
466,46,"Contas River basin","freshwater","river",2013,2013,2,-13.5,-41.85,"Trichomycterus tete","Trichomycterus","Trichomycteridae","Siluriformes","Teleostei"
467,45,"reservatorio de Santa Cruz","freshwater","reservoir",2011,2011,8,-5.65027777777778,NA,"Triportheus signatus","Triportheus","Triportheidae","Characiformes","Teleostei"
468,30,"reservatorio de Santa Cruz","freshwater","reservoir",2011,2011,8,-5.65027777777778,NA,"Trachelyopterus galeatus","Trachelyopterus","Auchenipteridae","Siluriformes","Teleostei"
469,134,"reservatorio de Santa Cruz","freshwater","reservoir",2011,2011,8,-5.65027777777778,NA,"Plagioscion squamosissimus","Plagioscion","Sciaenidae","Eupercaria/misc","Teleostei"
470,33,"reservatorio de Santa Cruz","freshwater","reservoir",2011,2011,8,-5.65027777777778,NA,"Leporinus piau","Leporinus","Anostomidae","Characiformes","Teleostei"
471,4,"reservatorio de Santa Cruz","freshwater","reservoir",2011,2011,8,-5.65027777777778,NA,"Astyanax bimaculatus","Astyanax","Acestrorhamphidae","Characiformes","Teleostei"
472,22,"reservatorio de Santa Cruz","freshwater","reservoir",2011,2011,8,-5.65027777777778,NA,"Hoplias gr. malabaricus","Hoplias","Erythrinidae","Characiformes","Teleostei"
473,10,"reservatorio de Santa Cruz","freshwater","reservoir",2011,2011,8,-5.65027777777778,NA,"Cichla monoculus","Cichla","Cichlidae","Cichliformes","Teleostei"
474,54,"reservatorio de Santa Cruz","freshwater","reservoir",2011,2011,8,-5.65027777777778,NA,"Hypostomus pusarum","Hypostomus","Loricariidae","Siluriformes","Teleostei"
475,13,"reservatorio de Santa Cruz","freshwater","reservoir",2011,2011,8,-5.65027777777778,NA,"Loricariichthys platymetopon","Loricariichthys","Loricariidae","Siluriformes","Teleostei"
476,42,"reservatorio de Santa Cruz","freshwater","reservoir",2011,2011,8,-5.65027777777778,NA,"Curimatella lepidura","Curimatella","Curimatidae","Characiformes","Teleostei"
477,132,"Reservatorio Sobradinho","freshwater","river",2006,2009,18,-9.42694444444444,NA,"Plagioscion squamosissimus","Plagioscion","Sciaenidae","Eupercaria/misc","Teleostei"
478,219,"Reservatorio Sobradinho","freshwater","river",2006,2009,18,-9.42694444444444,NA,"Plagioscion squamosissimus","Plagioscion","Sciaenidae","Eupercaria/misc","Teleostei"
479,266,"Reservatorio Sobradinho","freshwater","river",2006,2009,18,-9.42694444444444,NA,"Plagioscion squamosissimus","Plagioscion","Sciaenidae","Eupercaria/misc","Teleostei"
480,333,"Reservatorio Sobradinho","freshwater","river",2006,2009,18,-9.42694444444444,NA,"Plagioscion squamosissimus","Plagioscion","Sciaenidae","Eupercaria/misc","Teleostei"
481,486,"Reservatorio Sobradinho","freshwater","river",2006,2009,18,-9.42694444444444,NA,"Plagioscion squamosissimus","Plagioscion","Sciaenidae","Eupercaria/misc","Teleostei"
482,352,"Reservatorio Sobradinho","freshwater","river",2006,2009,18,-9.42694444444444,NA,"Plagioscion squamosissimus","Plagioscion","Sciaenidae","Eupercaria/misc","Teleostei"
483,59,"Paraguacu river, Bahia state","freshwater","river",2005,2007,6,-12.5808333333333,-39.3658333333333,"Kalyptodoras bahiensis","Kalyptodoras","Doradidae","Siluriformes","Teleostei"
484,40,"Contas River, Bahia state","freshwater","river",2012,2013,2,-13.5330555555556,-41.6019444444444,"Hemigrammus marginatus","Hemigrammus","Acestrorhamphidae","Characiformes","Teleostei"
485,40,"Contas River, Bahia state","freshwater","river",2012,2013,2,-13.5330555555556,-41.6019444444444,"Hemigrammus marginatus","Hemigrammus","Acestrorhamphidae","Characiformes","Teleostei"
486,23,"Contas River, Bahia state","freshwater","river",2012,2013,2,-13.5330555555556,-41.6019444444444,"Hemigrammus marginatus","Hemigrammus","Acestrorhamphidae","Characiformes","Teleostei"
487,40,"Contas River, Bahia state","freshwater","river",2012,2013,2,-13.5330555555556,-41.6019444444444,"Hemigrammus marginatus","Hemigrammus","Acestrorhamphidae","Characiformes","Teleostei"
488,40,"Contas River, Bahia state","freshwater","river",2012,2013,2,-13.5330555555556,-41.6019444444444,"Hemigrammus marginatus","Hemigrammus","Acestrorhamphidae","Characiformes","Teleostei"
489,5,"Agua suja River, Bahia state","freshwater","river",2012,2013,2,-13.4097222222222,-41.6336111111111,"Hemigrammus marginatus","Hemigrammus","Acestrorhamphidae","Characiformes","Teleostei"
490,39,"Agua suja River, Bahia state","freshwater","river",2012,2013,2,-13.4097222222222,-41.6336111111111,"Hemigrammus marginatus","Hemigrammus","Acestrorhamphidae","Characiformes","Teleostei"
491,26,"Agua suja River, Bahia state","freshwater","river",2012,2013,2,-13.4097222222222,-41.6336111111111,"Hemigrammus marginatus","Hemigrammus","Acestrorhamphidae","Characiformes","Teleostei"
492,3,"Agua suja River, Bahia state","freshwater","river",2012,2013,2,-13.4097222222222,-41.6336111111111,"Hemigrammus marginatus","Hemigrammus","Acestrorhamphidae","Characiformes","Teleostei"
493,43,"Agua suja River, Bahia state","freshwater","river",2012,2013,2,-13.4097222222222,-41.6336111111111,"Hemigrammus marginatus","Hemigrammus","Acestrorhamphidae","Characiformes","Teleostei"
494,39,"Agua suja River, Bahia state","freshwater","river",2012,2013,2,-13.4097222222222,-41.6336111111111,"Hemigrammus marginatus","Hemigrammus","Acestrorhamphidae","Characiformes","Teleostei"
495,209,"Caicara do Norte, Rio Grande do Norte state","marine","coastal waters",2007,2008,12,-5.06666666666667,-36.05,"Hypanus guttatus","Hypanus","Dasyatidae","Myliobatiformes","Elasmobranchii"
496,44,"Apodi-Mossoro river basin, Rio Grande do Norte state","freshwater","reservoir",2013,2013,4,-5.7075,-37.2433333333333,"Astyanax aff. bimaculatus","Astyanax","Acestrorhamphidae","Characiformes","Teleostei"
497,44,"Apodi-Mossoro river basin, Rio Grande do Norte state","freshwater","reservoir",2013,2013,4,-5.7075,-37.2433333333333,"Astyanax aff. bimaculatus","Astyanax","Acestrorhamphidae","Characiformes","Teleostei"
498,44,"Apodi-Mossoro river basin, Rio Grande do Norte state","freshwater","reservoir",2013,2013,4,-5.7075,-37.2433333333333,"Astyanax aff. bimaculatus","Astyanax","Acestrorhamphidae","Characiformes","Teleostei"
499,34,"Apodi-Mossoro river basin, Rio Grande do Norte state","freshwater","reservoir",2013,2013,4,-5.7075,-37.2433333333333,"Triportheus signatus","Triportheus","Triportheidae","Characiformes","Teleostei"
500,34,"Apodi-Mossoro river basin, Rio Grande do Norte state","freshwater","reservoir",2013,2013,4,-5.7075,-37.2433333333333,"Triportheus signatus","Triportheus","Triportheidae","Characiformes","Teleostei"
501,34,"Apodi-Mossoro river basin, Rio Grande do Norte state","freshwater","reservoir",2013,2013,4,-5.7075,-37.2433333333333,"Triportheus signatus","Triportheus","Triportheidae","Characiformes","Teleostei"
502,151,"Contas river, Bahia state","freshwater","river",2001,2003,23,-13.8555555555556,-40.6272222222222,"Serrasalmus brandtii","Serrasalmus","Serrasalmidae","Characiformes","Teleostei"
503,55,"Contas river, Bahia state","freshwater","river",2001,2003,23,-13.8555555555556,-40.6272222222222,"Pygocentrus piraya","Pygocentrus","Serrasalmidae","Characiformes","Teleostei"
504,151,"Contas river, Bahia state","freshwater","river",2001,2003,23,-13.8555555555556,-40.6272222222222,"Serrasalmus brandtii","Serrasalmus","Serrasalmidae","Characiformes","Teleostei"
505,151,"Contas river, Bahia state","freshwater","river",2001,2003,23,-13.8555555555556,-40.6272222222222,"Serrasalmus brandtii","Serrasalmus","Serrasalmidae","Characiformes","Teleostei"
506,151,"Contas river, Bahia state","freshwater","river",2001,2003,23,-13.835,-40.6497222222222,"Serrasalmus brandtii","Serrasalmus","Serrasalmidae","Characiformes","Teleostei"
507,55,"Contas river, Bahia state","freshwater","river",2001,2003,23,-13.8555555555556,-40.6272222222222,"Pygocentrus piraya","Pygocentrus","Serrasalmidae","Characiformes","Teleostei"
508,55,"Contas river, Bahia state","freshwater","river",2001,2003,23,-13.8555555555556,-40.6272222222222,"Pygocentrus piraya","Pygocentrus","Serrasalmidae","Characiformes","Teleostei"
509,55,"Contas river, Bahia state","freshwater","river",2001,2003,23,-13.835,-40.6497222222222,"Pygocentrus piraya","Pygocentrus","Serrasalmidae","Characiformes","Teleostei"
510,151,"Contas river, Bahia state","freshwater","river",2001,2003,23,-13.8555555555556,-40.6272222222222,"Serrasalmus brandtii","Serrasalmus","Serrasalmidae","Characiformes","Teleostei"
511,151,"Contas river, Bahia state","freshwater","river",2001,2003,23,-13.8555555555556,-40.6272222222222,"Serrasalmus brandtii","Serrasalmus","Serrasalmidae","Characiformes","Teleostei"
512,151,"Contas river, Bahia state","freshwater","river",2001,2003,23,-13.835,-40.6497222222222,"Serrasalmus brandtii","Serrasalmus","Serrasalmidae","Characiformes","Teleostei"
513,55,"Contas river, Bahia state","freshwater","river",2001,2003,23,-13.8555555555556,-40.6272222222222,"Pygocentrus piraya","Pygocentrus","Serrasalmidae","Characiformes","Teleostei"
514,55,"Contas river, Bahia state","freshwater","river",2001,2003,23,-13.8555555555556,-40.6272222222222,"Pygocentrus piraya","Pygocentrus","Serrasalmidae","Characiformes","Teleostei"
515,55,"Contas river, Bahia state","freshwater","river",2001,2003,23,-13.835,-40.6497222222222,"Pygocentrus piraya","Pygocentrus","Serrasalmidae","Characiformes","Teleostei"
516,33,"ltacarambi, Minas Gerais state","freshwater","lake",1994,1996,6,NA,NA,"Serrasalmus brandtii","Serrasalmus","Serrasalmidae","Characiformes","Teleostei"
517,50,"ltacarambi, Minas Gerais state","freshwater","lake",1994,1996,6,NA,NA,"Serrasalmus brandtii","Serrasalmus","Serrasalmidae","Characiformes","Teleostei"
518,6,"ltacarambi, Minas Gerais state","freshwater","lake",1994,1996,6,NA,NA,"Serrasalmus brandtii","Serrasalmus","Serrasalmidae","Characiformes","Teleostei"
519,8,"Jaiba, Minas Gerais state","freshwater","lake",1994,1996,6,NA,NA,"Serrasalmus brandtii","Serrasalmus","Serrasalmidae","Characiformes","Teleostei"
520,18,"Jaiba, Minas Gerais state","freshwater","lake",1994,1996,6,NA,NA,"Serrasalmus brandtii","Serrasalmus","Serrasalmidae","Characiformes","Teleostei"
521,1,"Jaiba, Minas Gerais state","freshwater","lake",1994,1996,6,NA,NA,"Serrasalmus brandtii","Serrasalmus","Serrasalmidae","Characiformes","Teleostei"
522,14,"Jaiba, Minas Gerais state","freshwater","lake",1994,1996,6,NA,NA,"Serrasalmus brandtii","Serrasalmus","Serrasalmidae","Characiformes","Teleostei"
523,13,"Jaiba, Minas Gerais state","freshwater","lake",1994,1996,6,NA,NA,"Serrasalmus brandtii","Serrasalmus","Serrasalmidae","Characiformes","Teleostei"
524,4,"Jaiba, Minas Gerais state","freshwater","lake",1994,1996,6,NA,NA,"Serrasalmus brandtii","Serrasalmus","Serrasalmidae","Characiformes","Teleostei"
525,23,"Lagoa da Prata, Minas Gerais state","freshwater","lake",1994,1996,6,NA,NA,"Serrasalmus brandtii","Serrasalmus","Serrasalmidae","Characiformes","Teleostei"
526,33,"Lagoa da Prata, Minas Gerais state","freshwater","lake",1994,1996,6,NA,NA,"Serrasalmus brandtii","Serrasalmus","Serrasalmidae","Characiformes","Teleostei"
527,9,"Lagoa da Prata, Minas Gerais state","freshwater","lake",1994,1996,6,NA,NA,"Serrasalmus brandtii","Serrasalmus","Serrasalmidae","Characiformes","Teleostei"
528,845,"Tubarao River estuary","estuarine","river",2012,2012,4,-5.06666666666667,-36.5,"Eucinostomus argenteus","Eucinostomus","Gerreidae","Eupercaria/misc","Teleostei"
529,845,"Tubarao River estuary","estuarine","river",2013,2012,4,-5.07777777777778,-36.475,"Eucinostomus argenteus","Eucinostomus","Gerreidae","Eupercaria/misc","Teleostei"
530,845,"Tubarao River estuary","estuarine","river",2014,2012,4,-5.07777777777778,-36.4722222222222,"Eucinostomus argenteus","Eucinostomus","Gerreidae","Eupercaria/misc","Teleostei"
531,845,"Tubarao River estuary","estuarine","river",2015,2012,4,-5.06666666666667,-36.5,"Eucinostomus argenteus","Eucinostomus","Gerreidae","Eupercaria/misc","Teleostei"
532,845,"Tubarao River estuary","estuarine","river",2016,2012,4,-5.07777777777778,-36.475,"Eucinostomus argenteus","Eucinostomus","Gerreidae","Eupercaria/misc","Teleostei"
533,845,"Tubarao River estuary","estuarine","river",2017,2012,4,-5.07777777777778,-36.4722222222222,"Eucinostomus argenteus","Eucinostomus","Gerreidae","Eupercaria/misc","Teleostei"
534,332,"Tubarao River estuary","estuarine","river",2018,2012,4,-5.06666666666667,-36.5,"Eugerres brasilianus","Eugerres","Gerreidae","Eupercaria/misc","Teleostei"
535,332,"Tubarao River estuary","estuarine","river",2019,2012,4,-5.07777777777778,-36.475,"Eugerres brasilianus","Eugerres","Gerreidae","Eupercaria/misc","Teleostei"
536,332,"Tubarao River estuary","estuarine","river",2020,2012,4,-5.07777777777778,-36.4722222222222,"Eugerres brasilianus","Eugerres","Gerreidae","Eupercaria/misc","Teleostei"
537,332,"Tubarao River estuary","estuarine","river",2021,2012,4,-5.07777777777778,-36.475,"Eugerres brasilianus","Eugerres","Gerreidae","Eupercaria/misc","Teleostei"
538,332,"Tubarao River estuary","estuarine","river",2022,2012,4,-5.07777777777778,-36.4722222222222,"Eugerres brasilianus","Eugerres","Gerreidae","Eupercaria/misc","Teleostei"
539,1107,"Tubarao River estuary","estuarine","river",2023,2012,4,-5.06666666666667,-36.5,"Ulaema lefroyi","Ulaema","Gerreidae","Eupercaria/misc","Teleostei"
540,1107,"Tubarao River estuary","estuarine","river",2024,2012,4,-5.07777777777778,-36.475,"Ulaema lefroyi","Ulaema","Gerreidae","Eupercaria/misc","Teleostei"
541,1107,"Tubarao River estuary","estuarine","river",2025,2012,4,-5.07777777777778,-36.4722222222222,"Ulaema lefroyi","Ulaema","Gerreidae","Eupercaria/misc","Teleostei"
542,1107,"Tubarao River estuary","estuarine","river",2021,2012,4,-5.06666666666667,-36.5,"Ulaema lefroyi","Ulaema","Gerreidae","Eupercaria/misc","Teleostei"
543,1107,"Tubarao River estuary","estuarine","river",2021,2012,4,-5.07777777777778,-36.475,"Ulaema lefroyi","Ulaema","Gerreidae","Eupercaria/misc","Teleostei"
544,1107,"Tubarao River estuary","estuarine","river",2021,2012,4,-5.07777777777778,-36.4722222222222,"Ulaema lefroyi","Ulaema","Gerreidae","Eupercaria/misc","Teleostei"
545,75,"Ceara Mirim river basin, Rio Grande do Norte","freshwater","river",2001,2002,13,-5.62972222222222,-35.6191666666667,"Compsura heterura","Compsura","Characidae","Characiformes","Teleostei"
546,65,"Ceara Mirim river basin, Rio Grande do Norte","freshwater","river",2002,2002,13,-5.62972222222222,-35.6191666666667,"Compsura heterura","Compsura","Characidae","Characiformes","Teleostei"
547,117,"Ceara Mirim river basin, Rio Grande do Norte","freshwater","river",2003,2002,13,-5.62972222222222,-35.6191666666667,"Compsura heterura","Compsura","Characidae","Characiformes","Teleostei"
548,118,"Ceara Mirim river basin, Rio Grande do Norte","freshwater","river",2004,2002,13,-5.62972222222222,-35.6191666666667,"Compsura heterura","Compsura","Characidae","Characiformes","Teleostei"
549,77,"Ceara Mirim river basin, Rio Grande do Norte","freshwater","river",2005,2002,13,-5.62972222222222,-35.6191666666667,"Compsura heterura","Compsura","Characidae","Characiformes","Teleostei"
550,41,"Ceara Mirim river basin, Rio Grande do Norte","freshwater","river",2006,2002,13,-5.62972222222222,-35.6191666666667,"Serrapinnus heterodon","Serrapinnus","Characidae","Characiformes","Teleostei"
551,114,"Ceara Mirim river basin, Rio Grande do Norte","freshwater","river",2007,2002,13,-5.62972222222222,-35.6191666666667,"Serrapinnus heterodon","Serrapinnus","Characidae","Characiformes","Teleostei"
552,120,"Ceara Mirim river basin, Rio Grande do Norte","freshwater","river",2008,2002,13,-5.62972222222222,-35.6191666666667,"Serrapinnus heterodon","Serrapinnus","Characidae","Characiformes","Teleostei"
553,117,"Ceara Mirim river basin, Rio Grande do Norte","freshwater","river",2009,2002,13,-5.62972222222222,-35.6191666666667,"Serrapinnus heterodon","Serrapinnus","Characidae","Characiformes","Teleostei"
554,81,"Ceara Mirim river basin, Rio Grande do Norte","freshwater","river",2010,2002,13,-5.62972222222222,-35.6191666666667,"Serrapinnus heterodon","Serrapinnus","Characidae","Characiformes","Teleostei"
555,79,"Ceara Mirim river basin, Rio Grande do Norte","freshwater","river",2011,2002,13,-5.62972222222222,-35.6191666666667,"Serrapinnus piaba","Serrapinnus","Characidae","Characiformes","Teleostei"
556,118,"Ceara Mirim river basin, Rio Grande do Norte","freshwater","river",2012,2002,13,-5.62972222222222,-35.6191666666667,"Serrapinnus piaba","Serrapinnus","Characidae","Characiformes","Teleostei"
557,113,"Ceara Mirim river basin, Rio Grande do Norte","freshwater","river",2013,2002,13,-5.62972222222222,-35.6191666666667,"Serrapinnus piaba","Serrapinnus","Characidae","Characiformes","Teleostei"
558,119,"Ceara Mirim river basin, Rio Grande do Norte","freshwater","river",2014,2002,13,-5.62972222222222,-35.6191666666667,"Serrapinnus piaba","Serrapinnus","Characidae","Characiformes","Teleostei"
559,80,"Ceara Mirim river basin, Rio Grande do Norte","freshwater","river",2015,2002,13,-5.62972222222222,-35.6191666666667,"Serrapinnus piaba","Serrapinnus","Characidae","Characiformes","Teleostei"
560,59,"Ceara Mirim river basin, Rio Grande do Norte","freshwater","river",2016,2002,13,-5.62972222222222,-35.6191666666667,"Serrapinnus sp. A","Serrapinnus","Characidae","Characiformes","Teleostei"
561,34,"Ceara Mirim river basin, Rio Grande do Norte","freshwater","river",2017,2002,13,-5.62972222222222,-35.6191666666667,"Serrapinnus sp. A","Serrapinnus","Characidae","Characiformes","Teleostei"
562,114,"Ceara Mirim river basin, Rio Grande do Norte","freshwater","river",2018,2002,13,-5.62972222222222,-35.6191666666667,"Serrapinnus sp. A","Serrapinnus","Characidae","Characiformes","Teleostei"
563,22,"Ceara Mirim river basin, Rio Grande do Norte","freshwater","river",2019,2002,13,-5.62972222222222,-35.6191666666667,"Serrapinnus sp. A","Serrapinnus","Characidae","Characiformes","Teleostei"
564,84,"Ceara Mirim river basin, Rio Grande do Norte","freshwater","river",2020,2002,13,-5.62972222222222,-35.6191666666667,"Serrapinnus sp. A","Serrapinnus","Characidae","Characiformes","Teleostei"
565,22,"Olhos dagua cave, Minas Gerais state","freshwater","stream",1994,1994,2,-15.1166666666667,-44.1666666666667,"Trichomycterus itacarambiensis","Trichomycterus","Trichomycteridae","Siluriformes","Teleostei"
566,202,"Serido/ Borborema and Buique/Vale do Ipojuca","freshwater","stream",2006,2006,4,NA,NA,"Astyanax aff. bimaculatus","Astyanax","Acestrorhamphidae","Characiformes","Teleostei"
567,52,"Serido/ Borborema and Buique/Vale do Ipojuca","freshwater","stream",2006,2006,4,NA,NA,"Hoplias malabaricus","Hoplias","Erythrinidae","Characiformes","Teleostei"
568,50,"Serido/ Borborema and Buique/Vale do Ipojuca","freshwater","stream",2006,2006,4,NA,NA,"Prochilodus brevis","Prochilodus","Prochilodontidae","Characiformes","Teleostei"
569,168,"Lagoa do Piato, Rio Grande do Norte state","freshwater","reservoir",2004,2005,11,-5.52972222222222,-36.9402777777778,"Plagioscion squamosissimus","Plagioscion","Sciaenidae","Eupercaria/misc","Teleostei"
570,108,"Lagoa do Piato, Rio Grande do Norte state","freshwater","reservoir",2004,2005,11,-5.52972222222222,-36.9402777777778,"Plagioscion squamosissimus","Plagioscion","Sciaenidae","Eupercaria/misc","Teleostei"
571,60,"Lagoa do Piato, Rio Grande do Norte state","freshwater","reservoir",2004,2005,11,-5.52972222222222,-36.9402777777778,"Plagioscion squamosissimus","Plagioscion","Sciaenidae","Eupercaria/misc","Teleostei"
572,75,"Rio Grande do Norte","freshwater","river",2001,2002,13,-5.62972222222222,-35.6191666666667,"Compsura heterura","Compsura","Characidae","Characiformes","Teleostei"
573,65,"Rio Grande do Norte","freshwater","river",2001,2002,13,-5.62972222222222,-35.6191666666667,"Compsura heterura","Compsura","Characidae","Characiformes","Teleostei"
574,117,"Rio Grande do Norte","freshwater","river",2001,2002,13,-5.62972222222222,-35.6191666666667,"Compsura heterura","Compsura","Characidae","Characiformes","Teleostei"
575,118,"Rio Grande do Norte","freshwater","river",2001,2002,13,-5.62972222222222,-35.6191666666667,"Compsura heterura","Compsura","Characidae","Characiformes","Teleostei"
576,77,"Rio Grande do Norte","freshwater","river",2001,2002,13,-5.62972222222222,-35.6191666666667,"Compsura heterura","Compsura","Characidae","Characiformes","Teleostei"
577,41,"Rio Grande do Norte","freshwater","river",2001,2002,13,-5.62972222222222,-35.6191666666667,"Serrapinnus heterodon","Serrapinnus","Characidae","Characiformes","Teleostei"
578,114,"Rio Grande do Norte","freshwater","river",2001,2002,13,-5.62972222222222,-35.6191666666667,"Serrapinnus heterodon","Serrapinnus","Characidae","Characiformes","Teleostei"
579,120,"Rio Grande do Norte","freshwater","river",2001,2002,13,-5.62972222222222,-35.6191666666667,"Serrapinnus heterodon","Serrapinnus","Characidae","Characiformes","Teleostei"
580,117,"Rio Grande do Norte","freshwater","river",2001,2002,13,-5.62972222222222,-35.6191666666667,"Serrapinnus heterodon","Serrapinnus","Characidae","Characiformes","Teleostei"
581,81,"Rio Grande do Norte","freshwater","river",2001,2002,13,-5.62972222222222,-35.6191666666667,"Serrapinnus heterodon","Serrapinnus","Characidae","Characiformes","Teleostei"
582,79,"Rio Grande do Norte","freshwater","river",2001,2002,13,-5.62972222222222,-35.6191666666667,"Serrapinnus piaba","Serrapinnus","Characidae","Characiformes","Teleostei"
583,118,"Rio Grande do Norte","freshwater","river",2001,2002,13,-5.62972222222222,-35.6191666666667,"Serrapinnus piaba","Serrapinnus","Characidae","Characiformes","Teleostei"
584,113,"Rio Grande do Norte","freshwater","river",2001,2002,13,-5.62972222222222,-35.6191666666667,"Serrapinnus piaba","Serrapinnus","Characidae","Characiformes","Teleostei"
585,119,"Rio Grande do Norte","freshwater","river",2001,2002,13,-5.62972222222222,-35.6191666666667,"Serrapinnus piaba","Serrapinnus","Characidae","Characiformes","Teleostei"
586,80,"Rio Grande do Norte","freshwater","river",2001,2002,13,-5.62972222222222,-35.6191666666667,"Serrapinnus piaba","Serrapinnus","Characidae","Characiformes","Teleostei"
587,59,"Rio Grande do Norte","freshwater","river",2001,2002,13,-5.62972222222222,-35.6191666666667,"Serrapinnus sp. A","Serrapinnus","Characidae","Characiformes","Teleostei"
588,34,"Rio Grande do Norte","freshwater","river",2001,2002,13,-5.62972222222222,-35.6191666666667,"Serrapinnus sp. A","Serrapinnus","Characidae","Characiformes","Teleostei"
589,114,"Rio Grande do Norte","freshwater","river",2001,2002,13,-5.62972222222222,-35.6191666666667,"Serrapinnus sp. A","Serrapinnus","Characidae","Characiformes","Teleostei"
590,22,"Rio Grande do Norte","freshwater","river",2001,2002,13,-5.62972222222222,-35.6191666666667,"Serrapinnus sp. A","Serrapinnus","Characidae","Characiformes","Teleostei"
591,84,"Rio Grande do Norte","freshwater","river",2001,2002,13,-5.62972222222222,-35.6191666666667,"Serrapinnus sp. A","Serrapinnus","Characidae","Characiformes","Teleostei"
592,63,"Apodi, State of Rio Grande do Norte, Brazil","freshwater","reservoir",2013,2013,4,-5.77027777777778,-37.8091666666667,"Trachelyopterus galeatus","Trachelyopterus","Auchenipteridae","Siluriformes","Teleostei"
593,63,"Apodi, State of Rio Grande do Norte, Brazil","freshwater","reservoir",2013,2013,4,-5.77027777777778,-37.8091666666667,"Trachelyopterus galeatus","Trachelyopterus","Auchenipteridae","Siluriformes","Teleostei"
594,63,"Apodi, State of Rio Grande do Norte, Brazil","freshwater","reservoir",2013,2013,4,-5.77027777777778,-37.8091666666667,"Trachelyopterus galeatus","Trachelyopterus","Auchenipteridae","Siluriformes","Teleostei"
595,63,"Apodi, State of Rio Grande do Norte, Brazil","freshwater","reservoir",2013,2013,4,-5.77027777777778,-37.8091666666667,"Trachelyopterus galeatus","Trachelyopterus","Auchenipteridae","Siluriformes","Teleostei"
596,90,"Apodi, State of Rio Grande do Norte, Brazil","freshwater","reservoir",2013,2013,4,-5.77027777777778,-37.8091666666667,"Trachelyopterus galeatus","Trachelyopterus","Auchenipteridae","Siluriformes","Teleostei"
597,90,"Apodi, State of Rio Grande do Norte, Brazil","freshwater","reservoir",2013,2013,4,-5.77027777777778,-37.8091666666667,"Trachelyopterus galeatus","Trachelyopterus","Auchenipteridae","Siluriformes","Teleostei"
598,90,"Apodi, State of Rio Grande do Norte, Brazil","freshwater","reservoir",2013,2013,4,-5.77027777777778,-37.8091666666667,"Trachelyopterus galeatus","Trachelyopterus","Auchenipteridae","Siluriformes","Teleostei"
599,90,"Apodi, State of Rio Grande do Norte, Brazil","freshwater","reservoir",2013,2013,4,-5.77027777777778,-37.8091666666667,"Trachelyopterus galeatus","Trachelyopterus","Auchenipteridae","Siluriformes","Teleostei"
600,71,"Sobradinho, Bahia","freshwater","reservoir",2006,2009,18,-8.5,-39.5,"Megaleporinus reinhardti","Megaleporinus","Anostomidae","Characiformes","Teleostei"
601,190,"Sobradinho, Bahia","freshwater","reservoir",2006,2009,18,-8.5,-39.5,"Megaleporinus reinhardti","Megaleporinus","Anostomidae","Characiformes","Teleostei"
602,35,"Sobradinho, Bahia","freshwater","reservoir",2006,2009,18,-8.5,-39.5,"Megaleporinus reinhardti","Megaleporinus","Anostomidae","Characiformes","Teleostei"
603,87,"Sobradinho, Bahia","freshwater","reservoir",2006,2009,18,-8.5,-39.5,"Megaleporinus reinhardti","Megaleporinus","Anostomidae","Characiformes","Teleostei"
604,53,"Sobradinho, Bahia","freshwater","reservoir",2006,2009,18,-8.5,-39.5,"Megaleporinus reinhardti","Megaleporinus","Anostomidae","Characiformes","Teleostei"
605,45,"Sobradinho, Bahia","freshwater","reservoir",2006,2009,18,-8.5,-39.5,"Megaleporinus reinhardti","Megaleporinus","Anostomidae","Characiformes","Teleostei"
606,6,"Tabocas' NPR","freshwater","river",2021,2022,2,-3.43833333333333,-39.7311111111111,"Astyanax bimaculatus","Astyanax","Acestrorhamphidae","Characiformes","Teleostei"
607,4,"Tabocas' NPR","freshwater","river",2021,2022,2,-3.43833333333333,-39.7311111111111,"Serrapinnus heterodon","Serrapinnus","Characidae","Characiformes","Teleostei"
608,4,"Tabocas' NPR","freshwater","river",2021,2022,2,-3.43833333333333,-39.7311111111111,"Steindachnerina notonota","Steindachnerina","Curimatidae","Characiformes","Teleostei"
609,4,"Tabocas' NPR","freshwater","river",2021,2022,2,-3.43833333333333,-39.7311111111111,"Serrapinnus piaba","Serrapinnus","Characidae","Characiformes","Teleostei"
610,6,"Tabocas' NPR","freshwater","river",2021,2022,2,-3.43833333333333,-39.7311111111111,"Astyanax bimaculatus","Astyanax","Acestrorhamphidae","Characiformes","Teleostei"
611,1,"Tabocas' NPR","freshwater","river",2021,2022,2,-3.43833333333333,-39.7311111111111,"Characidium bimaculatum","Characidium","Crenuchidae","Characiformes","Teleostei"
612,11,"Tabocas' NPR","freshwater","river",2021,2022,2,-3.43833333333333,-39.7311111111111,"Compsura heterura","Compsura","Characidae","Characiformes","Teleostei"
613,2,"Tabocas' NPR","freshwater","river",2021,2022,2,-3.43833333333333,-39.7311111111111,"Cichlasoma orientale","Cichlasoma","Cichlidae","Cichliformes","Teleostei"
614,1,"Tabocas' NPR","freshwater","river",2021,2022,2,-3.43833333333333,-39.7311111111111,"Hypostomus sp.","Hypostomus","Loricariidae","Siluriformes","Teleostei"
615,8,"Tabocas' NPR","freshwater","river",2021,2022,2,-3.43833333333333,-39.7311111111111,"Phenacogaster calverti","Phenacogaster","Characidae","Characiformes","Teleostei"
616,9,"Tabocas' NPR","freshwater","river",2021,2022,2,-3.43833333333333,-39.7311111111111,"Psalidodon fasciatus","Psalidodon","Acestrorhamphidae","Characiformes","Teleostei"
617,52,"Tabocas' NPR","freshwater","river",2021,2022,2,-3.43833333333333,-39.7311111111111,"Serrapinnus heterodon","Serrapinnus","Characidae","Characiformes","Teleostei"
618,9,"Tabocas' NPR","freshwater","river",2021,2022,2,-3.43833333333333,-39.7311111111111,"Steindachnerina notonota","Steindachnerina","Curimatidae","Characiformes","Teleostei"
619,8,"Tabocas' NPR","freshwater","river",2021,2022,2,-3.43833333333333,-39.7311111111111,"Serrapinnus piaba","Serrapinnus","Characidae","Characiformes","Teleostei"
620,25,"Tabocas' NPR","freshwater","river",2021,2022,2,-3.43833333333333,-39.7311111111111,"Astyanax bimaculatus","Astyanax","Acestrorhamphidae","Characiformes","Teleostei"
621,6,"Tabocas' NPR","freshwater","river",2021,2022,2,-3.43833333333333,-39.7311111111111,"Hoplias malabaricus","Hoplias","Erythrinidae","Characiformes","Teleostei"
622,20,"Tabocas' NPR","freshwater","river",2021,2022,2,-3.43833333333333,-39.7311111111111,"Oreochromis niloticus","Oreochromis","Cichlidae","Cichliformes","Teleostei"
623,1,"Tabocas' NPR","freshwater","river",2021,2022,2,-3.43833333333333,-39.7311111111111,"Steindachnerina notonota","Steindachnerina","Curimatidae","Characiformes","Teleostei"
624,16,"Tabocas' NPR","freshwater","river",2021,2022,2,-3.43833333333333,-39.7311111111111,"Astyanax bimaculatus","Astyanax","Acestrorhamphidae","Characiformes","Teleostei"
625,5,"Tabocas' NPR","freshwater","river",2021,2022,2,-3.43833333333333,-39.7311111111111,"Cichlasoma orientale","Cichlasoma","Cichlidae","Cichliformes","Teleostei"
626,5,"Tabocas' NPR","freshwater","river",2021,2022,2,-3.43833333333333,-39.7311111111111,"Hoplias malabaricus","Hoplias","Erythrinidae","Characiformes","Teleostei"
627,11,"Tabocas' NPR","freshwater","river",2021,2022,2,-3.43833333333333,-39.7311111111111,"Oreochromis niloticus","Oreochromis","Cichlidae","Cichliformes","Teleostei"
628,3,"Tabocas' NPR","freshwater","river",2021,2022,2,-3.43833333333333,-39.7311111111111,"Steindachnerina notonota","Steindachnerina","Curimatidae","Characiformes","Teleostei"
629,1,"Tabocas' NPR","freshwater","river",2021,2022,2,-3.43833333333333,-39.7311111111111,"Serrapinnus piaba","Serrapinnus","Characidae","Characiformes","Teleostei"
630,7,"Tabocas' NPR","freshwater","river",2021,2022,2,-3.43833333333333,-39.7311111111111,"Astyanax bimaculatus","Astyanax","Acestrorhamphidae","Characiformes","Teleostei"
631,2,"Tabocas' NPR","freshwater","river",2021,2022,2,-3.43833333333333,-39.7311111111111,"Characidium bimaculatum","Characidium","Crenuchidae","Characiformes","Teleostei"
632,5,"Tabocas' NPR","freshwater","river",2021,2022,2,-3.43833333333333,-39.7311111111111,"Compsura heterura","Compsura","Characidae","Characiformes","Teleostei"
633,2,"Tabocas' NPR","freshwater","river",2021,2022,2,-3.43833333333333,-39.7311111111111,"Cichlasoma orientale","Cichlasoma","Cichlidae","Cichliformes","Teleostei"
634,1,"Tabocas' NPR","freshwater","river",2021,2022,2,-3.43833333333333,-39.7311111111111,"Hoplias malabaricus","Hoplias","Erythrinidae","Characiformes","Teleostei"
635,1,"Tabocas' NPR","freshwater","river",2021,2022,2,-3.43833333333333,-39.7311111111111,"Oreochromis niloticus","Oreochromis","Cichlidae","Cichliformes","Teleostei"
636,1,"Tabocas' NPR","freshwater","river",2021,2022,2,-3.43833333333333,-39.7311111111111,"Phenacogaster calverti","Phenacogaster","Characidae","Characiformes","Teleostei"
637,7,"Tabocas' NPR","freshwater","river",2021,2022,2,-3.43833333333333,-39.7311111111111,"Serrapinnus heterodon","Serrapinnus","Characidae","Characiformes","Teleostei"
638,25,"Tabocas' NPR","freshwater","river",2021,2022,2,-3.43833333333333,-39.7311111111111,"Steindachnerina notonota","Steindachnerina","Curimatidae","Characiformes","Teleostei"
639,14,"Tabocas' NPR","freshwater","river",2021,2022,2,-3.43833333333333,-39.7311111111111,"Astyanax bimaculatus","Astyanax","Acestrorhamphidae","Characiformes","Teleostei"
640,2,"Tabocas' NPR","freshwater","river",2021,2022,2,-3.43833333333333,-39.7311111111111,"Characidium bimaculatum","Characidium","Crenuchidae","Characiformes","Teleostei"
641,5,"Tabocas' NPR","freshwater","river",2021,2022,2,-3.43833333333333,-39.7311111111111,"Compsura heterura","Compsura","Characidae","Characiformes","Teleostei"
642,7,"Tabocas' NPR","freshwater","river",2021,2022,2,-3.43833333333333,-39.7311111111111,"Cichlasoma orientale","Cichlasoma","Cichlidae","Cichliformes","Teleostei"
643,3,"Tabocas' NPR","freshwater","river",2021,2022,2,-3.43833333333333,-39.7311111111111,"Hoplias malabaricus","Hoplias","Erythrinidae","Characiformes","Teleostei"
644,5,"Tabocas' NPR","freshwater","river",2021,2022,2,-3.43833333333333,-39.7311111111111,"Oreochromis niloticus","Oreochromis","Cichlidae","Cichliformes","Teleostei"
645,19,"Tabocas' NPR","freshwater","river",2021,2022,2,-3.43833333333333,-39.7311111111111,"Serrapinnus heterodon","Serrapinnus","Characidae","Characiformes","Teleostei"
646,33,"Tabocas' NPR","freshwater","river",2021,2022,2,-3.43833333333333,-39.7311111111111,"Serrapinnus piaba","Serrapinnus","Characidae","Characiformes","Teleostei"
647,89,"Tabocas' NPR","freshwater","river",2021,2022,2,-3.43833333333333,-39.7311111111111,"Astyanax bimaculatus","Astyanax","Acestrorhamphidae","Characiformes","Teleostei"
648,1,"Tabocas' NPR","freshwater","river",2021,2022,2,-3.43833333333333,-39.7311111111111,"Hoplias malabaricus","Hoplias","Erythrinidae","Characiformes","Teleostei"
649,1,"Tabocas' NPR","freshwater","river",2021,2022,2,-3.43833333333333,-39.7311111111111,"Oreochromis niloticus","Oreochromis","Cichlidae","Cichliformes","Teleostei"
650,12,"Tabocas' NPR","freshwater","river",2021,2022,2,-3.43833333333333,-39.7311111111111,"Serrapinnus heterodon","Serrapinnus","Characidae","Characiformes","Teleostei"
651,4,"Tabocas' NPR","freshwater","river",2021,2022,2,-3.43833333333333,-39.7311111111111,"Steindachnerina notonota","Steindachnerina","Curimatidae","Characiformes","Teleostei"
652,1,"Tabocas' NPR","freshwater","river",2021,2022,2,-3.43833333333333,-39.7311111111111,"Serrapinnus piaba","Serrapinnus","Characidae","Characiformes","Teleostei"
653,55,"Tabocas' NPR","freshwater","river",2021,2022,2,-3.43833333333333,-39.7311111111111,"Astyanax bimaculatus","Astyanax","Acestrorhamphidae","Characiformes","Teleostei"
654,6,"Tabocas' NPR","freshwater","river",2021,2022,2,-3.43833333333333,-39.7311111111111,"Oreochromis niloticus","Oreochromis","Cichlidae","Cichliformes","Teleostei"
655,13,"Tabocas' NPR","freshwater","river",2021,2022,2,-3.43833333333333,-39.7311111111111,"Serrapinnus heterodon","Serrapinnus","Characidae","Characiformes","Teleostei"
656,18,"Tabocas' NPR","freshwater","river",2021,2022,2,-3.43833333333333,-39.7311111111111,"Astyanax bimaculatus","Astyanax","Acestrorhamphidae","Characiformes","Teleostei"
657,2,"Tabocas' NPR","freshwater","river",2021,2022,2,-3.43833333333333,-39.7311111111111,"Hoplias malabaricus","Hoplias","Erythrinidae","Characiformes","Teleostei"
658,3,"Tabocas' NPR","freshwater","river",2021,2022,2,-3.43833333333333,-39.7311111111111,"Hypostomus sp.","Hypostomus","Loricariidae","Siluriformes","Teleostei"
659,2,"Tabocas' NPR","freshwater","river",2021,2022,2,-3.43833333333333,-39.7311111111111,"Prochilodus brevis","Prochilodus","Prochilodontidae","Characiformes","Teleostei"
660,5,"Tabocas' NPR","freshwater","river",2021,2022,2,-3.43833333333333,-39.7311111111111,"Psalidodon fasciatus","Psalidodon","Acestrorhamphidae","Characiformes","Teleostei"
661,26,"Tabocas' NPR","freshwater","river",2021,2022,2,-3.43833333333333,-39.7311111111111,"Serrapinnus heterodon","Serrapinnus","Characidae","Characiformes","Teleostei"
662,132,"Tabocas' NPR","freshwater","river",2021,2022,2,-3.43833333333333,-39.7311111111111,"Steindachnerina notonota","Steindachnerina","Curimatidae","Characiformes","Teleostei"
663,1,"Tabocas' NPR","freshwater","river",2021,2022,2,-3.43833333333333,-39.7311111111111,"Trachelyopterus galeatus","Trachelyopterus","Auchenipteridae","Siluriformes","Teleostei"
664,32,"Tabocas' NPR","freshwater","river",2021,2022,2,-3.43833333333333,-39.7311111111111,"Astyanax bimaculatus","Astyanax","Acestrorhamphidae","Characiformes","Teleostei"
665,3,"Tabocas' NPR","freshwater","river",2021,2022,2,-3.43833333333333,-39.7311111111111,"Compsura heterura","Compsura","Characidae","Characiformes","Teleostei"
666,4,"Tabocas' NPR","freshwater","river",2021,2022,2,-3.43833333333333,-39.7311111111111,"Cichlasoma orientale","Cichlasoma","Cichlidae","Cichliformes","Teleostei"
667,2,"Tabocas' NPR","freshwater","river",2021,2022,2,-3.43833333333333,-39.7311111111111,"Hoplias malabaricus","Hoplias","Erythrinidae","Characiformes","Teleostei"
668,2,"Tabocas' NPR","freshwater","river",2021,2022,2,-3.43833333333333,-39.7311111111111,"Prochilodus brevis","Prochilodus","Prochilodontidae","Characiformes","Teleostei"
669,1,"Tabocas' NPR","freshwater","river",2021,2022,2,-3.43833333333333,-39.7311111111111,"Psalidodon fasciatus","Psalidodon","Acestrorhamphidae","Characiformes","Teleostei"
670,8,"Tabocas' NPR","freshwater","river",2021,2022,2,-3.43833333333333,-39.7311111111111,"Serrapinnus heterodon","Serrapinnus","Characidae","Characiformes","Teleostei"
671,10,"Tabocas' NPR","freshwater","river",2021,2022,2,-3.43833333333333,-39.7311111111111,"Steindachnerina notonota","Steindachnerina","Curimatidae","Characiformes","Teleostei"
672,16,"Tabocas' NPR","freshwater","river",2021,2022,2,-3.43833333333333,-39.7311111111111,"Astyanax bimaculatus","Astyanax","Acestrorhamphidae","Characiformes","Teleostei"
673,7,"Tabocas' NPR","freshwater","river",2021,2022,2,-3.43833333333333,-39.7311111111111,"Cichlasoma orientale","Cichlasoma","Cichlidae","Cichliformes","Teleostei"
674,21,"Tabocas' NPR","freshwater","river",2021,2022,2,-3.43833333333333,-39.7311111111111,"Hoplias malabaricus","Hoplias","Erythrinidae","Characiformes","Teleostei"
675,8,"Tabocas' NPR","freshwater","river",2021,2022,2,-3.43833333333333,-39.7311111111111,"Oreochromis niloticus","Oreochromis","Cichlidae","Cichliformes","Teleostei"
676,2,"Tabocas' NPR","freshwater","river",2021,2022,2,-3.43833333333333,-39.7311111111111,"Astyanax bimaculatus","Astyanax","Acestrorhamphidae","Characiformes","Teleostei"
677,15,"Tabocas' NPR","freshwater","river",2021,2022,2,-3.43833333333333,-39.7311111111111,"Hoplias malabaricus","Hoplias","Erythrinidae","Characiformes","Teleostei"
678,12,"Tabocas' NPR","freshwater","river",2021,2022,2,-3.43833333333333,-39.7311111111111,"Oreochromis niloticus","Oreochromis","Cichlidae","Cichliformes","Teleostei"
679,39,"Tabocas' NPR","freshwater","river",2021,2022,2,-3.43833333333333,-39.7311111111111,"Astyanax bimaculatus","Astyanax","Acestrorhamphidae","Characiformes","Teleostei"
680,1,"Tabocas' NPR","freshwater","river",2021,2022,2,-3.43833333333333,-39.7311111111111,"Hoplias malabaricus","Hoplias","Erythrinidae","Characiformes","Teleostei"
681,2,"Tabocas' NPR","freshwater","river",2021,2022,2,-3.43833333333333,-39.7311111111111,"Prochilodus brevis","Prochilodus","Prochilodontidae","Characiformes","Teleostei"
682,9,"Tabocas' NPR","freshwater","river",2021,2022,2,-3.43833333333333,-39.7311111111111,"Psalidodon fasciatus","Psalidodon","Acestrorhamphidae","Characiformes","Teleostei"
683,12,"Tabocas' NPR","freshwater","river",2021,2022,2,-3.43833333333333,-39.7311111111111,"Serrapinnus heterodon","Serrapinnus","Characidae","Characiformes","Teleostei"
684,35,"Tabocas' NPR","freshwater","river",2021,2022,2,-3.43833333333333,-39.7311111111111,"Steindachnerina notonota","Steindachnerina","Curimatidae","Characiformes","Teleostei"
685,6,"Tabocas' NPR","freshwater","river",2021,2022,2,-3.43833333333333,-39.7311111111111,"Serrapinnus piaba","Serrapinnus","Characidae","Characiformes","Teleostei"
686,51,"Tabocas' NPR","freshwater","river",2021,2022,2,-3.43833333333333,-39.7311111111111,"Astyanax bimaculatus","Astyanax","Acestrorhamphidae","Characiformes","Teleostei"
687,1,"Tabocas' NPR","freshwater","river",2021,2022,2,-3.43833333333333,-39.7311111111111,"Compsura heterura","Compsura","Characidae","Characiformes","Teleostei"
688,3,"Tabocas' NPR","freshwater","river",2021,2022,2,-3.43833333333333,-39.7311111111111,"Hoplias malabaricus","Hoplias","Erythrinidae","Characiformes","Teleostei"
689,1,"Tabocas' NPR","freshwater","river",2021,2022,2,-3.43833333333333,-39.7311111111111,"Psalidodon fasciatus","Psalidodon","Acestrorhamphidae","Characiformes","Teleostei"
690,10,"Tabocas' NPR","freshwater","river",2021,2022,2,-3.43833333333333,-39.7311111111111,"Steindachnerina notonota","Steindachnerina","Curimatidae","Characiformes","Teleostei"
691,5,"Tabocas' NPR","freshwater","river",2021,2022,2,-3.43833333333333,-39.7311111111111,"Serrapinnus piaba","Serrapinnus","Characidae","Characiformes","Teleostei"
692,2,"Tabocas' NPR","freshwater","river",2021,2022,2,-3.43833333333333,-39.7311111111111,"Astyanax bimaculatus","Astyanax","Acestrorhamphidae","Characiformes","Teleostei"
693,5,"Tabocas' NPR","freshwater","river",2021,2022,2,-3.43833333333333,-39.7311111111111,"Cichlasoma orientale","Cichlasoma","Cichlidae","Cichliformes","Teleostei"
694,3,"Tabocas' NPR","freshwater","river",2021,2022,2,-3.43833333333333,-39.7311111111111,"Hoplias malabaricus","Hoplias","Erythrinidae","Characiformes","Teleostei"
695,12,"Tabocas' NPR","freshwater","river",2021,2022,2,-3.43833333333333,-39.7311111111111,"Oreochromis niloticus","Oreochromis","Cichlidae","Cichliformes","Teleostei"
696,40,"Tabocas' NPR","freshwater","river",2021,2022,2,-3.43833333333333,-39.7311111111111,"Phenacogaster calverti","Phenacogaster","Characidae","Characiformes","Teleostei"
697,4,"Tabocas' NPR","freshwater","river",2021,2022,2,-3.43833333333333,-39.7311111111111,"Steindachnerina notonota","Steindachnerina","Curimatidae","Characiformes","Teleostei"
698,6,"Tabocas' NPR","freshwater","river",2021,2022,2,-3.43833333333333,-39.7311111111111,"Serrapinnus piaba","Serrapinnus","Characidae","Characiformes","Teleostei"
699,5,"Tabocas' NPR","freshwater","river",2021,2022,2,-3.43833333333333,-39.7311111111111,"Astyanax bimaculatus","Astyanax","Acestrorhamphidae","Characiformes","Teleostei"
700,17,"Tabocas' NPR","freshwater","river",2021,2022,2,-3.43833333333333,-39.7311111111111,"Compsura heterura","Compsura","Characidae","Characiformes","Teleostei"
701,8,"Tabocas' NPR","freshwater","river",2021,2022,2,-3.43833333333333,-39.7311111111111,"Cichlasoma orientale","Cichlasoma","Cichlidae","Cichliformes","Teleostei"
702,1,"Tabocas' NPR","freshwater","river",2021,2022,2,-3.43833333333333,-39.7311111111111,"Hoplias malabaricus","Hoplias","Erythrinidae","Characiformes","Teleostei"
703,2,"Tabocas' NPR","freshwater","river",2021,2022,2,-3.43833333333333,-39.7311111111111,"Leporinus piau","Leporinus","Anostomidae","Characiformes","Teleostei"
704,5,"Tabocas' NPR","freshwater","river",2021,2022,2,-3.43833333333333,-39.7311111111111,"Oreochromis niloticus","Oreochromis","Cichlidae","Cichliformes","Teleostei"
705,34,"Tabocas' NPR","freshwater","river",2021,2022,2,-3.43833333333333,-39.7311111111111,"Phenacogaster calverti","Phenacogaster","Characidae","Characiformes","Teleostei"
706,1,"Tabocas' NPR","freshwater","river",2021,2022,2,-3.43833333333333,-39.7311111111111,"Psalidodon fasciatus","Psalidodon","Acestrorhamphidae","Characiformes","Teleostei"
707,1,"Tabocas' NPR","freshwater","river",2021,2022,2,-3.43833333333333,-39.7311111111111,"Poecilia vivipara","Poecilia","Poeciliidae","Cyprinodontiformes","Teleostei"
708,13,"Tabocas' NPR","freshwater","river",2021,2022,2,-3.43833333333333,-39.7311111111111,"Serrapinnus heterodon","Serrapinnus","Characidae","Characiformes","Teleostei"
709,7,"Tabocas' NPR","freshwater","river",2021,2022,2,-3.43833333333333,-39.7311111111111,"Steindachnerina notonota","Steindachnerina","Curimatidae","Characiformes","Teleostei"
710,37,"Tabocas' NPR","freshwater","river",2021,2022,2,-3.43833333333333,-39.7311111111111,"Serrapinnus piaba","Serrapinnus","Characidae","Characiformes","Teleostei"
711,1,"Tabocas' NPR","freshwater","river",2021,2022,2,-3.43833333333333,-39.7311111111111,"Astyanax bimaculatus","Astyanax","Acestrorhamphidae","Characiformes","Teleostei"
712,18,"Tabocas' NPR","freshwater","river",2021,2022,2,-3.43833333333333,-39.7311111111111,"Compsura heterura","Compsura","Characidae","Characiformes","Teleostei"
713,2,"Tabocas' NPR","freshwater","river",2021,2022,2,-3.43833333333333,-39.7311111111111,"Cichlasoma orientale","Cichlasoma","Cichlidae","Cichliformes","Teleostei"
714,1,"Tabocas' NPR","freshwater","river",2021,2022,2,-3.43833333333333,-39.7311111111111,"Hoplias malabaricus","Hoplias","Erythrinidae","Characiformes","Teleostei"
715,14,"Tabocas' NPR","freshwater","river",2021,2022,2,-3.43833333333333,-39.7311111111111,"Hemigrammus sp.","Hemigrammus","Acestrorhamphidae","Characiformes","Teleostei"
716,31,"Tabocas' NPR","freshwater","river",2021,2022,2,-3.43833333333333,-39.7311111111111,"Oreochromis niloticus","Oreochromis","Cichlidae","Cichliformes","Teleostei"
717,12,"Tabocas' NPR","freshwater","river",2021,2022,2,-3.43833333333333,-39.7311111111111,"Phenacogaster calverti","Phenacogaster","Characidae","Characiformes","Teleostei"
718,1,"Tabocas' NPR","freshwater","river",2021,2022,2,-3.43833333333333,-39.7311111111111,"Psalidodon fasciatus","Psalidodon","Acestrorhamphidae","Characiformes","Teleostei"
719,1,"Tabocas' NPR","freshwater","river",2021,2022,2,-3.43833333333333,-39.7311111111111,"Poecilia vivipara","Poecilia","Poeciliidae","Cyprinodontiformes","Teleostei"
720,3,"Tabocas' NPR","freshwater","river",2021,2022,2,-3.43833333333333,-39.7311111111111,"Serrapinnus heterodon","Serrapinnus","Characidae","Characiformes","Teleostei"
721,1,"Tabocas' NPR","freshwater","river",2021,2022,2,-3.43833333333333,-39.7311111111111,"Steindachnerina notonota","Steindachnerina","Curimatidae","Characiformes","Teleostei"
722,1,"Tabocas' NPR","freshwater","river",2021,2022,2,-3.43833333333333,-39.7311111111111,"Serrapinnus piaba","Serrapinnus","Characidae","Characiformes","Teleostei"
723,43,"Tabocas' NPR","freshwater","river",2021,2022,2,-3.43833333333333,-39.7311111111111,"Astyanax bimaculatus","Astyanax","Acestrorhamphidae","Characiformes","Teleostei"
724,7,"Tabocas' NPR","freshwater","river",2021,2022,2,-3.43833333333333,-39.7311111111111,"Oreochromis niloticus","Oreochromis","Cichlidae","Cichliformes","Teleostei"
725,5,"Tabocas' NPR","freshwater","river",2021,2022,2,-3.43833333333333,-39.7311111111111,"Poecilia vivipara","Poecilia","Poeciliidae","Cyprinodontiformes","Teleostei"
726,10,"Tabocas' NPR","freshwater","river",2021,2022,2,-3.43833333333333,-39.7311111111111,"Astyanax bimaculatus","Astyanax","Acestrorhamphidae","Characiformes","Teleostei"
727,2,"Tabocas' NPR","freshwater","river",2021,2022,2,-3.43833333333333,-39.7311111111111,"Hoplias malabaricus","Hoplias","Erythrinidae","Characiformes","Teleostei"
728,2,"Tabocas' NPR","freshwater","river",2021,2022,2,-3.43833333333333,-39.7311111111111,"Hypostomus sp.","Hypostomus","Loricariidae","Siluriformes","Teleostei"
729,16,"Tabocas' NPR","freshwater","river",2021,2022,2,-3.43833333333333,-39.7311111111111,"Phenacogaster calverti","Phenacogaster","Characidae","Characiformes","Teleostei"
730,8,"Tabocas' NPR","freshwater","river",2021,2022,2,-3.43833333333333,-39.7311111111111,"Poecilia vivipara","Poecilia","Poeciliidae","Cyprinodontiformes","Teleostei"
731,1,"Tabocas' NPR","freshwater","river",2021,2022,2,-3.43833333333333,-39.7311111111111,"Steindachnerina notonota","Steindachnerina","Curimatidae","Characiformes","Teleostei"
732,11,"Tabocas' NPR","freshwater","river",2021,2022,2,-3.43833333333333,-39.7311111111111,"Serrapinnus piaba","Serrapinnus","Characidae","Characiformes","Teleostei"
733,28,"Tabocas' NPR","freshwater","river",2021,2022,2,-3.43833333333333,-39.7311111111111,"Astyanax bimaculatus","Astyanax","Acestrorhamphidae","Characiformes","Teleostei"
734,1,"Tabocas' NPR","freshwater","river",2021,2022,2,-3.43833333333333,-39.7311111111111,"Characidium bimaculatum","Characidium","Crenuchidae","Characiformes","Teleostei"
735,3,"Tabocas' NPR","freshwater","river",2021,2022,2,-3.43833333333333,-39.7311111111111,"Hoplias malabaricus","Hoplias","Erythrinidae","Characiformes","Teleostei"
736,10,"Tabocas' NPR","freshwater","river",2021,2022,2,-3.43833333333333,-39.7311111111111,"Phenacogaster calverti","Phenacogaster","Characidae","Characiformes","Teleostei"
737,24,"Tabocas' NPR","freshwater","river",2021,2022,2,-3.43833333333333,-39.7311111111111,"Poecilia vivipara","Poecilia","Poeciliidae","Cyprinodontiformes","Teleostei"
738,26,"Tabocas' NPR","freshwater","river",2021,2022,2,-3.43833333333333,-39.7311111111111,"Serrapinnus piaba","Serrapinnus","Characidae","Characiformes","Teleostei"
739,12,"Tabocas' NPR","freshwater","river",2021,2022,2,-3.43833333333333,-39.7311111111111,"Astyanax bimaculatus","Astyanax","Acestrorhamphidae","Characiformes","Teleostei"
740,2,"Tabocas' NPR","freshwater","river",2021,2022,2,-3.43833333333333,-39.7311111111111,"Cichlasoma orientale","Cichlasoma","Cichlidae","Cichliformes","Teleostei"
741,121,"Tabocas' NPR","freshwater","river",2021,2022,2,-3.43833333333333,-39.7311111111111,"Oreochromis niloticus","Oreochromis","Cichlidae","Cichliformes","Teleostei"
742,1,"Tabocas' NPR","freshwater","river",2021,2022,2,-3.43833333333333,-39.7311111111111,"Phenacogaster calverti","Phenacogaster","Characidae","Characiformes","Teleostei"
743,7,"Tabocas' NPR","freshwater","river",2021,2022,2,-3.43833333333333,-39.7311111111111,"Poecilia vivipara","Poecilia","Poeciliidae","Cyprinodontiformes","Teleostei"
744,6,"Tabocas' NPR","freshwater","river",2021,2022,2,-3.43833333333333,-39.7311111111111,"Serrapinnus heterodon","Serrapinnus","Characidae","Characiformes","Teleostei"
745,1,"Tabocas' NPR","freshwater","river",2021,2022,2,-3.43833333333333,-39.7311111111111,"Steindachnerina notonota","Steindachnerina","Curimatidae","Characiformes","Teleostei"
746,36,"Tabocas' NPR","freshwater","river",2021,2022,2,-3.43833333333333,-39.7311111111111,"Serrapinnus piaba","Serrapinnus","Characidae","Characiformes","Teleostei"
747,9,"Tabocas' NPR","freshwater","river",2021,2022,2,-3.43833333333333,-39.7311111111111,"Astyanax bimaculatus","Astyanax","Acestrorhamphidae","Characiformes","Teleostei"
748,2,"Tabocas' NPR","freshwater","river",2021,2022,2,-3.43833333333333,-39.7311111111111,"Psalidodon fasciatus","Psalidodon","Acestrorhamphidae","Characiformes","Teleostei"
749,11,"Tabocas' NPR","freshwater","river",2021,2022,2,-3.43833333333333,-39.7311111111111,"Poecilia vivipara","Poecilia","Poeciliidae","Cyprinodontiformes","Teleostei"
750,7,"Tabocas' NPR","freshwater","river",2021,2022,2,-3.43833333333333,-39.7311111111111,"Serrapinnus heterodon","Serrapinnus","Characidae","Characiformes","Teleostei"
751,4,"Tabocas' NPR","freshwater","river",2021,2022,2,-3.43833333333333,-39.7311111111111,"Steindachnerina notonota","Steindachnerina","Curimatidae","Characiformes","Teleostei"
752,30,"Tabocas' NPR","freshwater","river",2021,2022,2,-3.43833333333333,-39.7311111111111,"Astyanax bimaculatus","Astyanax","Acestrorhamphidae","Characiformes","Teleostei"
753,30,"Tabocas' NPR","freshwater","river",2021,2022,2,-3.43833333333333,-39.7311111111111,"Cichlasoma orientale","Cichlasoma","Cichlidae","Cichliformes","Teleostei"
754,30,"Tabocas' NPR","freshwater","river",2021,2022,2,-3.43833333333333,-39.7311111111111,"Oreochromis niloticus","Oreochromis","Cichlidae","Cichliformes","Teleostei"
755,30,"Tabocas' NPR","freshwater","river",2021,2022,2,-3.43833333333333,-39.7311111111111,"Psalidodon fasciatus","Psalidodon","Acestrorhamphidae","Characiformes","Teleostei"
756,30,"Tabocas' NPR","freshwater","river",2021,2022,2,-3.43833333333333,-39.7311111111111,"Serrapinnus piaba","Serrapinnus","Characidae","Characiformes","Teleostei"
757,14,"Tabocas' NPR","freshwater","river",2021,2022,2,-3.43833333333333,-39.7311111111111,"Hemigrammus sp.","Hemigrammus","Acestrorhamphidae","Characiformes","Teleostei"
758,30,"Tabocas' NPR","freshwater","river",2021,2022,2,-3.43833333333333,-39.7311111111111,"Phenacogaster calverti","Phenacogaster","Characidae","Characiformes","Teleostei"
759,30,"Tabocas' NPR","freshwater","river",2021,2022,2,-3.43833333333333,-39.7311111111111,"Compsura heterura","Compsura","Characidae","Characiformes","Teleostei"
760,30,"Tabocas' NPR","freshwater","river",2021,2022,2,-3.43833333333333,-39.7311111111111,"Hoplias malabaricus","Hoplias","Erythrinidae","Characiformes","Teleostei"
761,30,"Tabocas' NPR","freshwater","river",2021,2022,2,-3.43833333333333,-39.7311111111111,"Serrapinnus heterodon","Serrapinnus","Characidae","Characiformes","Teleostei"
762,30,"Tabocas' NPR","freshwater","river",2021,2022,2,-3.43833333333333,-39.7311111111111,"Characidium bimaculatum","Characidium","Crenuchidae","Characiformes","Teleostei"
763,10,"Tabocas' NPR","freshwater","river",2021,2022,2,-3.43833333333333,-39.7311111111111,"Leporinus piau","Leporinus","Anostomidae","Characiformes","Teleostei"
764,14,"Tabocas' NPR","freshwater","river",2021,2022,2,-3.43833333333333,-39.7311111111111,"Hypostomus sp.","Hypostomus","Loricariidae","Siluriformes","Teleostei"
765,30,"Tabocas' NPR","freshwater","river",2021,2022,2,-3.43833333333333,-39.7311111111111,"Steindachnerina notonota","Steindachnerina","Curimatidae","Characiformes","Teleostei"
766,1,"Tabocas' NPR","freshwater","river",2021,2022,2,-3.43833333333333,-39.7311111111111,"Crenicichla menezesi","Crenicichla","Cichlidae","Cichliformes","Teleostei"
767,2,"Tabocas' NPR","freshwater","river",2021,2022,2,-3.43833333333333,-39.7311111111111,"Poecilia vivipara","Poecilia","Poeciliidae","Cyprinodontiformes","Teleostei"
768,23,"Urucui","freshwater","river",2009,2009,4,-7.21666666666667,-44.5333333333333,"Potamotrygon orbignyi","Potamotrygon","Potamotrygonidae","Myliobatiformes","Elasmobranchii"
769,932,"Reservatorio de Pau dos Ferros","freshwater","river",2012,2012,4,-6.14666666666667,-38.1927777777778,"Curimatella lepidura","Curimatella","Curimatidae","Characiformes","Teleostei"
770,19,"Reservatorio de Pau dos Ferros","freshwater","river",2012,2012,4,-6.14666666666667,-38.1927777777778,"Steindachnerina notonota","Steindachnerina","Curimatidae","Characiformes","Teleostei"
771,132,"Reservatorio de Pau dos Ferros","freshwater","river",2012,2012,4,-6.14666666666667,-38.1927777777778,"Prochilodus brevis","Prochilodus","Prochilodontidae","Characiformes","Teleostei"
772,938,"Reservatorio de Pau dos Ferros","freshwater","river",2012,2012,4,-6.14666666666667,-38.1927777777778,"Astyanax bimaculatus","Astyanax","Acestrorhamphidae","Characiformes","Teleostei"
773,88,"Reservatorio de Pau dos Ferros","freshwater","river",2012,2012,4,-6.14666666666667,-38.1927777777778,"Psalidodon fasciatus","Psalidodon","Acestrorhamphidae","Characiformes","Teleostei"
774,269,"Reservatorio de Pau dos Ferros","freshwater","river",2012,2012,4,-6.14666666666667,-38.1927777777778,"Moenkhausia dichroura","Moenkhausia","Acestrorhamphidae","Characiformes","Teleostei"
775,183,"Reservatorio de Pau dos Ferros","freshwater","river",2012,2012,4,-6.14666666666667,-38.1927777777778,"Leporinus piau","Leporinus","Anostomidae","Characiformes","Teleostei"
776,34,"Reservatorio de Pau dos Ferros","freshwater","river",2012,2012,4,-6.14666666666667,-38.1927777777778,"Leporinus taeniatus","Leporinus","Anostomidae","Characiformes","Teleostei"
777,54,"Reservatorio de Pau dos Ferros","freshwater","river",2012,2012,4,-6.14666666666667,-38.1927777777778,"Megaleporinus elongatus","Megaleporinus","Anostomidae","Characiformes","Teleostei"
778,75,"Reservatorio de Pau dos Ferros","freshwater","river",2012,2012,4,-6.14666666666667,-38.1927777777778,"Hoplias malabaricus","Hoplias","Erythrinidae","Characiformes","Teleostei"
779,217,"Reservatorio de Pau dos Ferros","freshwater","river",2012,2012,4,-6.14666666666667,-38.1927777777778,"Loricariichthys derbyi","Loricariichthys","Loricariidae","Siluriformes","Teleostei"
780,6,"Rio de Contas","freshwater","river",2013,2013,NA,-13.2666666666667,-41.7833333333333,"Apareiodon cf. itapicuruensis","Apareiodon","Parodontidae","Characiformes","Teleostei"
781,52,"Rio de Contas","freshwater","river",2013,2013,NA,-13.2666666666667,-41.7833333333333,"Psalidodon gr. fasciatus","Psalidodon","Acestrorhamphidae","Characiformes","Teleostei"
782,12,"Rio de Contas","freshwater","river",2013,2013,NA,-13.2666666666667,-41.7833333333333,"Astyanax gr. bimaculatus","Astyanax","Acestrorhamphidae","Characiformes","Teleostei"
783,84,"Rio de Contas","freshwater","river",2013,2013,NA,-13.2666666666667,-41.7833333333333,"Deuterodon aff. burgerai","Deuterodon","Acestrorhamphidae","Characiformes","Teleostei"
784,17,"Rio de Contas","freshwater","river",2013,2013,NA,-13.2666666666667,-41.7833333333333,"Cetopsorhamdia sp","Cetopsorhamdia","Heptapteridae","Siluriformes","Teleostei"
785,30,"Rio de Contas","freshwater","river",2013,2013,NA,-13.2666666666667,-41.7833333333333,"Characidium sp1","Characidium","Crenuchidae","Characiformes","Teleostei"
786,35,"Rio de Contas","freshwater","river",2013,2013,NA,-13.2666666666667,-41.7833333333333,"Characidium sp2","Characidium","Crenuchidae","Characiformes","Teleostei"
787,6,"Rio de Contas","freshwater","river",2013,2013,NA,-13.2666666666667,-41.7833333333333,"Cyphocharax pinnilepis","Cyphocharax","Curimatidae","Characiformes","Teleostei"
788,12,"Rio de Contas","freshwater","river",2013,2013,NA,-13.2666666666667,-41.7833333333333,"Geophagus gr. brasiliensis","Geophagus","Cichlidae","Cichliformes","Teleostei"
789,9,"Rio de Contas","freshwater","river",2013,2013,NA,-13.2666666666667,-41.7833333333333,"Hemigrammus marginatus","Hemigrammus","Acestrorhamphidae","Characiformes","Teleostei"
790,11,"Rio de Contas","freshwater","river",2013,2013,NA,-13.2666666666667,-41.7833333333333,"Hoplias gr. malabaricus","Hoplias","Erythrinidae","Characiformes","Teleostei"
791,14,"Rio de Contas","freshwater","river",2013,2013,NA,-13.2666666666667,-41.7833333333333,"Hyphessobrycon brumado","Hyphessobrycon","Acestrorhamphidae","Characiformes","Teleostei"
792,138,"Rio de Contas","freshwater","river",2013,2013,NA,-13.2666666666667,-41.7833333333333,"Hypostomus sp1","Hypostomus","Loricariidae","Siluriformes","Teleostei"
793,28,"Rio de Contas","freshwater","river",2013,2013,NA,-13.2666666666667,-41.7833333333333,"Hypostomus sp2","Hypostomus","Loricariidae","Siluriformes","Teleostei"
794,80,"Rio de Contas","freshwater","river",2013,2013,NA,-13.2666666666667,-41.7833333333333,"Hypostomus sp3","Hypostomus","Loricariidae","Siluriformes","Teleostei"
795,29,"Rio de Contas","freshwater","river",2013,2013,NA,-13.2666666666667,-41.7833333333333,"Pareiorhaphis sp1","Pareiorhaphis","Loricariidae","Siluriformes","Teleostei"
796,97,"Rio de Contas","freshwater","river",2013,2013,NA,-13.2666666666667,-41.7833333333333,"Pareiorhaphis sp2","Pareiorhaphis","Loricariidae","Siluriformes","Teleostei"
797,94,"Rio de Contas","freshwater","river",2013,2013,NA,-13.2666666666667,-41.7833333333333,"Parotocinclus cf. jimi","Parotocinclus","Loricariidae","Siluriformes","Teleostei"
798,37,"Rio de Contas","freshwater","river",2013,2013,NA,-13.2666666666667,-41.7833333333333,"Parotocinclus cristatus","Parotocinclus","Loricariidae","Siluriformes","Teleostei"
799,22,"Rio de Contas","freshwater","river",2013,2013,NA,-13.2666666666667,-41.7833333333333,"Poecilia reticulata","Poecilia","Poeciliidae","Cyprinodontiformes","Teleostei"
800,8,"Rio de Contas","freshwater","river",2013,2013,NA,-13.2666666666667,-41.7833333333333,"Rhamdia gr. quelen","Rhamdia","Heptapteridae","Siluriformes","Teleostei"
801,130,"Rio de Contas","freshwater","river",2013,2013,NA,-13.2666666666667,-41.7833333333333,"Serrapinnus heterodon","Serrapinnus","Characidae","Characiformes","Teleostei"
802,11,"Rio de Contas","freshwater","river",2013,2013,NA,-13.2666666666667,-41.7833333333333,"Serrapinnus piaba","Serrapinnus","Characidae","Characiformes","Teleostei"
803,46,"Rio de Contas","freshwater","river",2013,2013,NA,-13.2666666666667,-41.7833333333333,"Trichomycterus tete","Trichomycterus","Trichomycteridae","Siluriformes","Teleostei"
804,269,"Sobradinho reservoir Sao Francisco Basin, Sao Francisco Basin","freshwater","reservoir",2006,2008,12,-9.69944444444445,-41.4741666666667,"Acestrorhynchus britskii","Acestrorhynchus","Acestrorhynchidae","Characiformes","Teleostei"
805,269,"Sobradinho reservoir Sao Francisco Basin, Sao Francisco Basin","freshwater","reservoir",2006,2008,12,-9.69944444444445,-41.4741666666667,"Acestrorhynchus britskii","Acestrorhynchus","Acestrorhynchidae","Characiformes","Teleostei"
806,269,"Sobradinho reservoir Sao Francisco Basin, Sao Francisco Basin","freshwater","reservoir",2006,2008,12,-9.69944444444445,-41.4741666666667,"Acestrorhynchus britskii","Acestrorhynchus","Acestrorhynchidae","Characiformes","Teleostei"
807,269,"Sobradinho reservoir Sao Francisco Basin, Sao Francisco Basin","freshwater","reservoir",2006,2008,12,-9.69944444444445,-41.4741666666667,"Acestrorhynchus britskii","Acestrorhynchus","Acestrorhynchidae","Characiformes","Teleostei"
808,269,"Sobradinho reservoir Sao Francisco Basin, Sao Francisco Basin","freshwater","reservoir",2006,2008,12,-9.69944444444445,-41.4741666666667,"Acestrorhynchus britskii","Acestrorhynchus","Acestrorhynchidae","Characiformes","Teleostei"
809,269,"Sobradinho reservoir Sao Francisco Basin, Sao Francisco Basin","freshwater","reservoir",2006,2008,12,-9.69944444444445,-41.4741666666667,"Acestrorhynchus britskii","Acestrorhynchus","Acestrorhynchidae","Characiformes","Teleostei"
810,269,"Sobradinho reservoir Sao Francisco Basin, Sao Francisco Basin","freshwater","reservoir",2006,2008,12,-9.69944444444445,-41.4741666666667,"Acestrorhynchus britskii","Acestrorhynchus","Acestrorhynchidae","Characiformes","Teleostei"
811,269,"Sobradinho reservoir Sao Francisco Basin, Sao Francisco Basin","freshwater","reservoir",2006,2008,12,-9.69944444444445,-41.4741666666667,"Acestrorhynchus britskii","Acestrorhynchus","Acestrorhynchidae","Characiformes","Teleostei"
812,269,"Sobradinho reservoir Sao Francisco Basin, Sao Francisco Basin","freshwater","reservoir",2006,2008,12,-9.69944444444445,-41.4741666666667,"Acestrorhynchus britskii","Acestrorhynchus","Acestrorhynchidae","Characiformes","Teleostei"
813,269,"Sobradinho reservoir Sao Francisco Basin, Sao Francisco Basin","freshwater","reservoir",2006,2008,12,-9.69944444444445,-41.4741666666667,"Acestrorhynchus britskii","Acestrorhynchus","Acestrorhynchidae","Characiformes","Teleostei"
814,142,"Sobradinho reservoir Sao Francisco Basin, Sao Francisco Basin","freshwater","reservoir",2006,2008,12,-9.69944444444445,-41.4741666666667,"Acestrorhynchus lacustris","Acestrorhynchus","Acestrorhynchidae","Characiformes","Teleostei"
815,142,"Sobradinho reservoir Sao Francisco Basin, Sao Francisco Basin","freshwater","reservoir",2006,2008,12,-9.69944444444445,-41.4741666666667,"Acestrorhynchus lacustris","Acestrorhynchus","Acestrorhynchidae","Characiformes","Teleostei"
816,142,"Sobradinho reservoir Sao Francisco Basin, Sao Francisco Basin","freshwater","reservoir",2006,2008,12,-9.69944444444445,-41.4741666666667,"Acestrorhynchus lacustris","Acestrorhynchus","Acestrorhynchidae","Characiformes","Teleostei"
817,142,"Sobradinho reservoir Sao Francisco Basin, Sao Francisco Basin","freshwater","reservoir",2006,2008,12,-9.69944444444445,-41.4741666666667,"Acestrorhynchus lacustris","Acestrorhynchus","Acestrorhynchidae","Characiformes","Teleostei"
818,142,"Sobradinho reservoir Sao Francisco Basin, Sao Francisco Basin","freshwater","reservoir",2006,2008,12,-9.69944444444445,-41.4741666666667,"Acestrorhynchus lacustris","Acestrorhynchus","Acestrorhynchidae","Characiformes","Teleostei"
819,142,"Sobradinho reservoir Sao Francisco Basin, Sao Francisco Basin","freshwater","reservoir",2006,2008,12,-9.69944444444445,-41.4741666666667,"Acestrorhynchus lacustris","Acestrorhynchus","Acestrorhynchidae","Characiformes","Teleostei"
820,142,"Sobradinho reservoir Sao Francisco Basin, Sao Francisco Basin","freshwater","reservoir",2006,2008,12,-9.69944444444445,-41.4741666666667,"Acestrorhynchus lacustris","Acestrorhynchus","Acestrorhynchidae","Characiformes","Teleostei"
821,142,"Sobradinho reservoir Sao Francisco Basin, Sao Francisco Basin","freshwater","reservoir",2006,2008,12,-9.69944444444445,-41.4741666666667,"Acestrorhynchus lacustris","Acestrorhynchus","Acestrorhynchidae","Characiformes","Teleostei"
822,322,"Sobradinho reservoir Sao Francisco Basin, Sao Francisco Basin","freshwater","reservoir",2006,2010,24,-9.69944444444445,-41.4741666666667,"Acestrorhynchus britskii","Acestrorhynchus","Acestrorhynchidae","Characiformes","Teleostei"
823,520,"Itaparica reservoir Sao Francisco Basin, Sao Francisco Basin","freshwater","reservoir",2006,2010,24,-8.98222222222222,-38.6630555555556,"Acestrorhynchus britskii","Acestrorhynchus","Acestrorhynchidae","Characiformes","Teleostei"
824,420,"Moxoto reservoir Sao Francisco Basin, Sao Francisco Basin","freshwater","reservoir",2006,2010,24,-9.13361111111111,-38.3144444444444,"Acestrorhynchus britskii","Acestrorhynchus","Acestrorhynchidae","Characiformes","Teleostei"
825,195,"Paulo Afonso I, II, III reservoir Sao Francisco Basin, Sao Francisco Basin","freshwater","reservoir",2006,2010,24,-9.36916666666667,-38.2105555555556,"Acestrorhynchus britskii","Acestrorhynchus","Acestrorhynchidae","Characiformes","Teleostei"
826,202,"Paulo Afonso IV reservoir Sao Francisco Basin, Sao Francisco Basin","freshwater","reservoir",2006,2010,24,-9.42138888888889,-38.24,"Acestrorhynchus britskii","Acestrorhynchus","Acestrorhynchidae","Characiformes","Teleostei"
827,10,"Xingo reservoir Sao Francisco Basin, Sao Francisco Basin","freshwater","reservoir",2006,2010,24,-9.41888888888889,-38.2016666666667,"Acestrorhynchus britskii","Acestrorhynchus","Acestrorhynchidae","Characiformes","Teleostei"
828,988,"Sobradinho reservoir Sao Francisco Basin, Sao Francisco Basin","freshwater","reservoir",2006,2010,24,-9.69944444444445,-41.4741666666667,"Plagioscion squamosissimus","Plagioscion","Sciaenidae","Eupercaria/misc","Teleostei"
829,1263,"Itaparica reservoir Sao Francisco Basin, Sao Francisco Basin","freshwater","reservoir",2006,2010,24,-8.98222222222222,-38.6630555555556,"Plagioscion squamosissimus","Plagioscion","Sciaenidae","Eupercaria/misc","Teleostei"
830,728,"Moxoto reservoir Sao Francisco Basin, Sao Francisco Basin","freshwater","reservoir",2006,2010,24,-9.13361111111111,-38.3144444444444,"Plagioscion squamosissimus","Plagioscion","Sciaenidae","Eupercaria/misc","Teleostei"
831,171,"Paulo Afonso I, II, III reservoir Sao Francisco Basin, Sao Francisco Basin","freshwater","reservoir",2006,2010,24,-9.36916666666667,-38.2105555555556,"Plagioscion squamosissimus","Plagioscion","Sciaenidae","Eupercaria/misc","Teleostei"
832,93,"Paulo Afonso IV reservoir Sao Francisco Basin, Sao Francisco Basin","freshwater","reservoir",2006,2010,24,-9.42138888888889,-38.24,"Plagioscion squamosissimus","Plagioscion","Sciaenidae","Eupercaria/misc","Teleostei"
833,332,"Xingo reservoir Sao Francisco Basin, Sao Francisco Basin","freshwater","reservoir",2006,2010,24,-9.41888888888889,-38.2016666666667,"Plagioscion squamosissimus","Plagioscion","Sciaenidae","Eupercaria/misc","Teleostei"
834,1669,"Sobradinho reservoir Sao Francisco Basin, Sao Francisco Basin","freshwater","reservoir",2006,2010,24,-9.69944444444445,-41.4741666666667,"Acestrorhynchus britskii","Acestrorhynchus","Acestrorhynchidae","Characiformes","Teleostei"
835,1669,"Itaparica reservoir Sao Francisco Basin, Sao Francisco Basin","freshwater","reservoir",2006,2010,24,-8.98222222222222,-38.6630555555556,"Acestrorhynchus britskii","Acestrorhynchus","Acestrorhynchidae","Characiformes","Teleostei"
836,1669,"Moxoto reservoir Sao Francisco Basin, Sao Francisco Basin","freshwater","reservoir",2006,2010,24,-9.13361111111111,-38.3144444444444,"Acestrorhynchus britskii","Acestrorhynchus","Acestrorhynchidae","Characiformes","Teleostei"
837,1669,"Paulo Afonso I, II, III reservoir Sao Francisco Basin, Sao Francisco Basin","freshwater","reservoir",2006,2010,24,-9.36916666666667,-38.2105555555556,"Acestrorhynchus britskii","Acestrorhynchus","Acestrorhynchidae","Characiformes","Teleostei"
838,1669,"Paulo Afonso IV reservoir Sao Francisco Basin, Sao Francisco Basin","freshwater","reservoir",2006,2010,24,-9.42138888888889,-38.24,"Acestrorhynchus britskii","Acestrorhynchus","Acestrorhynchidae","Characiformes","Teleostei"
839,1669,"Xingo reservoir Sao Francisco Basin, Sao Francisco Basin","freshwater","reservoir",2006,2010,24,-9.41888888888889,-38.2016666666667,"Acestrorhynchus britskii","Acestrorhynchus","Acestrorhynchidae","Characiformes","Teleostei"
840,1669,"Sobradinho reservoir Sao Francisco Basin, Sao Francisco Basin","freshwater","reservoir",2006,2010,24,-9.69944444444445,-41.4741666666667,"Acestrorhynchus britskii","Acestrorhynchus","Acestrorhynchidae","Characiformes","Teleostei"
841,1669,"Itaparica reservoir Sao Francisco Basin, Sao Francisco Basin","freshwater","reservoir",2006,2010,24,-8.98222222222222,-38.6630555555556,"Acestrorhynchus britskii","Acestrorhynchus","Acestrorhynchidae","Characiformes","Teleostei"
842,3575,"Moxoto reservoir Sao Francisco Basin, Sao Francisco Basin","freshwater","reservoir",2006,2010,24,-9.13361111111111,-38.3144444444444,"Plagioscion squamosissimus","Plagioscion","Sciaenidae","Eupercaria/misc","Teleostei"
843,3575,"Paulo Afonso I, II, III reservoir Sao Francisco Basin, Sao Francisco Basin","freshwater","reservoir",2006,2010,24,-9.36916666666667,-38.2105555555556,"Plagioscion squamosissimus","Plagioscion","Sciaenidae","Eupercaria/misc","Teleostei"
844,3575,"Paulo Afonso IV reservoir Sao Francisco Basin, Sao Francisco Basin","freshwater","reservoir",2006,2010,24,-9.42138888888889,-38.24,"Plagioscion squamosissimus","Plagioscion","Sciaenidae","Eupercaria/misc","Teleostei"
845,3575,"Xingo reservoir Sao Francisco Basin, Sao Francisco Basin","freshwater","reservoir",2006,2010,24,-9.41888888888889,-38.2016666666667,"Plagioscion squamosissimus","Plagioscion","Sciaenidae","Eupercaria/misc","Teleostei"
846,3575,"Sobradinho reservoir Sao Francisco Basin, Sao Francisco Basin","freshwater","reservoir",2006,2010,24,-9.69944444444445,-41.4741666666667,"Plagioscion squamosissimus","Plagioscion","Sciaenidae","Eupercaria/misc","Teleostei"
847,3575,"Itaparica reservoir Sao Francisco Basin, Sao Francisco Basin","freshwater","reservoir",2006,2010,24,-8.98222222222222,-38.6630555555556,"Plagioscion squamosissimus","Plagioscion","Sciaenidae","Eupercaria/misc","Teleostei"
848,3575,"Moxoto reservoir Sao Francisco Basin, Sao Francisco Basin","freshwater","reservoir",2006,2010,24,-9.13361111111111,-38.3144444444444,"Plagioscion squamosissimus","Plagioscion","Sciaenidae","Eupercaria/misc","Teleostei"
849,3575,"Paulo Afonso I, II, III reservoir Sao Francisco Basin, Sao Francisco Basin","freshwater","reservoir",2006,2010,24,-9.36916666666667,-38.2105555555556,"Plagioscion squamosissimus","Plagioscion","Sciaenidae","Eupercaria/misc","Teleostei"
850,3575,"Paulo Afonso IV reservoir Sao Francisco Basin, Sao Francisco Basin","freshwater","reservoir",2006,2010,24,-9.42138888888889,-38.24,"Plagioscion squamosissimus","Plagioscion","Sciaenidae","Eupercaria/misc","Teleostei"
851,3575,"Xingo reservoir Sao Francisco Basin, Sao Francisco Basin","freshwater","reservoir",2006,2010,24,-9.41888888888889,-38.2016666666667,"Plagioscion squamosissimus","Plagioscion","Sciaenidae","Eupercaria/misc","Teleostei"
852,44,"Umari reservoir, Rio Grande do Norte state","freshwater","reservoir",2013,2013,4,-5.70111111111111,-37.2427777777778,"Astyanax bimaculatus","Astyanax","Acestrorhamphidae","Characiformes","Teleostei"
853,44,"Umari reservoir, Rio Grande do Norte state","freshwater","reservoir",2013,2013,4,-5.70111111111111,-37.2427777777778,"Astyanax bimaculatus","Astyanax","Acestrorhamphidae","Characiformes","Teleostei"
854,44,"Umari reservoir, Rio Grande do Norte state","freshwater","reservoir",2013,2013,4,-5.70111111111111,-37.2427777777778,"Astyanax bimaculatus","Astyanax","Acestrorhamphidae","Characiformes","Teleostei"
855,34,"Umari reservoir, Rio Grande do Norte state","freshwater","reservoir",2013,2013,4,-5.70111111111111,-37.2427777777778,"Triportheus signatus","Triportheus","Triportheidae","Characiformes","Teleostei"
856,34,"Umari reservoir, Rio Grande do Norte state","freshwater","reservoir",2013,2013,4,-5.70111111111111,-37.2427777777778,"Triportheus signatus","Triportheus","Triportheidae","Characiformes","Teleostei"
857,34,"Umari reservoir, Rio Grande do Norte state","freshwater","reservoir",2013,2013,4,-5.70111111111111,-37.2427777777778,"Triportheus signatus","Triportheus","Triportheidae","Characiformes","Teleostei"
858,5,"Umari reservoir, Rio Grande do Norte state","freshwater","reservoir",2013,2013,4,-5.70111111111111,-37.2427777777778,"Moenkhausia dichroura","Moenkhausia","Acestrorhamphidae","Characiformes","Teleostei"
859,9,"Umari reservoir, Rio Grande do Norte state","freshwater","reservoir",2013,2013,4,-5.70111111111111,-37.2427777777778,"Leporinus piau","Leporinus","Anostomidae","Characiformes","Teleostei"
860,9,"Umari reservoir, Rio Grande do Norte state","freshwater","reservoir",2013,2013,4,-5.70111111111111,-37.2427777777778,"Leporinus piau","Leporinus","Anostomidae","Characiformes","Teleostei"
861,9,"Umari reservoir, Rio Grande do Norte state","freshwater","reservoir",2013,2013,4,-5.70111111111111,-37.2427777777778,"Leporinus piau","Leporinus","Anostomidae","Characiformes","Teleostei"
862,9,"Umari reservoir, Rio Grande do Norte state","freshwater","reservoir",2013,2013,4,-5.70111111111111,-37.2427777777778,"Leporinus piau","Leporinus","Anostomidae","Characiformes","Teleostei"
863,101,"Umari reservoir, Rio Grande do Norte state","freshwater","reservoir",2013,2013,4,-5.70111111111111,-37.2427777777778,"Trachelyopterus galeatus","Trachelyopterus","Auchenipteridae","Siluriformes","Teleostei"
864,101,"Umari reservoir, Rio Grande do Norte state","freshwater","reservoir",2013,2013,4,-5.70111111111111,-37.2427777777778,"Trachelyopterus galeatus","Trachelyopterus","Auchenipteridae","Siluriformes","Teleostei"
865,101,"Umari reservoir, Rio Grande do Norte state","freshwater","reservoir",2013,2013,4,-5.70111111111111,-37.2427777777778,"Trachelyopterus galeatus","Trachelyopterus","Auchenipteridae","Siluriformes","Teleostei"
866,101,"Umari reservoir, Rio Grande do Norte state","freshwater","reservoir",2013,2013,4,-5.70111111111111,-37.2427777777778,"Trachelyopterus galeatus","Trachelyopterus","Auchenipteridae","Siluriformes","Teleostei"
867,8,"Umari reservoir, Rio Grande do Norte state","freshwater","reservoir",2013,2013,4,-5.70111111111111,-37.2427777777778,"Hypostomus pusarum","Hypostomus","Loricariidae","Siluriformes","Teleostei"
868,8,"Umari reservoir, Rio Grande do Norte state","freshwater","reservoir",2013,2013,4,-5.70111111111111,-37.2427777777778,"Hypostomus pusarum","Hypostomus","Loricariidae","Siluriformes","Teleostei"
869,8,"Umari reservoir, Rio Grande do Norte state","freshwater","reservoir",2013,2013,4,-5.70111111111111,-37.2427777777778,"Hypostomus pusarum","Hypostomus","Loricariidae","Siluriformes","Teleostei"
870,8,"Umari reservoir, Rio Grande do Norte state","freshwater","reservoir",2013,2013,4,-5.70111111111111,-37.2427777777778,"Hypostomus pusarum","Hypostomus","Loricariidae","Siluriformes","Teleostei"
871,11,"Umari reservoir, Rio Grande do Norte state","freshwater","reservoir",2013,2013,4,-5.70111111111111,-37.2427777777778,"Prochilodus brevis","Prochilodus","Prochilodontidae","Characiformes","Teleostei"
872,11,"Umari reservoir, Rio Grande do Norte state","freshwater","reservoir",2013,2013,4,-5.70111111111111,-37.2427777777778,"Prochilodus brevis","Prochilodus","Prochilodontidae","Characiformes","Teleostei"
873,11,"Umari reservoir, Rio Grande do Norte state","freshwater","reservoir",2013,2013,4,-5.70111111111111,-37.2427777777778,"Prochilodus brevis","Prochilodus","Prochilodontidae","Characiformes","Teleostei"
874,11,"Umari reservoir, Rio Grande do Norte state","freshwater","reservoir",2013,2013,4,-5.70111111111111,-37.2427777777778,"Prochilodus brevis","Prochilodus","Prochilodontidae","Characiformes","Teleostei"
875,5,"Umari reservoir, Rio Grande do Norte state","freshwater","reservoir",2013,2013,4,-5.70111111111111,-37.2427777777778,"Oreochromis niloticus","Oreochromis","Cichlidae","Cichliformes","Teleostei"
876,5,"Umari reservoir, Rio Grande do Norte state","freshwater","reservoir",2013,2013,4,-5.70111111111111,-37.2427777777778,"Oreochromis niloticus","Oreochromis","Cichlidae","Cichliformes","Teleostei"
877,38,"Umari reservoir, Rio Grande do Norte state","freshwater","reservoir",2013,2013,4,-5.70111111111111,-37.2427777777778,"Plagioscion squamosissimus","Plagioscion","Sciaenidae","Eupercaria/misc","Teleostei"
878,38,"Umari reservoir, Rio Grande do Norte state","freshwater","reservoir",2013,2013,4,-5.70111111111111,-37.2427777777778,"Plagioscion squamosissimus","Plagioscion","Sciaenidae","Eupercaria/misc","Teleostei"
879,38,"Umari reservoir, Rio Grande do Norte state","freshwater","reservoir",2013,2013,4,-5.70111111111111,-37.2427777777778,"Plagioscion squamosissimus","Plagioscion","Sciaenidae","Eupercaria/misc","Teleostei"
880,7,"Umari reservoir, Rio Grande do Norte state","freshwater","reservoir",2013,2013,4,-5.70111111111111,-37.2427777777778,"Cichla monoculus","Cichla","Cichlidae","Cichliformes","Teleostei"
881,7,"Umari reservoir, Rio Grande do Norte state","freshwater","reservoir",2013,2013,4,-5.70111111111111,-37.2427777777778,"Cichla monoculus","Cichla","Cichlidae","Cichliformes","Teleostei"
882,7,"Umari reservoir, Rio Grande do Norte state","freshwater","reservoir",2013,2013,4,-5.70111111111111,-37.2427777777778,"Cichla monoculus","Cichla","Cichlidae","Cichliformes","Teleostei"
883,4,"Umari reservoir, Rio Grande do Norte state","freshwater","reservoir",2013,2013,4,-5.70111111111111,-37.2427777777778,"Hoplias gr. malabaricus","Hoplias","Erythrinidae","Characiformes","Teleostei"
884,4,"Umari reservoir, Rio Grande do Norte state","freshwater","reservoir",2013,2013,4,-5.70111111111111,-37.2427777777778,"Hoplias gr. malabaricus","Hoplias","Erythrinidae","Characiformes","Teleostei"
885,4,"Umari reservoir, Rio Grande do Norte state","freshwater","reservoir",2013,2013,4,-5.70111111111111,-37.2427777777778,"Hoplias gr. malabaricus","Hoplias","Erythrinidae","Characiformes","Teleostei"
886,382,"Santa Cruz reservoir, Rio Grande do Norte state","freshwater","reservoir",2011,2014,12,-5.77277777777778,-37.8127777777778,"Plagioscion squamosissimus","Plagioscion","Sciaenidae","Eupercaria/misc","Teleostei"
887,382,"Santa Cruz reservoir, Rio Grande do Norte state","freshwater","reservoir",2011,2014,12,-5.77277777777778,-37.8127777777778,"Plagioscion squamosissimus","Plagioscion","Sciaenidae","Eupercaria/misc","Teleostei"
888,382,"Santa Cruz reservoir, Rio Grande do Norte state","freshwater","reservoir",2011,2014,12,-5.77277777777778,-37.8127777777778,"Plagioscion squamosissimus","Plagioscion","Sciaenidae","Eupercaria/misc","Teleostei"
889,382,"Santa Cruz reservoir, Rio Grande do Norte state","freshwater","reservoir",2011,2014,12,-5.77277777777778,-37.8127777777778,"Plagioscion squamosissimus","Plagioscion","Sciaenidae","Eupercaria/misc","Teleostei"
890,382,"Santa Cruz reservoir, Rio Grande do Norte state","freshwater","reservoir",2011,2014,12,-5.77277777777778,-37.8127777777778,"Plagioscion squamosissimus","Plagioscion","Sciaenidae","Eupercaria/misc","Teleostei"
891,382,"Santa Cruz reservoir, Rio Grande do Norte state","freshwater","reservoir",2011,2014,12,-5.77277777777778,-37.8127777777778,"Plagioscion squamosissimus","Plagioscion","Sciaenidae","Eupercaria/misc","Teleostei"
892,382,"Santa Cruz reservoir, Rio Grande do Norte state","freshwater","reservoir",2011,2014,12,-5.77277777777778,-37.8127777777778,"Plagioscion squamosissimus","Plagioscion","Sciaenidae","Eupercaria/misc","Teleostei"
893,382,"Santa Cruz reservoir, Rio Grande do Norte state","freshwater","reservoir",2011,2014,12,-5.77277777777778,-37.8127777777778,"Plagioscion squamosissimus","Plagioscion","Sciaenidae","Eupercaria/misc","Teleostei"
894,382,"Santa Cruz reservoir, Rio Grande do Norte state","freshwater","reservoir",2011,2014,12,-5.77277777777778,-37.8127777777778,"Plagioscion squamosissimus","Plagioscion","Sciaenidae","Eupercaria/misc","Teleostei"
895,382,"Santa Cruz reservoir, Rio Grande do Norte state","freshwater","reservoir",2011,2014,12,-5.77277777777778,-37.8127777777778,"Plagioscion squamosissimus","Plagioscion","Sciaenidae","Eupercaria/misc","Teleostei"
896,382,"Santa Cruz reservoir, Rio Grande do Norte state","freshwater","reservoir",2011,2014,12,-5.77277777777778,-37.8127777777778,"Plagioscion squamosissimus","Plagioscion","Sciaenidae","Eupercaria/misc","Teleostei"
897,382,"Santa Cruz reservoir, Rio Grande do Norte state","freshwater","reservoir",2011,2014,12,-5.77277777777778,-37.8127777777778,"Plagioscion squamosissimus","Plagioscion","Sciaenidae","Eupercaria/misc","Teleostei"
898,382,"Santa Cruz reservoir, Rio Grande do Norte state","freshwater","reservoir",2011,2014,12,-5.77277777777778,-37.8127777777778,"Plagioscion squamosissimus","Plagioscion","Sciaenidae","Eupercaria/misc","Teleostei"
899,382,"Santa Cruz reservoir, Rio Grande do Norte state","freshwater","reservoir",2011,2014,12,-5.77277777777778,-37.8127777777778,"Plagioscion squamosissimus","Plagioscion","Sciaenidae","Eupercaria/misc","Teleostei"
900,382,"Santa Cruz reservoir, Rio Grande do Norte state","freshwater","reservoir",2011,2014,12,-5.77277777777778,-37.8127777777778,"Plagioscion squamosissimus","Plagioscion","Sciaenidae","Eupercaria/misc","Teleostei"
901,382,"Santa Cruz reservoir, Rio Grande do Norte state","freshwater","reservoir",2011,2014,12,-5.77277777777778,-37.8127777777778,"Plagioscion squamosissimus","Plagioscion","Sciaenidae","Eupercaria/misc","Teleostei"
902,63,"Santa Cruz reservoir, Rio Grande do Norte state","freshwater","reservoir",2013,2013,4,-5.77027777777778,-37.8091666666667,"Trachelyopterus galeatus","Trachelyopterus","Auchenipteridae","Siluriformes","Teleostei"
903,63,"Santa Cruz reservoir, Rio Grande do Norte state","freshwater","reservoir",2013,2013,4,-5.77027777777778,-37.8091666666667,"Trachelyopterus galeatus","Trachelyopterus","Auchenipteridae","Siluriformes","Teleostei"
904,63,"Santa Cruz reservoir, Rio Grande do Norte state","freshwater","reservoir",2013,2013,4,-5.77027777777778,-37.8091666666667,"Trachelyopterus galeatus","Trachelyopterus","Auchenipteridae","Siluriformes","Teleostei"
905,63,"Santa Cruz reservoir, Rio Grande do Norte state","freshwater","reservoir",2013,2013,4,-5.77027777777778,-37.8091666666667,"Trachelyopterus galeatus","Trachelyopterus","Auchenipteridae","Siluriformes","Teleostei"
906,90,"Umari reservoir, Rio Grande do Norte state","freshwater","reservoir",2013,2013,4,-5.70111111111111,-37.2427777777778,"Trachelyopterus galeatus","Trachelyopterus","Auchenipteridae","Siluriformes","Teleostei"
907,90,"Umari reservoir, Rio Grande do Norte state","freshwater","reservoir",2013,2013,4,-5.70111111111111,-37.2427777777778,"Trachelyopterus galeatus","Trachelyopterus","Auchenipteridae","Siluriformes","Teleostei"
908,90,"Umari reservoir, Rio Grande do Norte state","freshwater","reservoir",2013,2013,4,-5.70111111111111,-37.2427777777778,"Trachelyopterus galeatus","Trachelyopterus","Auchenipteridae","Siluriformes","Teleostei"
909,90,"Umari reservoir, Rio Grande do Norte state","freshwater","reservoir",2013,2013,4,-5.70111111111111,-37.2427777777778,"Trachelyopterus galeatus","Trachelyopterus","Auchenipteridae","Siluriformes","Teleostei"
